{2ACACE8D-1DD0-295E-E063-4804A8C0B0EB},131000,2024-02-06 00:00,NG7 6HN,T,N,F,32,,WINDERMERE ROAD,,NOTTINGHAM,CITY OF NOTTINGHAM,CITY OF NOTTINGHAM,B,A
{25E9DA80-90EE-555E-E063-4704A8C066F2},426400,2024-09-23 00:00,CF24 3QY,S,N,F,74,,PARTRIDGE ROAD,,CARDIFF,CARDIFF,CARDIFF,A,A
{25E9DA81-355F-555E-E063-4704A8C066F2},242000,2024-09-13 00:00,NG7 2BU,T,N,F,11,,ELMSTHORPE AVENUE,,NOTTINGHAM,CITY OF NOTTINGHAM,CITY OF NOTTINGHAM,A,A
{25E9DA81-3574-555E-E063-4704A8C066F2},193000,2024-09-26 00:00,NG7 2FR,S,N,F,12,,MIRBERRY MEWS,,NOTTINGHAM,CITY OF NOTTINGHAM,CITY OF NOTTINGHAM,A,A
{25E9DA81-3578-555E-E063-4704A8C066F2},930000,2024-09-30 00:00,NG7 1BN,S,N,F,TUNNEL LODGE,,TUNNEL ROAD,,NOTTINGHAM,CITY OF NOTTINGHAM,CITY OF NOTTINGHAM,A,A
{25E9DA81-378B-555E-E063-4704A8C066F2},168000,2024-07-26 00:00,NG7 4DN,F,N,L,RALEIGH SQUARE,FLAT 94,RALEIGH STREET,,NOTTINGHAM,CITY OF NOTTINGHAM,CITY OF NOTTINGHAM,A,A
{1EAE3DF7-8289-9EB1-E063-4704A8C09D02},225000,2024-03-01 00:00,LS6 1JJ,T,N,F,72,,ROYAL PARK ROAD,,LEEDS,LEEDS,WEST YORKSHIRE,B,A
{25E9DA80-911E-555E-E063-4704A8C066F2},130000,2024-04-29 00:00,CF24 0HS,F,N,L,21,,WINDSOR MEWS,,CARDIFF,CARDIFF,CARDIFF,A,A
{1EAE3DF7-7C85-9EB1-E063-4704A8C09D02},110000,2024-06-24 00:00,NE6 2LL,O,N,F,67 - 69,,MONKCHESTER ROAD,,NEWCASTLE UPON TYNE,NEWCASTLE UPON TYNE,TYNE AND WEAR,B,A
{1EAE3DF7-7C91-9EB1-E063-4704A8C09D02},235000,2024-03-14 00:00,CF24 4DE,T,N,F,24,,RHYMNEY TERRACE,,CARDIFF,CARDIFF,CARDIFF,B,A
{25E9DA81-3B4A-555E-E063-4704A8C066F2},130000,2024-09-05 00:00,NG7 6PW,T,N,F,7,,LESLIE AVENUE,,NOTTINGHAM,CITY OF NOTTINGHAM,CITY OF NOTTINGHAM,A,A
{1EAE3DF7-82A5-9EB1-E063-4704A8C09D02},440000,2024-06-05 00:00,LS6 1DT,T,N,F,6,,NORWOOD GROVE,,LEEDS,LEEDS,WEST YORKSHIRE,B,A
{1EAE3DF7-82AD-9EB1-E063-4704A8C09D02},325000,2024-03-26 00:00,LS6 2HP,T,N,F,3,,CLIFF MOUNT,,LEEDS,LEEDS,WEST YORKSHIRE,B,A
{1EAE3DF7-82AE-9EB1-E063-4704A8C09D02},330000,2024-06-13 00:00,LS6 2HQ,T,N,F,50,,DELPH LANE,,LEEDS,LEEDS,WEST YORKSHIRE,B,A
{2ACACE8D-1C26-295E-E063-4804A8C0B0EB},212000,2024-11-15 00:00,NG7 7GU,S,N,F,5,,CHARD STREET,,NOTTINGHAM,CITY OF NOTTINGHAM,CITY OF NOTTINGHAM,A,A
{2ACACE8D-1C36-295E-E063-4804A8C0B0EB},123000,2024-03-22 00:00,NG7 7EQ,T,N,F,19,,DURNFORD STREET,,NOTTINGHAM,CITY OF NOTTINGHAM,CITY OF NOTTINGHAM,B,A
{1EAE3DF7-7CA0-9EB1-E063-4704A8C09D02},210000,2024-05-21 00:00,CF24 2ER,T,N,F,17,,ABERDOVEY STREET,,CARDIFF,CARDIFF,CARDIFF,B,A
{1EAE3DF7-7CA1-9EB1-E063-4704A8C09D02},252000,2024-01-24 00:00,CF24 4QD,T,N,F,57,,MALEFANT STREET,,CARDIFF,CARDIFF,CARDIFF,B,A
{1EAE3DF7-7CA2-9EB1-E063-4704A8C09D02},425000,2024-07-01 00:00,CF24 4LN,T,N,F,100,,LISVANE STREET,,CARDIFF,CARDIFF,CARDIFF,B,A
{1EAE3DF7-7CBF-9EB1-E063-4704A8C09D02},300000,2024-06-05 00:00,CF24 4DL,T,N,F,145,,RHYMNEY STREET,,CARDIFF,CARDIFF,CARDIFF,B,A
{1EAE3DF7-7CC0-9EB1-E063-4704A8C09D02},225000,2024-02-21 00:00,CF24 1QA,T,N,F,43,,EMERALD STREET,,CARDIFF,CARDIFF,CARDIFF,B,A
{1EAE3DF7-7CC7-9EB1-E063-4704A8C09D02},275000,2024-06-05 00:00,CF24 4TF,T,N,F,121,,MOY ROAD,ROATH,CARDIFF,CARDIFF,CARDIFF,B,A
{25E9DA81-37CB-555E-E063-4704A8C066F2},109000,2024-10-09 00:00,NG7 3PS,T,N,F,227,,DENMAN STREET,,NOTTINGHAM,CITY OF NOTTINGHAM,CITY OF NOTTINGHAM,A,A
{2ACACE8D-20D9-295E-E063-4804A8C0B0EB},800000,2024-02-01 00:00,NG7 1BU,D,N,F,MAREDO,,CLARE VALLEY,,NOTTINGHAM,CITY OF NOTTINGHAM,CITY OF NOTTINGHAM,A,A
{1EAE3DF7-82E5-9EB1-E063-4704A8C09D02},280000,2024-05-10 00:00,LS6 1LR,T,N,F,9,,BEAMSLEY MOUNT,,LEEDS,LEEDS,WEST YORKSHIRE,B,A
{25E9DA80-8F27-555E-E063-4704A8C066F2},120000,2024-09-17 00:00,CF24 3PY,F,N,L,100,FLAT 1,CONNAUGHT ROAD,,CARDIFF,CARDIFF,CARDIFF,A,A
{1EAE3DF7-7CD3-9EB1-E063-4704A8C09D02},265000,2024-04-11 00:00,CF24 4RS,T,N,F,142,,MACKINTOSH PLACE,,CARDIFF,CARDIFF,CARDIFF,B,A
{2ACACE8D-1E4C-295E-E063-4804A8C0B0EB},172000,2024-12-13 00:00,NG7 7EX,F,N,L,"RADFORD COURT, 632",APARTMENT 7,RADFORD ROAD,,NOTTINGHAM,CITY OF NOTTINGHAM,CITY OF NOTTINGHAM,A,A
{25E9DA81-35E6-555E-E063-4704A8C066F2},65000,2024-09-27 00:00,NG7 5RU,F,N,L,1,,SMITE COURT,,NOTTINGHAM,CITY OF NOTTINGHAM,CITY OF NOTTINGHAM,A,A
{25E9DA81-380F-555E-E063-4704A8C066F2},55000,2024-09-16 00:00,NG7 7JJ,F,N,L,"BASFORD MILL, 15",FLAT 3,EGYPT ROAD,,NOTTINGHAM,CITY OF NOTTINGHAM,CITY OF NOTTINGHAM,A,A
{25E9DA81-3BAC-555E-E063-4704A8C066F2},160000,2024-09-06 00:00,NG7 6PX,T,N,F,111,,HARCOURT ROAD,,NOTTINGHAM,CITY OF NOTTINGHAM,CITY OF NOTTINGHAM,A,A
{25E9DA81-3BAD-555E-E063-4704A8C066F2},250000,2024-09-27 00:00,NG7 1JS,S,N,F,23,,ROLLESTON DRIVE,,NOTTINGHAM,CITY OF NOTTINGHAM,CITY OF NOTTINGHAM,A,A
{1EAE3DF7-7CFD-9EB1-E063-4704A8C09D02},290000,2024-06-12 00:00,CF24 2DQ,T,N,F,17,,CARLISLE STREET,,CARDIFF,CARDIFF,CARDIFF,B,A
{1EAE3DF7-7CFF-9EB1-E063-4704A8C09D02},189000,2024-03-25 00:00,CF24 2LW,T,N,F,11,,HORWOOD CLOSE,,CARDIFF,CARDIFF,CARDIFF,B,A
{1EAE3DF7-7D11-9EB1-E063-4704A8C09D02},290000,2024-03-01 00:00,CF24 3QS,O,N,F,61,,ELM STREET,,CARDIFF,CARDIFF,CARDIFF,B,A
{1EAE3DF7-8337-9EB1-E063-4704A8C09D02},180000,2024-07-01 00:00,LS6 2LD,T,N,F,11,,HARTLEY GROVE,,LEEDS,LEEDS,WEST YORKSHIRE,B,A
{25E9DA81-3407-555E-E063-4704A8C066F2},150000,2024-02-15 00:00,NG7 1SN,T,N,F,7,,MAXWELL CLOSE,,NOTTINGHAM,CITY OF NOTTINGHAM,CITY OF NOTTINGHAM,A,A
{25E9DA81-3603-555E-E063-4704A8C066F2},130000,2024-10-03 00:00,NG7 7ER,T,N,F,35,,ISANDULA ROAD,,NOTTINGHAM,CITY OF NOTTINGHAM,CITY OF NOTTINGHAM,A,A
{25E9DA81-3827-555E-E063-4704A8C066F2},142500,2024-09-26 00:00,NG7 6NB,F,N,L,"THE RIDGE, 139",APARTMENT 15,FOXHALL ROAD,,NOTTINGHAM,CITY OF NOTTINGHAM,CITY OF NOTTINGHAM,A,A
{25E9DA81-382D-555E-E063-4704A8C066F2},289000,2024-10-11 00:00,NG7 2TP,T,N,F,28,,NAZARETH ROAD,,NOTTINGHAM,CITY OF NOTTINGHAM,CITY OF NOTTINGHAM,A,A
{2ACACE8D-1E9B-295E-E063-4804A8C0B0EB},155000,2024-12-06 00:00,NG7 6NS,T,N,F,68,,CEDAR ROAD,,NOTTINGHAM,CITY OF NOTTINGHAM,CITY OF NOTTINGHAM,A,A
{1EAE3DF7-7D1F-9EB1-E063-4704A8C09D02},211000,2024-05-10 00:00,CF24 0JZ,T,N,F,52,,METAL STREET,,CARDIFF,CARDIFF,CARDIFF,B,A
{1EAE3DF7-8345-9EB1-E063-4704A8C09D02},185000,2024-02-21 00:00,LS6 1PL,T,N,F,35,,HAROLD STREET,,LEEDS,LEEDS,WEST YORKSHIRE,B,A
{25E9DA80-8F8B-555E-E063-4704A8C066F2},305000,2024-10-15 00:00,CF24 2DN,T,N,F,98,,MARION STREET,,CARDIFF,CARDIFF,CARDIFF,A,A
{25E9DA80-8FA2-555E-E063-4704A8C066F2},185000,2024-09-25 00:00,CF24 1DN,F,N,L,228B,,NEWPORT ROAD,,CARDIFF,CARDIFF,CARDIFF,A,A
{25E9DA81-3415-555E-E063-4704A8C066F2},200000,2024-01-20 00:00,NG7 7LJ,T,N,F,31,,BEECH AVENUE,NEW BASFORD,NOTTINGHAM,CITY OF NOTTINGHAM,CITY OF NOTTINGHAM,A,A
{2ACACE8D-1CB8-295E-E063-4804A8C0B0EB},130000,2024-11-28 00:00,NG7 4DP,F,N,L,15,FLAT 2,ALL SAINTS STREET,,NOTTINGHAM,CITY OF NOTTINGHAM,CITY OF NOTTINGHAM,A,A
{25E9DA81-3856-555E-E063-4704A8C066F2},110000,2024-06-28 00:00,NG7 5AA,T,N,L,6,,CAULTON STREET,,NOTTINGHAM,CITY OF NOTTINGHAM,CITY OF NOTTINGHAM,A,A
{2ACACE8D-1EBE-295E-E063-4804A8C0B0EB},178000,2024-11-22 00:00,NG7 1GA,F,N,L,17,,KINGFISHER WHARF,,NOTTINGHAM,CITY OF NOTTINGHAM,CITY OF NOTTINGHAM,A,A
{1EAE3DF7-8372-9EB1-E063-4704A8C09D02},268150,2024-03-27 00:00,LS6 3DQ,T,N,F,12,,BROOMFIELD TERRACE,,LEEDS,LEEDS,WEST YORKSHIRE,B,A
{1EAE3DF7-8373-9EB1-E063-4704A8C09D02},230000,2024-07-01 00:00,LS6 4AX,S,N,F,7,,BENTLEY PARADE,,LEEDS,LEEDS,WEST YORKSHIRE,B,A
{25E9DA80-91EB-555E-E063-4704A8C066F2},238000,2024-09-23 00:00,CF24 2BD,T,N,F,26,,JANET STREET,,CARDIFF,CARDIFF,CARDIFF,A,A
{25E9DA81-3445-555E-E063-4704A8C066F2},200000,2024-10-11 00:00,NG7 5JH,S,N,F,103,,GREGORY BOULEVARD,,NOTTINGHAM,CITY OF NOTTINGHAM,CITY OF NOTTINGHAM,A,A
{25E9DA81-344B-555E-E063-4704A8C066F2},185000,2024-07-02 00:00,NG7 6HW,S,N,F,169,,STANLEY ROAD,FOREST FIELDS,NOTTINGHAM,CITY OF NOTTINGHAM,CITY OF NOTTINGHAM,A,A
{25E9DA81-3653-555E-E063-4704A8C066F2},110000,2024-10-17 00:00,NG7 5NQ,S,N,F,4,,DARLEY AVENUE,,NOTTINGHAM,CITY OF NOTTINGHAM,CITY OF NOTTINGHAM,A,A
{25E9DA81-365D-555E-E063-4704A8C066F2},405000,2024-10-11 00:00,NG7 1ER,T,N,F,2,,FIENNES CRESCENT,,NOTTINGHAM,CITY OF NOTTINGHAM,CITY OF NOTTINGHAM,A,A
{25E9DA81-3469-555E-E063-4704A8C066F2},129000,2024-10-11 00:00,NG7 6FY,T,N,F,28,,BELTON STREET,,NOTTINGHAM,CITY OF NOTTINGHAM,CITY OF NOTTINGHAM,A,A
{25E9DA81-3673-555E-E063-4704A8C066F2},126000,2024-10-02 00:00,NG7 5LJ,T,N,F,36,,BRUSHFIELD STREET,,NOTTINGHAM,CITY OF NOTTINGHAM,CITY OF NOTTINGHAM,A,A
{25E9DA81-388D-555E-E063-4704A8C066F2},135000,2024-10-11 00:00,NG7 5LB,T,N,F,72,,HAZELWOOD ROAD,,NOTTINGHAM,CITY OF NOTTINGHAM,CITY OF NOTTINGHAM,A,A
{25E9DA81-389B-555E-E063-4704A8C066F2},290000,2024-05-24 00:00,NG7 1AF,F,N,L,"BROADGATE, 2",FLAT 4,WESTERN TERRACE,THE PARK,NOTTINGHAM,CITY OF NOTTINGHAM,CITY OF NOTTINGHAM,A,A
{1EAE3DF7-7DBC-9EB1-E063-4704A8C09D02},300000,2024-05-29 00:00,CF24 4ND,O,N,F,45A,,CRWYS ROAD,,CARDIFF,CARDIFF,CARDIFF,B,A
{25E9DA80-8FFA-555E-E063-4704A8C066F2},284000,2024-09-09 00:00,CF24 2EF,S,N,F,39,,HIND CLOSE,,CARDIFF,CARDIFF,CARDIFF,A,A
{25E9DA81-348A-555E-E063-4704A8C066F2},239000,2024-10-25 00:00,NG7 7AJ,S,N,F,97,,NOTTINGHAM ROAD,,NOTTINGHAM,CITY OF NOTTINGHAM,CITY OF NOTTINGHAM,A,A
{25E9DA81-38AA-555E-E063-4704A8C066F2},180000,2024-09-27 00:00,NG7 1TL,F,N,L,15,,PLOVER WHARF,CASTLE MARINA,NOTTINGHAM,CITY OF NOTTINGHAM,CITY OF NOTTINGHAM,A,A
{25E9DA81-38B4-555E-E063-4704A8C066F2},172000,2024-07-12 00:00,NG7 1GF,F,N,L,3,,HERON WHARF,CASTLE MARINA,NOTTINGHAM,CITY OF NOTTINGHAM,CITY OF NOTTINGHAM,A,A
{25E9DA81-34B1-555E-E063-4704A8C066F2},92000,2024-09-30 00:00,NG7 5LL,T,N,F,87,,BRUSHFIELD STREET,,NOTTINGHAM,CITY OF NOTTINGHAM,CITY OF NOTTINGHAM,A,A
{25E9DA81-36C0-555E-E063-4704A8C066F2},365000,2024-10-11 00:00,NG7 6JB,D,N,F,7,,FOURTH AVENUE,,NOTTINGHAM,CITY OF NOTTINGHAM,CITY OF NOTTINGHAM,A,A
{1EAE3DF7-7B3F-9EB1-E063-4704A8C09D02},125000,2024-06-28 00:00,NE6 4BY,T,N,F,160,,MIDDLE STREET,,NEWCASTLE UPON TYNE,NEWCASTLE UPON TYNE,TYNE AND WEAR,B,A
{1EAE3DF7-7B56-9EB1-E063-4704A8C09D02},93466,2024-06-19 00:00,NE6 4JL,F,N,L,635,,WELBECK ROAD,,NEWCASTLE UPON TYNE,NEWCASTLE UPON TYNE,TYNE AND WEAR,B,A
{1EAE3DF7-7B57-9EB1-E063-4704A8C09D02},210000,2024-06-10 00:00,NE6 4RR,O,N,F,160,,WHINNEYFIELD ROAD,,NEWCASTLE UPON TYNE,NEWCASTLE UPON TYNE,TYNE AND WEAR,B,A
{25E9DA81-36E8-555E-E063-4704A8C066F2},205000,2024-01-10 00:00,NG7 7AG,S,N,F,83,,CENTRAL AVENUE,NEW BASFORD,NOTTINGHAM,CITY OF NOTTINGHAM,CITY OF NOTTINGHAM,A,A
{25E9DA80-928A-555E-E063-4704A8C066F2},130000,2024-05-02 00:00,CF24 1DU,F,N,L,38,SECOND FLOOR FLAT,STACEY ROAD,,CARDIFF,CARDIFF,CARDIFF,A,A
{25E9DA80-929F-555E-E063-4704A8C066F2},115000,2024-08-30 00:00,CF24 3DF,F,N,L,PENFORD COURT,7,PENLLINE STREET,,CARDIFF,CARDIFF,CARDIFF,A,A
{1EAE3DF7-7B58-9EB1-E063-4704A8C09D02},184500,2024-05-10 00:00,NE6 5BX,O,N,F,3,,HARTFORD STREET,,NEWCASTLE UPON TYNE,NEWCASTLE UPON TYNE,TYNE AND WEAR,B,A
{1EAE3DF7-8463-9EB1-E063-4704A8C09D02},240000,2024-03-01 00:00,LS6 3LD,S,N,F,8,,ASH GARDENS,,LEEDS,LEEDS,WEST YORKSHIRE,B,A
{25E9DA81-34DC-555E-E063-4704A8C066F2},100000,2024-07-11 00:00,NG7 7NB,T,N,F,20,,FALCON GROVE,,NOTTINGHAM,CITY OF NOTTINGHAM,CITY OF NOTTINGHAM,A,A
{25E9DA81-34E0-555E-E063-4704A8C066F2},174000,2024-10-04 00:00,NG7 6AY,T,N,F,133,,BURFORD ROAD,,NOTTINGHAM,CITY OF NOTTINGHAM,CITY OF NOTTINGHAM,A,A
{25E9DA81-36F0-555E-E063-4704A8C066F2},180000,2024-09-13 00:00,NG7 6AR,S,N,F,209,,NOEL STREET,,NOTTINGHAM,CITY OF NOTTINGHAM,CITY OF NOTTINGHAM,A,A
{25E9DA80-92A7-555E-E063-4704A8C066F2},117500,2024-07-18 00:00,CF24 2ES,F,N,L,12A,,SINGLETON ROAD,,CARDIFF,CARDIFF,CARDIFF,A,A
{25E9DA80-92AB-555E-E063-4704A8C066F2},225000,2024-10-03 00:00,CF24 4LL,T,N,F,60,,LISVANE STREET,,CARDIFF,CARDIFF,CARDIFF,A,A
{25E9DA80-92B1-555E-E063-4704A8C066F2},145000,2024-09-30 00:00,CF24 3PU,F,N,L,42,FIRST FLOOR FRONT FLAT,CONNAUGHT ROAD,,CARDIFF,CARDIFF,CARDIFF,A,A
{2ACACE8D-1D7B-295E-E063-4804A8C0B0EB},237000,2024-10-31 00:00,NG7 2DG,S,N,F,102,,HERON DRIVE,LENTON,NOTTINGHAM,CITY OF NOTTINGHAM,CITY OF NOTTINGHAM,A,A
{2ACACE8D-1D83-295E-E063-4804A8C0B0EB},155000,2024-11-01 00:00,NG7 5QW,T,N,F,56,,GRIMSTON ROAD,,NOTTINGHAM,CITY OF NOTTINGHAM,CITY OF NOTTINGHAM,A,A
{1EAE3DF7-7BA0-9EB1-E063-4704A8C09D02},163000,2024-03-01 00:00,NE6 5XX,T,N,F,36,,NINTH AVENUE,,NEWCASTLE UPON TYNE,NEWCASTLE UPON TYNE,TYNE AND WEAR,B,A
{1EAE3DF7-7BA2-9EB1-E063-4704A8C09D02},130000,2024-03-08 00:00,NE6 4QU,S,N,F,3,,PEMBROKE AVENUE,,NEWCASTLE UPON TYNE,NEWCASTLE UPON TYNE,TYNE AND WEAR,B,A
{1EAE3DF7-7BA4-9EB1-E063-4704A8C09D02},70000,2024-06-21 00:00,NE6 3AH,T,N,F,1,,COWEN STREET,,NEWCASTLE UPON TYNE,NEWCASTLE UPON TYNE,TYNE AND WEAR,B,A
{1EAE3DF7-8476-9EB1-E063-4704A8C09D02},205000,2024-02-28 00:00,LS6 3FB,O,N,L,"VICTORIA COURT, 224",4,KIRKSTALL LANE,,LEEDS,LEEDS,WEST YORKSHIRE,B,A
{1EAE3DF7-8486-9EB1-E063-4704A8C09D02},335000,2024-07-08 00:00,LS6 2DE,S,N,F,28,,SHIRE OAK ROAD,,LEEDS,LEEDS,WEST YORKSHIRE,B,A
{25E9DA81-392C-555E-E063-4704A8C066F2},300000,2024-10-23 00:00,NG7 1FH,D,N,F,6,,ALEXANDER ROAD,,NOTTINGHAM,CITY OF NOTTINGHAM,CITY OF NOTTINGHAM,A,A
{25E9DA81-3938-555E-E063-4704A8C066F2},365000,2024-09-30 00:00,NG7 1EZ,F,N,L,PARK EDGE,FLAT 15,BARRACK LANE,,NOTTINGHAM,CITY OF NOTTINGHAM,CITY OF NOTTINGHAM,A,A
{25E9DA80-92DF-555E-E063-4704A8C066F2},256000,2024-05-23 00:00,CF24 4LG,T,N,F,38,,BRITHDIR STREET,,CARDIFF,CARDIFF,CARDIFF,A,A
{2ACACE8D-1D95-295E-E063-4804A8C0B0EB},118000,2024-08-15 00:00,NG7 3FE,S,N,F,17,,CLAPHAM STREET,,NOTTINGHAM,CITY OF NOTTINGHAM,CITY OF NOTTINGHAM,A,A
{2ACACE8D-1D97-295E-E063-4804A8C0B0EB},180000,2024-11-22 00:00,NG7 5LS,T,N,F,272,,ALFRETON ROAD,,NOTTINGHAM,CITY OF NOTTINGHAM,CITY OF NOTTINGHAM,A,A
{1EAE3DF7-7BC8-9EB1-E063-4704A8C09D02},115000,2024-03-14 00:00,NE6 5SQ,F,N,F,94,,ADDYCOMBE TERRACE,,NEWCASTLE UPON TYNE,NEWCASTLE UPON TYNE,TYNE AND WEAR,B,A
{1EAE3DF7-8539-9EB1-E063-4704A8C09D02},62000,2024-07-03 00:00,LS6 2FD,F,N,L,TRINITY HALL,FLAT 30,HOLBORN APPROACH,,LEEDS,LEEDS,WEST YORKSHIRE,B,A
{25E9DA81-374C-555E-E063-4704A8C066F2},147500,2024-09-27 00:00,NG7 7FG,F,N,L,"THE RAFTERS, 576",4,RADFORD ROAD,,NOTTINGHAM,CITY OF NOTTINGHAM,CITY OF NOTTINGHAM,A,A
{2ACACE8C-D4EB-295E-E063-4804A8C0B0EB},245000,2024-11-29 00:00,M1 4AB,F,N,L,"THE ARTHOUSE, 43",APARTMENT 306,GEORGE STREET,,MANCHESTER,MANCHESTER,GREATER MANCHESTER,A,A
{25E9DA81-3555-555E-E063-4704A8C066F2},71000,2024-01-15 00:00,NG7 1HD,F,N,L,115,,ALDERNEY STREET,,NOTTINGHAM,CITY OF NOTTINGHAM,CITY OF NOTTINGHAM,A,A
{25E9DA80-90CC-555E-E063-4704A8C066F2},319000,2024-06-07 00:00,CF24 2LF,T,N,F,45,,MOORLAND ROAD,,CARDIFF,CARDIFF,CARDIFF,A,A
{25E9DA80-9480-555E-E063-4704A8C066F2},130000,2024-07-12 00:00,CF24 1NW,F,N,L,55,FLAT 1,CECIL STREET,ROATH,CARDIFF,CARDIFF,CARDIFF,A,A
{25E9DA81-3997-555E-E063-4704A8C066F2},159000,2024-09-20 00:00,NG7 2JW,D,N,F,24,,MONTPELIER ROAD,,NOTTINGHAM,CITY OF NOTTINGHAM,CITY OF NOTTINGHAM,A,A
{1EAE3DF7-7C11-9EB1-E063-4704A8C09D02},46000,2024-06-04 00:00,NE6 5HP,F,N,L,174,,HEATON ROAD,,NEWCASTLE UPON TYNE,NEWCASTLE UPON TYNE,TYNE AND WEAR,B,A
{25E9DA81-8635-555E-E063-4704A8C066F2},315000,2024-07-19 00:00,NE6 5HX,T,N,F,27,,MUNDELLA TERRACE,,NEWCASTLE UPON TYNE,NEWCASTLE UPON TYNE,TYNE AND WEAR,A,A
{25E9DA81-885D-555E-E063-4704A8C066F2},348000,2024-09-26 00:00,NE6 5TX,T,N,F,80,,RAVENSWOOD ROAD,,NEWCASTLE UPON TYNE,NEWCASTLE UPON TYNE,TYNE AND WEAR,A,A
{25E9DA81-886D-555E-E063-4704A8C066F2},240000,2024-01-12 00:00,NE6 5SN,T,N,F,101,,BIDDLESTONE ROAD,HEATON,NEWCASTLE UPON TYNE,NEWCASTLE UPON TYNE,TYNE AND WEAR,A,A
{25E9DA81-8875-555E-E063-4704A8C066F2},125000,2024-09-18 00:00,NE6 1RJ,F,N,L,22,,RODNEY STREET,,NEWCASTLE UPON TYNE,NEWCASTLE UPON TYNE,TYNE AND WEAR,A,A
{25E9DA81-8BA1-555E-E063-4704A8C066F2},240000,2024-04-26 00:00,CF24 3LT,T,N,F,8,,ESSICH STREET,,CARDIFF,CARDIFF,CARDIFF,A,A
{25E9DA81-8BA4-555E-E063-4704A8C066F2},230000,2024-08-02 00:00,CF24 2SJ,S,N,F,16,,MUIRTON ROAD,,CARDIFF,CARDIFF,CARDIFF,A,A
{25E9DA81-8BB5-555E-E063-4704A8C066F2},256700,2024-07-19 00:00,CF24 4JY,T,N,F,7,,CWMDARE STREET,,CARDIFF,CARDIFF,CARDIFF,A,A
{25E9DA81-8BB6-555E-E063-4704A8C066F2},410000,2024-07-12 00:00,CF24 4LP,T,N,F,1,,COSMESTON STREET,,CARDIFF,CARDIFF,CARDIFF,A,A
{25E9DA81-9055-555E-E063-4704A8C066F2},242500,2024-09-20 00:00,CF24 2BL,T,N,F,76,,ADELINE STREET,,CARDIFF,CARDIFF,CARDIFF,A,A
{2131FCF5-FF02-86E8-E063-4804A8C0372B},199950,2024-08-02 00:00,M1 3AB,F,N,L,"BOMBAY HOUSE, 59",FLAT 9,WHITWORTH STREET,,MANCHESTER,MANCHESTER,GREATER MANCHESTER,A,A
{25E9DA81-8649-555E-E063-4704A8C066F2},233000,2024-10-15 00:00,NE6 1TW,F,N,L,27,,ST PETERS WHARF,,NEWCASTLE UPON TYNE,NEWCASTLE UPON TYNE,TYNE AND WEAR,A,A
{25E9DA81-865C-555E-E063-4704A8C066F2},108000,2024-08-23 00:00,NE6 4JL,F,N,L,655,,WELBECK ROAD,,NEWCASTLE UPON TYNE,NEWCASTLE UPON TYNE,TYNE AND WEAR,A,A
{25E9DA81-8886-555E-E063-4704A8C066F2},139500,2024-07-18 00:00,NE6 5DY,F,N,L,182,,TREWHITT ROAD,,NEWCASTLE UPON TYNE,NEWCASTLE UPON TYNE,TYNE AND WEAR,A,A
{25E9DA81-8BD8-555E-E063-4704A8C066F2},250000,2024-06-28 00:00,CF24 3EJ,T,N,F,18,,TALWORTH STREET,ROATH,CARDIFF,CARDIFF,CARDIFF,A,A
{25E9DA80-F4D2-555E-E063-4704A8C066F2},173000,2024-07-18 00:00,L15 4HX,T,N,F,53,,SOUTHDALE ROAD,,LIVERPOOL,LIVERPOOL,MERSEYSIDE,A,A
{2131FCF5-FCC0-86E8-E063-4804A8C0372B},230500,2024-08-01 00:00,M14 6SZ,T,N,F,28,,ST GEORGES ROAD,,MANCHESTER,MANCHESTER,GREATER MANCHESTER,A,A
{25E9DA81-866A-555E-E063-4704A8C066F2},320000,2024-10-29 00:00,NE6 5RD,T,N,F,32,,ARMSTRONG AVENUE,,NEWCASTLE UPON TYNE,NEWCASTLE UPON TYNE,TYNE AND WEAR,A,A
{25E9DA81-88AA-555E-E063-4704A8C066F2},195000,2024-10-01 00:00,NE6 1TY,F,N,L,24,,THE ROPERY,,NEWCASTLE UPON TYNE,NEWCASTLE UPON TYNE,TYNE AND WEAR,A,A
{25E9DA81-88AB-555E-E063-4704A8C066F2},229950,2024-09-12 00:00,NE6 4DX,S,N,F,61,,WALKERFIELD COURT,,NEWCASTLE UPON TYNE,NEWCASTLE UPON TYNE,TYNE AND WEAR,A,A
{25E9DA81-88B7-555E-E063-4704A8C066F2},257500,2024-04-30 00:00,NE6 4DX,D,N,L,69,,WALKERFIELD COURT,,NEWCASTLE UPON TYNE,NEWCASTLE UPON TYNE,TYNE AND WEAR,A,A
{25E9DA81-8BF1-555E-E063-4704A8C066F2},225000,2024-07-23 00:00,CF24 1LT,T,N,F,64,,CLIFTON STREET,,CARDIFF,CARDIFF,CARDIFF,A,A
{25E9DA81-9082-555E-E063-4704A8C066F2},210000,2024-06-24 00:00,CF24 3DB,T,N,F,115,,BEDFORD STREET,,CARDIFF,CARDIFF,CARDIFF,A,A
{25E9DA80-F4E4-555E-E063-4704A8C066F2},325000,2024-06-21 00:00,M14 6EN,S,N,F,33,,FINCHLEY ROAD,,MANCHESTER,MANCHESTER,GREATER MANCHESTER,A,A
{25E9DA80-F4E9-555E-E063-4704A8C066F2},238760,2024-09-25 00:00,L15 3HQ,T,N,F,107,,KENMARE ROAD,,LIVERPOOL,LIVERPOOL,MERSEYSIDE,A,A
{25E9DA81-909F-555E-E063-4704A8C066F2},236500,2024-06-28 00:00,CF24 3HS,T,N,F,46,,ARRAN STREET,ROATH,CARDIFF,CARDIFF,CARDIFF,A,A
{25E9DA81-869D-555E-E063-4704A8C066F2},183000,2024-08-23 00:00,NE6 1BH,T,N,L,30,,CHURCHILL MEWS,,NEWCASTLE UPON TYNE,NEWCASTLE UPON TYNE,TYNE AND WEAR,A,A
{25E9DA81-86A2-555E-E063-4704A8C066F2},337500,2024-10-01 00:00,NE6 5AB,T,N,F,39,,HEATON HALL ROAD,,NEWCASTLE UPON TYNE,NEWCASTLE UPON TYNE,TYNE AND WEAR,A,A
{25E9DA81-88C9-555E-E063-4704A8C066F2},145000,2024-06-21 00:00,NE6 4EF,T,N,F,22,,LANGLEY PLACE,,NEWCASTLE UPON TYNE,NEWCASTLE UPON TYNE,TYNE AND WEAR,A,A
{25E9DA81-88D1-555E-E063-4704A8C066F2},259500,2024-10-07 00:00,NE6 5TX,T,N,F,52,,RAVENSWOOD ROAD,,NEWCASTLE UPON TYNE,NEWCASTLE UPON TYNE,TYNE AND WEAR,A,A
{25E9DA80-F502-555E-E063-4704A8C066F2},165000,2024-06-07 00:00,L15 3HS,T,N,F,48,,BLANTYRE ROAD,,LIVERPOOL,LIVERPOOL,MERSEYSIDE,A,A
{25E9DA81-930B-555E-E063-4704A8C066F2},205000,2024-05-20 00:00,CF24 0HT,T,N,F,11,,PRINCE LEOPOLD STREET,,CARDIFF,CARDIFF,CARDIFF,A,A
{25E9DA80-F51E-555E-E063-4704A8C066F2},245000,2024-09-23 00:00,L15 5BZ,T,N,F,50,,EARLSFIELD ROAD,,LIVERPOOL,LIVERPOOL,MERSEYSIDE,A,A
{2131FCF5-FF6D-86E8-E063-4804A8C0372B},300000,2024-07-19 00:00,M14 6SA,S,N,F,50,,KINGSWOOD ROAD,,MANCHESTER,MANCHESTER,GREATER MANCHESTER,A,A
{25E9DA81-8480-555E-E063-4704A8C066F2},105000,2024-10-11 00:00,NE6 4HB,T,N,F,13,,MEAD WALK,,NEWCASTLE UPON TYNE,NEWCASTLE UPON TYNE,TYNE AND WEAR,A,A
{25E9DA81-86C2-555E-E063-4704A8C066F2},297550,2024-10-07 00:00,NE6 5XJ,T,N,F,67,,ROTHBURY TERRACE,,NEWCASTLE UPON TYNE,NEWCASTLE UPON TYNE,TYNE AND WEAR,A,A
{25E9DA81-8C44-555E-E063-4704A8C066F2},170000,2024-10-11 00:00,CF24 2RH,T,N,F,3,,BRONWYDD ROAD,,CARDIFF,CARDIFF,CARDIFF,A,A
{25E9DA81-8C48-555E-E063-4704A8C066F2},105753,2024-06-19 00:00,CF24 3HT,T,N,F,64,,ARRAN STREET,ROATH,CARDIFF,CARDIFF,CARDIFF,A,A
{25E9DA80-F539-555E-E063-4704A8C066F2},165000,2024-09-27 00:00,L15 4HF,T,N,F,58,,LONG LANE,WAVERTREE,LIVERPOOL,LIVERPOOL,MERSEYSIDE,A,A
{2131FCF5-FD34-86E8-E063-4804A8C0372B},310000,2024-04-29 00:00,M14 6BP,S,N,F,93,,VICTORIA ROAD,FALLOWFIELD,MANCHESTER,MANCHESTER,GREATER MANCHESTER,A,A
{25E9DA81-84B8-555E-E063-4704A8C066F2},92000,2024-02-28 00:00,NE6 3QD,T,N,F,7,,YORKDALE PLACE,,NEWCASTLE UPON TYNE,NEWCASTLE UPON TYNE,TYNE AND WEAR,B,A
{25E9DA81-86E0-555E-E063-4704A8C066F2},310000,2024-10-07 00:00,NE6 5XQ,T,N,F,91,,MELDON TERRACE,,NEWCASTLE UPON TYNE,NEWCASTLE UPON TYNE,TYNE AND WEAR,A,A
{25E9DA81-86F0-555E-E063-4704A8C066F2},92000,2024-10-01 00:00,NE6 3AL,T,N,F,44,,HEXHAM AVENUE,,NEWCASTLE UPON TYNE,NEWCASTLE UPON TYNE,TYNE AND WEAR,A,A
{25E9DA81-8C76-555E-E063-4704A8C066F2},247000,2024-07-01 00:00,CF24 4SA,T,N,F,66,,INVERNESS PLACE,,CARDIFF,CARDIFF,CARDIFF,A,A
{2131FCF5-FD5A-86E8-E063-4804A8C0372B},189000,2024-06-21 00:00,M14 6TG,T,N,F,42,,BEVERLY ROAD,,MANCHESTER,MANCHESTER,GREATER MANCHESTER,A,A
{2131FCF5-FD64-86E8-E063-4804A8C0372B},182000,2024-08-02 00:00,M14 7PL,T,N,L,21,,CHILWORTH STREET,,MANCHESTER,MANCHESTER,GREATER MANCHESTER,A,A
{2131FCF5-FD69-86E8-E063-4804A8C0372B},217000,2024-07-26 00:00,M14 7GD,T,N,F,120,,HORTON ROAD,,MANCHESTER,MANCHESTER,GREATER MANCHESTER,A,A
{2131FCF5-FFB4-86E8-E063-4804A8C0372B},197000,2024-08-16 00:00,M1 3LR,F,N,L,63,FLAT 105,BLOOM STREET,,MANCHESTER,MANCHESTER,GREATER MANCHESTER,A,A
{25E9DA81-8C96-555E-E063-4704A8C066F2},295000,2024-09-30 00:00,CF24 2LF,T,N,F,13,,MOORLAND ROAD,,CARDIFF,CARDIFF,CARDIFF,A,A
{25E9DA81-8C9C-555E-E063-4704A8C066F2},275000,2024-10-04 00:00,CF24 4PJ,T,N,F,17,,BRUCE STREET,,CARDIFF,CARDIFF,CARDIFF,A,A
{2131FCF5-FB47-86E8-E063-4804A8C0372B},218000,2024-04-24 00:00,M14 7QB,T,N,F,69,,HORTON ROAD,,MANCHESTER,MANCHESTER,GREATER MANCHESTER,A,A
{25E9DA81-84FD-555E-E063-4704A8C066F2},302000,2024-06-19 00:00,NE6 5NS,T,N,F,47,,FALMOUTH ROAD,,NEWCASTLE UPON TYNE,NEWCASTLE UPON TYNE,TYNE AND WEAR,A,A
{25E9DA81-8CB5-555E-E063-4704A8C066F2},267000,2024-06-03 00:00,CF24 4SJ,T,N,F,19,,BRAEVAL STREET,,CARDIFF,CARDIFF,CARDIFF,A,A
{2ACACE8C-D3FA-295E-E063-4804A8C0B0EB},195000,2024-12-02 00:00,M1 4LX,F,N,L,"TUSCANY HOUSE, 19",FLAT 30,DICKINSON STREET,,MANCHESTER,MANCHESTER,GREATER MANCHESTER,A,A
{2131FCF5-FB58-86E8-E063-4804A8C0372B},245000,2024-08-19 00:00,M14 4DL,T,N,F,10,,HAYDN AVENUE,,MANCHESTER,MANCHESTER,GREATER MANCHESTER,A,A
{25E9DA81-8F0E-555E-E063-4704A8C066F2},192500,2024-09-20 00:00,CF24 4TA,T,N,F,40,,ARABELLA STREET,,CARDIFF,CARDIFF,CARDIFF,A,A
{25E9DA81-8522-555E-E063-4704A8C066F2},125000,2024-06-07 00:00,NE6 5UQ,F,N,L,21,,ST ALBANS CRESCENT,,NEWCASTLE UPON TYNE,NEWCASTLE UPON TYNE,TYNE AND WEAR,A,A
{25E9DA81-8744-555E-E063-4704A8C066F2},165000,2024-10-11 00:00,NE6 5XT,F,N,L,86,,SECOND AVENUE,,NEWCASTLE UPON TYNE,NEWCASTLE UPON TYNE,TYNE AND WEAR,A,A
{2ACACE8C-CF83-295E-E063-4804A8C0B0EB},330000,2024-11-29 00:00,M14 6TH,S,N,F,84,,BEVERLY ROAD,,MANCHESTER,MANCHESTER,GREATER MANCHESTER,A,A
{2ACACE8C-D1BB-295E-E063-4804A8C0B0EB},327000,2024-11-21 00:00,M14 6BG,S,N,F,5,,LEIGHBROOK ROAD,,MANCHESTER,MANCHESTER,GREATER MANCHESTER,A,A
{25E9DA81-8CE7-555E-E063-4704A8C066F2},256000,2024-09-23 00:00,CF24 3HG,T,N,F,112,,CYFARTHFA STREET,,CARDIFF,CARDIFF,CARDIFF,A,A
{25E9DA80-F5BE-555E-E063-4704A8C066F2},275000,2024-07-09 00:00,M14 6SA,S,N,F,48,,KINGSWOOD ROAD,,MANCHESTER,MANCHESTER,GREATER MANCHESTER,A,A
{2ACACE8C-D417-295E-E063-4804A8C0B0EB},275000,2024-12-10 00:00,M1 7AX,F,N,L,"COTTON MILL, 7",APARTMENT 12,SAMUEL OGDEN STREET,,MANCHESTER,MANCHESTER,GREATER MANCHESTER,A,A
{2ACACE8C-D41E-295E-E063-4804A8C0B0EB},242500,2024-11-15 00:00,M1 4LX,F,N,L,"TUSCANY HOUSE, 19",FLAT 4,DICKINSON STREET,,MANCHESTER,MANCHESTER,GREATER MANCHESTER,A,A
{25E9DA81-9177-555E-E063-4704A8C066F2},278000,2024-10-18 00:00,CF24 4QL,T,N,F,71,,DOGFIELD STREET,,CARDIFF,CARDIFF,CARDIFF,A,A
{25E9DA81-93AD-555E-E063-4704A8C066F2},260000,2024-10-21 00:00,CF24 3EH,S,N,F,50,,TALWORTH STREET,ROATH,CARDIFF,CARDIFF,CARDIFF,A,A
{25E9DA81-8D0E-555E-E063-4704A8C066F2},270000,2024-08-01 00:00,CF24 4SJ,T,N,F,8,,BRAEVAL STREET,,CARDIFF,CARDIFF,CARDIFF,A,A
{25E9DA81-8F47-555E-E063-4704A8C066F2},170500,2024-06-14 00:00,CF24 2TE,T,N,F,59,,MERCIA ROAD,,CARDIFF,CARDIFF,CARDIFF,A,A
{25E9DA80-F5E2-555E-E063-4704A8C066F2},155000,2024-07-05 00:00,L15 0HT,T,N,F,115,,BAGOT STREET,,LIVERPOOL,LIVERPOOL,MERSEYSIDE,A,A
{2ACACE8C-CFCA-295E-E063-4804A8C0B0EB},395000,2024-10-29 00:00,M14 6UY,T,N,F,8,,BEECH GROVE,,MANCHESTER,MANCHESTER,GREATER MANCHESTER,A,A
{25E9DA81-8AE9-555E-E063-4704A8C066F2},288250,2024-06-24 00:00,NE6 5NU,T,N,F,56,,CARDIGAN TERRACE,,NEWCASTLE UPON TYNE,NEWCASTLE UPON TYNE,TYNE AND WEAR,A,A
{25E9DA81-8D2F-555E-E063-4704A8C066F2},194000,2024-07-08 00:00,CF24 4TP,T,N,F,160,,DONALD STREET,,CARDIFF,CARDIFF,CARDIFF,A,A
{2ACACE8C-D449-295E-E063-4804A8C0B0EB},250000,2024-11-08 00:00,M1 1EP,F,N,L,"THE SORTING HOUSE, 83",FLAT 35,NEWTON STREET,,MANCHESTER,MANCHESTER,GREATER MANCHESTER,A,A
{2ACACE8C-D450-295E-E063-4804A8C0B0EB},195000,2024-12-06 00:00,M1 5JW,F,N,L,88,FLAT 2,GREAT BRIDGEWATER STREET,,MANCHESTER,MANCHESTER,GREATER MANCHESTER,A,A
{2ACACE8C-D453-295E-E063-4804A8C0B0EB},205000,2024-06-14 00:00,M1 7EP,F,N,L,"PRINCESS HOUSE, 144",FLAT 32,PRINCESS STREET,,MANCHESTER,MANCHESTER,GREATER MANCHESTER,A,A
{2ACACE8C-D454-295E-E063-4804A8C0B0EB},210000,2024-11-29 00:00,M1 1EP,F,N,L,"THE SORTING HOUSE, 83",FLAT 47,NEWTON STREET,,MANCHESTER,MANCHESTER,GREATER MANCHESTER,A,A
{2131FCF5-FBCF-86E8-E063-4804A8C0372B},342500,2024-04-15 00:00,M14 6AS,S,N,F,20,,BRENTBRIDGE ROAD,,MANCHESTER,MANCHESTER,GREATER MANCHESTER,A,A
{2131FCF6-0061-86E8-E063-4804A8C0372B},285000,2024-05-22 00:00,M1 5BY,F,N,L,"CHORLTON MILL, 3",104,CAMBRIDGE STREET,,MANCHESTER,MANCHESTER,GREATER MANCHESTER,A,A
{2131FCF6-0070-86E8-E063-4804A8C0372B},228000,2024-08-16 00:00,M1 6HR,F,N,L,50,FLAT 16,PRINCESS STREET,,MANCHESTER,MANCHESTER,GREATER MANCHESTER,A,A
{2131FCF6-0075-86E8-E063-4804A8C0372B},215000,2024-07-12 00:00,M1 7EP,F,N,L,"PRINCESS HOUSE, 144",FLAT 17,PRINCESS STREET,,MANCHESTER,MANCHESTER,GREATER MANCHESTER,A,A
{25E9DA81-858C-555E-E063-4704A8C066F2},215000,2024-07-15 00:00,NE6 4HY,S,N,F,28,,BARET ROAD,,NEWCASTLE UPON TYNE,NEWCASTLE UPON TYNE,TYNE AND WEAR,A,A
{2ACACE8C-D46A-295E-E063-4804A8C0B0EB},214500,2024-12-05 00:00,M1 1EP,F,N,L,"THE SORTING HOUSE, 83",FLAT 49,NEWTON STREET,,MANCHESTER,MANCHESTER,GREATER MANCHESTER,A,A
{25E9DA81-8D3E-555E-E063-4704A8C066F2},210000,2024-10-04 00:00,CF24 3EY,T,N,F,14,,COTTRELL ROAD,ROATH,CARDIFF,CARDIFF,CARDIFF,A,A
{25E9DA80-F870-555E-E063-4704A8C066F2},475000,2024-09-30 00:00,M14 6UX,S,N,F,13,,DERBY ROAD,,MANCHESTER,MANCHESTER,GREATER MANCHESTER,A,A
{2ACACE8C-D478-295E-E063-4804A8C0B0EB},156000,2024-12-04 00:00,M14 5LY,F,N,L,38,,HADFIELD CLOSE,RUSHOLME,MANCHESTER,MANCHESTER,GREATER MANCHESTER,A,A
{25E9DA81-859D-555E-E063-4704A8C066F2},92500,2024-06-12 00:00,NE6 4XD,T,N,F,23,,NITHDALE CLOSE,,NEWCASTLE UPON TYNE,NEWCASTLE UPON TYNE,TYNE AND WEAR,A,A
{25E9DA81-87D0-555E-E063-4704A8C066F2},230000,2024-09-26 00:00,NE6 4SX,S,N,F,109,,APPLETREE GARDENS,,NEWCASTLE UPON TYNE,NEWCASTLE UPON TYNE,TYNE AND WEAR,A,A
{25E9DA81-87D7-555E-E063-4704A8C066F2},126000,2024-09-27 00:00,NE6 2JA,T,N,F,23,,CULLERCOATS STREET,,NEWCASTLE UPON TYNE,NEWCASTLE UPON TYNE,TYNE AND WEAR,A,A
{25E9DA81-87EE-555E-E063-4704A8C066F2},105000,2024-09-27 00:00,NE6 1BY,F,N,L,OUSEBURN WHARF,19,ST LAWRENCE ROAD,,NEWCASTLE UPON TYNE,NEWCASTLE UPON TYNE,TYNE AND WEAR,A,A
{25E9DA81-8B1D-555E-E063-4704A8C066F2},234000,2024-10-25 00:00,CF24 1LN,T,N,F,48,,RUBY STREET,,CARDIFF,CARDIFF,CARDIFF,A,A
{2131FCF6-00A0-86E8-E063-4804A8C0372B},418000,2024-01-31 00:00,M1 4DA,F,N,L,30,APARTMENT 28,PRINCESS STREET,,MANCHESTER,MANCHESTER,GREATER MANCHESTER,A,A
{2131FCF6-00B1-86E8-E063-4804A8C0372B},330000,2024-07-30 00:00,M14 6FD,S,N,F,4,,WHITEBROOK ROAD,,MANCHESTER,MANCHESTER,GREATER MANCHESTER,A,A
{25E9DA81-85C2-555E-E063-4704A8C066F2},123000,2024-09-30 00:00,NE6 3UT,T,N,F,14,,BEVERLEY TERRACE,WALKER,NEWCASTLE UPON TYNE,NEWCASTLE UPON TYNE,TYNE AND WEAR,A,A
{25E9DA81-85C4-555E-E063-4704A8C066F2},220000,2024-08-23 00:00,NE6 4TX,T,N,F,9,,CEDARWOOD AVENUE,,NEWCASTLE UPON TYNE,NEWCASTLE UPON TYNE,TYNE AND WEAR,A,A
{25E9DA81-87F7-555E-E063-4704A8C066F2},104000,2024-09-25 00:00,NE6 1BZ,F,N,L,OUSEBURN WHARF,77,ST LAWRENCE ROAD,,NEWCASTLE UPON TYNE,NEWCASTLE UPON TYNE,TYNE AND WEAR,A,A
{25E9DA81-880C-555E-E063-4704A8C066F2},85000,2024-10-17 00:00,NE6 4RH,F,N,L,38,,SUTTON STREET,,NEWCASTLE UPON TYNE,NEWCASTLE UPON TYNE,TYNE AND WEAR,A,A
{25E9DA81-8B3C-555E-E063-4704A8C066F2},173000,2024-08-23 00:00,CF24 2AL,T,N,F,23,,INCHMARNOCK STREET,,CARDIFF,CARDIFF,CARDIFF,A,A
{25E9DA81-8B40-555E-E063-4704A8C066F2},180000,2024-10-18 00:00,CF24 3EN,T,N,F,9,,PLASNEWYDD ROAD,,CARDIFF,CARDIFF,CARDIFF,A,A
{25E9DA81-8D9A-555E-E063-4704A8C066F2},290000,2024-08-30 00:00,CF24 2EU,T,N,F,21,,HINTON STREET,,CARDIFF,CARDIFF,CARDIFF,A,A
{25E9DA80-F440-555E-E063-4704A8C066F2},200000,2024-07-19 00:00,M14 4RW,T,N,F,2,,HARTINGTON STREET,,MANCHESTER,MANCHESTER,GREATER MANCHESTER,A,A
{2ACACE8C-D4AB-295E-E063-4804A8C0B0EB},245000,2024-11-14 00:00,M1 5AL,F,N,L,"LOCKES YARD, 4",APARTMENT 21,GREAT MARLBOROUGH STREET,,MANCHESTER,MANCHESTER,GREATER MANCHESTER,A,A
{2ACACE8C-D4B5-295E-E063-4804A8C0B0EB},250000,2024-12-06 00:00,M1 2DR,F,N,L,"JUNCTION HOUSE, 16",APARTMENT 13,JUTLAND STREET,,MANCHESTER,MANCHESTER,GREATER MANCHESTER,A,A
{25E9DA81-8FE1-555E-E063-4704A8C066F2},240000,2024-08-19 00:00,CF24 2BH,T,N,F,14,,ADELINE STREET,,CARDIFF,CARDIFF,CARDIFF,A,A
{25E9DA81-8FE2-555E-E063-4704A8C066F2},230000,2024-09-30 00:00,CF24 2ST,T,N,F,52,,WILLOWS AVENUE,,CARDIFF,CARDIFF,CARDIFF,A,A
{2131FCF5-FC3C-86E8-E063-4804A8C0372B},255000,2024-03-05 00:00,M14 7LG,T,N,F,72,,CLINTON AVENUE,,MANCHESTER,MANCHESTER,GREATER MANCHESTER,A,A
{2131FCF6-00C6-86E8-E063-4804A8C0372B},167000,2024-08-08 00:00,M1 5DB,F,N,L,"THE HACIENDA, 11 - 15",218,WHITWORTH STREET WEST,,MANCHESTER,MANCHESTER,GREATER MANCHESTER,A,A
{25E9DA81-8817-555E-E063-4704A8C066F2},92500,2024-05-29 00:00,NE6 4JN,T,N,L,741,,WELBECK ROAD,,NEWCASTLE UPON TYNE,NEWCASTLE UPON TYNE,TYNE AND WEAR,A,A
{25E9DA81-8FF4-555E-E063-4704A8C066F2},207500,2024-05-23 00:00,CF24 2NW,T,N,F,22,,CAMERON STREET,,CARDIFF,CARDIFF,CARDIFF,A,A
{25E9DA80-FB22-555E-E063-4704A8C066F2},150000,2024-09-06 00:00,M14 7JE,T,N,F,14,,HENBURY STREET,,MANCHESTER,MANCHESTER,GREATER MANCHESTER,A,A
{25E9DA81-8617-555E-E063-4704A8C066F2},151000,2024-07-19 00:00,NE6 4XT,S,N,F,224,,WESTBOURNE AVENUE,WALKERGATE,NEWCASTLE UPON TYNE,NEWCASTLE UPON TYNE,TYNE AND WEAR,A,A
{25E9DA81-861A-555E-E063-4704A8C066F2},254000,2024-09-27 00:00,NE6 1UQ,F,N,L,10,,CHANDLERS QUAY,,NEWCASTLE UPON TYNE,NEWCASTLE UPON TYNE,TYNE AND WEAR,A,A
{25E9DA81-884A-555E-E063-4704A8C066F2},125955,2024-10-01 00:00,NE6 4LP,T,N,F,28,,COQUETDALE AVENUE,,NEWCASTLE UPON TYNE,NEWCASTLE UPON TYNE,TYNE AND WEAR,A,A
{25E9DA80-F474-555E-E063-4704A8C066F2},150000,2024-10-02 00:00,L15 3HH,T,N,F,22,,CLAREMONT ROAD,WAVERTREE,LIVERPOOL,LIVERPOOL,MERSEYSIDE,A,A
{25E9DA80-F907-555E-E063-4704A8C066F2},280000,2024-10-14 00:00,M14 5PG,T,N,F,1,,KENSINGTON AVENUE,,MANCHESTER,MANCHESTER,GREATER MANCHESTER,A,A
{25E9DA81-9276-555E-E063-4704A8C066F2},265000,2024-09-20 00:00,CF24 3HQ,T,N,F,167,,TREHARRIS STREET,,CARDIFF,CARDIFF,CARDIFF,A,A
{25E9DA81-B742-555E-E063-4704A8C066F2},200000,2024-07-05 00:00,LS6 3AD,F,N,L,11,FLAT 3,BAINBRIGGE ROAD,,LEEDS,LEEDS,WEST YORKSHIRE,A,A
{25E9DA81-CAAB-555E-E063-4704A8C066F2},180000,2024-07-25 00:00,CF24 5HQ,O,N,L,"LEWIS COURT, 50",UNIT 3,PORTMANMOOR ROAD INDUSTRIAL ESTATE,,CARDIFF,CARDIFF,CARDIFF,B,A
{2ACACE8D-0AC9-295E-E063-4804A8C0B0EB},140000,2024-10-28 00:00,L15 3LA,T,N,F,15,,LANGDALE ROAD,,LIVERPOOL,LIVERPOOL,MERSEYSIDE,A,A
{25E9DA81-CAB2-555E-E063-4704A8C066F2},50000,2024-04-30 00:00,CF24 4NH,O,N,L,153 - 157,,CRWYS ROAD,,CARDIFF,CARDIFF,CARDIFF,B,A
{2131FCF5-D56D-86E8-E063-4804A8C0372B},167000,2024-07-05 00:00,CF24 2JS,F,N,L,17,FIRST FLOOR FLAT,EYRE STREET,,CARDIFF,CARDIFF,CARDIFF,A,A
{25E9DA81-B52F-555E-E063-4704A8C066F2},630000,2024-09-16 00:00,LS6 3PL,D,N,F,80,,BECKETTS PARK DRIVE,,LEEDS,LEEDS,WEST YORKSHIRE,A,A
{2ACACE8D-01D1-295E-E063-4804A8C0B0EB},255000,2024-11-29 00:00,M1 5GG,F,N,L,"MACINTOSH MILLS, 4",APARTMENT 3,CAMBRIDGE STREET,,MANCHESTER,MANCHESTER,GREATER MANCHESTER,A,A
{25E9DA81-D3A2-555E-E063-4704A8C066F2},280000,2024-10-15 00:00,M14 7AW,S,N,F,5,,NANTWICH ROAD,,MANCHESTER,MANCHESTER,GREATER MANCHESTER,B,A
{2ACACE8C-F0F7-295E-E063-4804A8C0B0EB},460000,2024-10-16 00:00,L15 6UX,S,N,L,98,,CHILDWALL ROAD,,LIVERPOOL,LIVERPOOL,MERSEYSIDE,A,A
{2131FCF5-D58D-86E8-E063-4804A8C0372B},144000,2024-07-30 00:00,CF24 4BT,F,N,L,74,GROUND FLOOR FLAT,COBURN STREET,,CARDIFF,CARDIFF,CARDIFF,A,A
{2ACACE8D-059C-295E-E063-4804A8C0B0EB},205000,2024-11-13 00:00,M1 2EH,F,N,L,36,205,HILTON STREET,,MANCHESTER,MANCHESTER,GREATER MANCHESTER,A,A
{2ACACE8D-05AF-295E-E063-4804A8C0B0EB},276000,2024-10-18 00:00,M1 5QE,F,N,L,"THE QUADRANGLE, 1",APARTMENT 173,LOWER ORMOND STREET,,MANCHESTER,MANCHESTER,GREATER MANCHESTER,A,A
{2ACACE8D-05B5-295E-E063-4804A8C0B0EB},130500,2024-12-13 00:00,M14 5HZ,F,N,L,135,FLAT 11,DICKENSON ROAD,,MANCHESTER,MANCHESTER,GREATER MANCHESTER,A,A
{25E9DA81-CB79-555E-E063-4704A8C066F2},105000,2024-02-16 00:00,CF24 2AN,T,N,F,9,,KILCATTAN STREET,,CARDIFF,CARDIFF,CARDIFF,B,A
{25E9DA81-D3B3-555E-E063-4704A8C066F2},250000,2024-06-27 00:00,M14 5NL,T,N,L,15,,ALDWYCH AVENUE,,MANCHESTER,MANCHESTER,GREATER MANCHESTER,B,A
{25E9DA81-D3B7-555E-E063-4704A8C066F2},265000,2024-08-21 00:00,M14 6QH,T,N,F,11,,WHITBY ROAD,,MANCHESTER,MANCHESTER,GREATER MANCHESTER,B,A
{25E9DA81-B112-555E-E063-4704A8C066F2},346000,2024-09-20 00:00,LS6 4AN,T,N,F,6,,WINTHORPE STREET,,LEEDS,LEEDS,WEST YORKSHIRE,A,A
{25E9DA81-B34E-555E-E063-4704A8C066F2},253000,2024-09-03 00:00,LS6 3LZ,S,N,F,3,,QUEENSWOOD CLOSE,,LEEDS,LEEDS,WEST YORKSHIRE,A,A
{2131FCF5-D5C4-86E8-E063-4804A8C0372B},197394,2024-07-12 00:00,CF24 0LD,F,N,L,1,FLAT 1,PIERCEFIELD PLACE,,CARDIFF,CARDIFF,CARDIFF,A,A
{2ACACE8D-0219-295E-E063-4804A8C0B0EB},320000,2024-11-29 00:00,M14 7TH,T,N,L,27,,BILSBORROW ROAD,,MANCHESTER,MANCHESTER,GREATER MANCHESTER,A,A
{2ACACE8D-0902-295E-E063-4804A8C0B0EB},256000,2024-11-22 00:00,L15 3JZ,S,N,F,82,,FERNDALE ROAD,WAVERTREE,LIVERPOOL,LIVERPOOL,MERSEYSIDE,A,A
{25E9DA81-D3E8-555E-E063-4704A8C066F2},230000,2024-10-03 00:00,M14 4DL,T,N,F,36,,HAYDN AVENUE,,MANCHESTER,MANCHESTER,GREATER MANCHESTER,B,A
{25E9DA81-D3EC-555E-E063-4704A8C066F2},300000,2024-07-15 00:00,M14 6YW,S,N,F,28,,RICHMOND ROAD,,MANCHESTER,MANCHESTER,GREATER MANCHESTER,B,A
{25E9DA81-D3F1-555E-E063-4704A8C066F2},370000,2024-10-09 00:00,M14 6NA,T,N,F,6,,LANDCROSS ROAD,,MANCHESTER,MANCHESTER,GREATER MANCHESTER,B,A
{2ACACE8C-F140-295E-E063-4804A8C0B0EB},85000,2024-11-15 00:00,L15 3HT,T,N,F,74,,BLANTYRE ROAD,,LIVERPOOL,LIVERPOOL,MERSEYSIDE,A,A
{25E9DA81-B596-555E-E063-4704A8C066F2},375000,2024-05-31 00:00,LS6 4SJ,D,N,F,1,,WOODLEA GROVE,MEANWOOD,LEEDS,LEEDS,WEST YORKSHIRE,A,A
{25E9DA81-B7BA-555E-E063-4704A8C066F2},180000,2024-07-12 00:00,LS6 2DD,F,N,L,"MOORBANK COURT, 31",FLAT 17,SHIRE OAK ROAD,,LEEDS,LEEDS,WEST YORKSHIRE,A,A
{25E9DA81-1758-555E-E063-4704A8C066F2},145000,2024-09-26 00:00,L15 4LR,T,N,F,51,,TIVERTON STREET,WAVERTREE,LIVERPOOL,LIVERPOOL,MERSEYSIDE,A,A
{25E9DA81-1765-555E-E063-4704A8C066F2},115000,2024-01-05 00:00,L15 1HE,T,N,F,19,,KEMPTON ROAD,,LIVERPOOL,LIVERPOOL,MERSEYSIDE,B,A
{25E9DA81-19BC-555E-E063-4704A8C066F2},250000,2024-09-27 00:00,L15 8AJ,S,N,F,45,,CROSSLEY DRIVE,,LIVERPOOL,LIVERPOOL,MERSEYSIDE,A,A
{25E9DA81-1C03-555E-E063-4704A8C066F2},70000,2024-01-12 00:00,L15 0AB,F,N,L,53,,MYSTERY CLOSE,,LIVERPOOL,LIVERPOOL,MERSEYSIDE,A,A
{2ACACE8D-0235-295E-E063-4804A8C0B0EB},155000,2024-11-04 00:00,M1 3BP,F,N,L,5,APARTMENT 912,PICCADILLY PLACE,,MANCHESTER,MANCHESTER,GREATER MANCHESTER,A,A
{2ACACE8D-0923-295E-E063-4804A8C0B0EB},280000,2024-07-26 00:00,L15 6UW,S,N,L,77,,CHILDWALL ROAD,,LIVERPOOL,LIVERPOOL,MERSEYSIDE,A,A
{2ACACE8D-0932-295E-E063-4804A8C0B0EB},167000,2024-12-17 00:00,L15 4HT,T,N,F,10,,NORTHDALE ROAD,,LIVERPOOL,LIVERPOOL,MERSEYSIDE,A,A
{2131FCF5-D3B6-86E8-E063-4804A8C0372B},110000,2024-03-11 00:00,CF24 2QX,F,N,L,12,,DEEMUIR SQUARE,,CARDIFF,CARDIFF,CARDIFF,A,A
{25E9DA81-B5AC-555E-E063-4704A8C066F2},585000,2024-09-13 00:00,LS6 4SH,D,N,F,14,,WOODLEA PARK,MEANWOOD,LEEDS,LEEDS,WEST YORKSHIRE,A,A
{25E9DA81-B7D5-555E-E063-4704A8C066F2},274000,2024-06-19 00:00,LS6 4PW,T,N,F,15,,PARKLAND TERRACE,,LEEDS,LEEDS,WEST YORKSHIRE,A,A
{25E9DA81-0F0D-555E-E063-4704A8C066F2},260000,2024-08-30 00:00,M14 7GR,T,N,L,81,,BLUE MOON WAY,,MANCHESTER,MANCHESTER,GREATER MANCHESTER,A,A
{25E9DA81-0F1A-555E-E063-4704A8C066F2},220000,2024-09-24 00:00,M14 5HX,F,N,L,2 - 4,FLAT 9,BIRCH POLYGON,,MANCHESTER,MANCHESTER,GREATER MANCHESTER,A,A
{25E9DA81-19DD-555E-E063-4704A8C066F2},190000,2024-06-14 00:00,L15 8AL,T,N,F,28,,SWAN CRESCENT,,LIVERPOOL,LIVERPOOL,MERSEYSIDE,A,A
{25E9DA81-D43C-555E-E063-4704A8C066F2},400000,2024-10-23 00:00,M14 6WQ,T,N,F,110,,LADYBARN ROAD,,MANCHESTER,MANCHESTER,GREATER MANCHESTER,B,A
{25E9DA81-AF6A-555E-E063-4704A8C066F2},391000,2024-06-13 00:00,LS6 4LG,T,N,F,10,,GREENWOOD MOUNT,,LEEDS,LEEDS,WEST YORKSHIRE,A,A
{25E9DA81-B3BC-555E-E063-4704A8C066F2},450000,2024-09-27 00:00,LS6 2AH,S,N,F,55,,ALMA ROAD,,LEEDS,LEEDS,WEST YORKSHIRE,A,A
{25E9DA81-B3BD-555E-E063-4704A8C066F2},265000,2024-06-27 00:00,LS6 3NJ,S,N,F,18,,FOXCROFT ROAD,,LEEDS,LEEDS,WEST YORKSHIRE,A,A
{25E9DA81-B5C6-555E-E063-4704A8C066F2},595000,2024-07-03 00:00,LS6 4SQ,D,N,F,16,,WOODLEA DRIVE,MEANWOOD,LEEDS,LEEDS,WEST YORKSHIRE,A,A
{25E9DA81-B5E7-555E-E063-4704A8C066F2},145000,2024-10-01 00:00,LS6 1PQ,T,N,F,1,,HAROLD PLACE,,LEEDS,LEEDS,WEST YORKSHIRE,A,A
{25E9DA81-BA9F-555E-E063-4704A8C066F2},345000,2024-09-20 00:00,LS6 4NP,S,N,F,71,,CHURCH LANE,MEANWOOD,LEEDS,LEEDS,WEST YORKSHIRE,A,A
{25E9DA81-BE9A-555E-E063-4704A8C066F2},48000,2024-10-04 00:00,LS6 3FA,F,N,L,45,FLAT 42,ST MICHAELS LANE,,LEEDS,LEEDS,WEST YORKSHIRE,A,A
{25E9DA81-0F39-555E-E063-4704A8C066F2},202000,2024-10-04 00:00,M1 5GB,F,N,L,1,FLAT 96,CAMBRIDGE STREET,,MANCHESTER,MANCHESTER,GREATER MANCHESTER,A,A
{25E9DA81-19FF-555E-E063-4704A8C066F2},155000,2024-04-30 00:00,L15 7JQ,S,N,L,50,,NORTHWAY,WAVERTREE,LIVERPOOL,LIVERPOOL,MERSEYSIDE,A,A
{25E9DA81-1C51-555E-E063-4704A8C066F2},117000,2024-06-14 00:00,L15 8HR,T,N,F,5,,ALBERT GROVE,WAVERTREE,LIVERPOOL,LIVERPOOL,MERSEYSIDE,A,A
{25E9DA81-D44B-555E-E063-4704A8C066F2},220000,2024-10-09 00:00,M14 6BG,S,N,F,39,,LEIGHBROOK ROAD,,MANCHESTER,MANCHESTER,GREATER MANCHESTER,B,A
{2ACACE8D-0975-295E-E063-4804A8C0B0EB},430000,2024-12-02 00:00,L15 9HR,S,N,F,18,,COVENTRY ROAD,,LIVERPOOL,LIVERPOOL,MERSEYSIDE,A,A
{2ACACE8C-F1AC-295E-E063-4804A8C0B0EB},144000,2024-12-02 00:00,L15 4HP,T,N,F,1,,MINDALE ROAD,WAVERTREE,LIVERPOOL,LIVERPOOL,MERSEYSIDE,A,A
{25E9DA81-B835-555E-E063-4704A8C066F2},366000,2024-09-18 00:00,LS6 3BW,T,N,F,42,,CHAPEL LANE,,LEEDS,LEEDS,WEST YORKSHIRE,A,A
{25E9DA81-0F5C-555E-E063-4704A8C066F2},240000,2024-08-29 00:00,M1 3HE,F,N,L,1A,FLAT 4,CANAL STREET,,MANCHESTER,MANCHESTER,GREATER MANCHESTER,A,A
{25E9DA81-17D4-555E-E063-4704A8C066F2},207000,2024-02-16 00:00,L15 7JQ,S,N,F,72,,NORTHWAY,WAVERTREE,LIVERPOOL,LIVERPOOL,MERSEYSIDE,A,A
{25E9DA81-1C5F-555E-E063-4704A8C066F2},247500,2024-10-01 00:00,L15 9EQ,S,N,F,74,,CHURCH ROAD,WAVERTREE,LIVERPOOL,LIVERPOOL,MERSEYSIDE,A,A
{25E9DA81-1C6F-555E-E063-4704A8C066F2},290000,2024-10-04 00:00,L15 6ST,S,N,F,6,,STRADBROKE ROAD,,LIVERPOOL,LIVERPOOL,MERSEYSIDE,A,A
{25E9DA81-1C75-555E-E063-4704A8C066F2},245000,2024-05-15 00:00,L15 3JN,T,N,F,16,,TITHERINGTON WAY,,LIVERPOOL,LIVERPOOL,MERSEYSIDE,A,A
{25E9DA81-1C76-555E-E063-4704A8C066F2},24000,2024-10-16 00:00,L15 8JJ,F,N,L,31,FLAT 3,SOUTH DRIVE,WAVERTREE,LIVERPOOL,LIVERPOOL,MERSEYSIDE,A,A
{25E9DA81-1C77-555E-E063-4704A8C066F2},32000,2024-09-20 00:00,L15 8JJ,F,N,L,31,FLAT 7,SOUTH DRIVE,WAVERTREE,LIVERPOOL,LIVERPOOL,MERSEYSIDE,A,A
{25E9DA81-D47A-555E-E063-4704A8C066F2},287500,2024-05-24 00:00,M14 7DX,S,N,F,183,,LLOYD STREET SOUTH,,MANCHESTER,MANCHESTER,GREATER MANCHESTER,B,A
{25E9DA81-AFB1-555E-E063-4704A8C066F2},420125,2024-09-03 00:00,LS6 4PJ,S,N,F,1,,TOWERS WAY,,LEEDS,LEEDS,WEST YORKSHIRE,A,A
{25E9DA81-E302-555E-E063-4704A8C066F2},100000,2024-09-12 00:00,L15 4HJ,T,N,F,38,,SUNNINGDALE ROAD,,LIVERPOOL,LIVERPOOL,MERSEYSIDE,B,A
{25E9DA81-B61B-555E-E063-4704A8C066F2},280000,2024-09-13 00:00,LS6 2SA,S,N,F,28,,BOOTHROYD DRIVE,,LEEDS,LEEDS,WEST YORKSHIRE,A,A
{25E9DA81-E875-555E-E063-4704A8C066F2},150000,2024-10-11 00:00,NG7 6NR,T,N,F,23,,MYRTLE AVENUE,,NOTTINGHAM,CITY OF NOTTINGHAM,CITY OF NOTTINGHAM,B,A
{25E9DA81-F8A9-555E-E063-4704A8C066F2},237000,2024-06-20 00:00,NE6 5AQ,T,N,F,29,,WARWICK STREET,,NEWCASTLE UPON TYNE,NEWCASTLE UPON TYNE,TYNE AND WEAR,B,A
{25E9DA81-D490-555E-E063-4704A8C066F2},210000,2024-08-21 00:00,M14 6DU,T,N,F,33,,SELSIDE WALK,,MANCHESTER,MANCHESTER,GREATER MANCHESTER,B,A
{25E9DA81-D492-555E-E063-4704A8C066F2},900000,2024-05-13 00:00,M14 5TP,D,N,L,2,,WILMSLOW ROAD,,MANCHESTER,MANCHESTER,GREATER MANCHESTER,B,A
{25E9DA81-D4A7-555E-E063-4704A8C066F2},307000,2024-01-12 00:00,M1 6HR,F,N,L,50,FLAT 17,PRINCESS STREET,,MANCHESTER,MANCHESTER,GREATER MANCHESTER,B,A
{25E9DA81-B41E-555E-E063-4704A8C066F2},297000,2024-08-30 00:00,LS6 3PT,T,N,F,8,,ALMA COTTAGES,,LEEDS,LEEDS,WEST YORKSHIRE,A,A
{25E9DA81-DBFA-555E-E063-4704A8C066F2},265000,2024-09-24 00:00,M14 4DP,T,N,F,43,,RUSKIN AVENUE,,MANCHESTER,MANCHESTER,GREATER MANCHESTER,B,A
{25E9DA81-E316-555E-E063-4704A8C066F2},220500,2024-06-21 00:00,L15 0EW,T,N,F,62,,THORNYCROFT ROAD,,LIVERPOOL,LIVERPOOL,MERSEYSIDE,B,A
{25E9DA81-BAFE-555E-E063-4704A8C066F2},310000,2024-10-09 00:00,LS6 3NY,S,N,F,45,,ST ANNES ROAD,,LEEDS,LEEDS,WEST YORKSHIRE,A,A
{25E9DA81-BB01-555E-E063-4704A8C066F2},255000,2024-07-19 00:00,LS6 3ED,S,N,F,12,,QUEENSWOOD GARDENS,,LEEDS,LEEDS,WEST YORKSHIRE,A,A
{25E9DA81-E89A-555E-E063-4704A8C066F2},320000,2024-05-17 00:00,NG7 2JW,S,N,F,16,,MONTPELIER ROAD,,NOTTINGHAM,CITY OF NOTTINGHAM,CITY OF NOTTINGHAM,B,A
{25E9DA81-E8A4-555E-E063-4704A8C066F2},310000,2024-09-26 00:00,NG7 1JH,T,N,F,174,,HARRINGTON DRIVE,,NOTTINGHAM,CITY OF NOTTINGHAM,CITY OF NOTTINGHAM,B,A
{25E9DA81-E8A7-555E-E063-4704A8C066F2},140000,2024-05-17 00:00,NG7 7EQ,T,N,F,24,,DURNFORD STREET,,NOTTINGHAM,CITY OF NOTTINGHAM,CITY OF NOTTINGHAM,B,A
{25E9DA81-E8B5-555E-E063-4704A8C066F2},735000,2024-01-24 00:00,NG7 6NT,O,N,F,50,,WIVERTON ROAD,,NOTTINGHAM,CITY OF NOTTINGHAM,CITY OF NOTTINGHAM,B,A
{25E9DA81-F8C7-555E-E063-4704A8C066F2},365000,2024-06-07 00:00,CF24 4LJ,T,N,F,91,,LISVANE STREET,,CARDIFF,CARDIFF,CARDIFF,B,A
{25E9DA81-F8C9-555E-E063-4704A8C066F2},350000,2024-10-11 00:00,CF24 4QQ,T,N,F,14,,TEWKESBURY STREET,,CARDIFF,CARDIFF,CARDIFF,B,A
{25E9DA81-F8E0-555E-E063-4704A8C066F2},320000,2024-07-12 00:00,CF24 4RY,T,N,F,203,,INVERNESS PLACE,,CARDIFF,CARDIFF,CARDIFF,B,A
{25E9DA81-FE54-555E-E063-4704A8C066F2},400000,2024-10-04 00:00,LS6 1BJ,T,N,F,13,,HYDE PARK TERRACE,,LEEDS,LEEDS,WEST YORKSHIRE,B,A
{25E9DA81-FE5A-555E-E063-4704A8C066F2},245000,2024-09-17 00:00,LS6 1HZ,T,N,F,18,,PEARSON TERRACE,,LEEDS,LEEDS,WEST YORKSHIRE,B,A
{25E9DA81-FE5B-555E-E063-4704A8C066F2},164000,2024-09-30 00:00,LS6 3DR,S,N,F,29,,GREYSHIELS AVENUE,,LEEDS,LEEDS,WEST YORKSHIRE,B,A
{25E9DA81-FE64-555E-E063-4704A8C066F2},425000,2024-10-09 00:00,LS6 1HZ,T,N,F,3,,PEARSON TERRACE,,LEEDS,LEEDS,WEST YORKSHIRE,B,A
{25E9DA81-FE69-555E-E063-4704A8C066F2},255000,2024-10-16 00:00,LS6 1EN,T,N,F,24,,SCHOOL VIEW,,LEEDS,LEEDS,WEST YORKSHIRE,B,A
{25E9DA81-FE6B-555E-E063-4704A8C066F2},305000,2024-09-30 00:00,LS6 3JS,T,N,F,13,,GRIMTHORPE TERRACE,,LEEDS,LEEDS,WEST YORKSHIRE,B,A
{25E9DA82-0135-555E-E063-4704A8C066F2},197000,2024-04-29 00:00,LS6 1DR,T,N,F,81,,VICTORIA ROAD,,LEEDS,LEEDS,WEST YORKSHIRE,B,A
{25E9DA81-D4C0-555E-E063-4704A8C066F2},178000,2024-09-26 00:00,M1 5DE,F,N,L,"THE HACIENDA, 11 - 15",110,WHITWORTH STREET WEST,,MANCHESTER,MANCHESTER,GREATER MANCHESTER,B,A
{25E9DA81-0FD2-555E-E063-4704A8C066F2},220000,2024-07-03 00:00,M14 7QF,T,N,F,190,,HORTON ROAD,,MANCHESTER,MANCHESTER,GREATER MANCHESTER,A,A
{2D4D7609-1487-BDF9-E063-4804A8C0672F},367000,2024-12-05 00:00,M14 6BX,S,N,F,22,,DELACOURT ROAD,,MANCHESTER,MANCHESTER,GREATER MANCHESTER,A,A
{25E9DA81-AFF7-555E-E063-4704A8C066F2},305000,2024-09-20 00:00,LS6 3PH,S,N,F,83,,BECKETTS PARK CRESCENT,,LEEDS,LEEDS,WEST YORKSHIRE,A,A
{25E9DA81-AFF8-555E-E063-4704A8C066F2},220000,2024-07-22 00:00,LS6 3BX,T,N,F,20,,NEWPORT VIEW,,LEEDS,LEEDS,WEST YORKSHIRE,A,A
{25E9DA81-E344-555E-E063-4704A8C066F2},215000,2024-09-26 00:00,L15 3LB,O,N,F,4,,LANGDALE ROAD,,LIVERPOOL,LIVERPOOL,MERSEYSIDE,B,A
{25E9DA81-B8A4-555E-E063-4704A8C066F2},180000,2024-10-17 00:00,LS6 4DX,F,N,L,CLAIRE COURT,FLAT 4,MONK BRIDGE ROAD,,LEEDS,LEEDS,WEST YORKSHIRE,A,A
{25E9DA81-BB33-555E-E063-4704A8C066F2},382500,2024-09-12 00:00,LS6 4BZ,S,N,F,29,,MOOR PARK VILLAS,,LEEDS,LEEDS,WEST YORKSHIRE,A,A
{2D4D7609-2BEC-BDF9-E063-4804A8C0672F},375000,2024-08-18 00:00,M14 7DN,D,N,F,77,,WILBRAHAM ROAD,,MANCHESTER,MANCHESTER,GREATER MANCHESTER,A,A
{2D4D7609-2FD4-BDF9-E063-4804A8C0672F},221000,2024-05-31 00:00,M1 2HH,F,N,L,53,3.03A,DALE STREET,,MANCHESTER,MANCHESTER,GREATER MANCHESTER,A,A
{25E9DA81-F8FA-555E-E063-4704A8C066F2},266000,2024-09-30 00:00,CF24 3LB,S,N,F,30,,GLENROY STREET,,CARDIFF,CARDIFF,CARDIFF,B,A
{25E9DA81-F8FB-555E-E063-4704A8C066F2},470000,2024-09-25 00:00,CF24 4RT,T,N,F,176,,MACKINTOSH PLACE,,CARDIFF,CARDIFF,CARDIFF,B,A
{25E9DA81-F901-555E-E063-4704A8C066F2},201500,2024-02-09 00:00,CF24 4EY,T,N,F,56,,MAY STREET,,CARDIFF,CARDIFF,CARDIFF,B,A
{25E9DA81-F909-555E-E063-4704A8C066F2},140000,2024-07-05 00:00,CF24 0LJ,T,N,F,14,,LEAD STREET,,CARDIFF,CARDIFF,CARDIFF,B,A
{2D4D7609-2FF0-BDF9-E063-4804A8C0672F},170000,2024-05-15 00:00,M1 2HS,F,N,L,57,3.11,DALE STREET,,MANCHESTER,MANCHESTER,GREATER MANCHESTER,A,A
{2D4D7609-36FB-BDF9-E063-4804A8C0672F},75000,2024-08-05 00:00,L15 0AB,F,N,L,59,,MYSTERY CLOSE,,LIVERPOOL,LIVERPOOL,MERSEYSIDE,A,A
{25E9DA81-0FEE-555E-E063-4704A8C066F2},300000,2024-09-17 00:00,M1 3WE,F,N,L,"VELVET HOUSE, 60",APARTMENT 24,SACKVILLE STREET,,MANCHESTER,MANCHESTER,GREATER MANCHESTER,A,A
{2D4D7609-14AE-BDF9-E063-4804A8C0672F},158000,2024-12-18 00:00,L15 0HH,T,N,F,36,,LISCARD ROAD,,LIVERPOOL,LIVERPOOL,MERSEYSIDE,A,A
{25E9DA81-B01A-555E-E063-4704A8C066F2},269995,2024-06-28 00:00,LS6 4LS,S,N,F,23,,SUNSET ROAD,,LEEDS,LEEDS,WEST YORKSHIRE,A,A
{25E9DA81-B01E-555E-E063-4704A8C066F2},574600,2024-05-17 00:00,LS6 3QD,D,N,F,12A,,ST CHADS DRIVE,,LEEDS,LEEDS,WEST YORKSHIRE,A,A
{25E9DA81-B22E-555E-E063-4704A8C066F2},175000,2024-02-09 00:00,LS6 4BJ,F,N,L,8,,MOOR ROAD,,LEEDS,LEEDS,WEST YORKSHIRE,A,A
{25E9DA81-E373-555E-E063-4704A8C066F2},240000,2024-09-30 00:00,L15 7JP,T,N,F,22,,DUNHAM ROAD,,LIVERPOOL,LIVERPOOL,MERSEYSIDE,B,A
{25E9DA81-E383-555E-E063-4704A8C066F2},235000,2024-10-07 00:00,L15 8LZ,S,N,F,31,,VICTORIA COURT,WAVERTREE,LIVERPOOL,LIVERPOOL,MERSEYSIDE,B,A
{25E9DA81-B8B1-555E-E063-4704A8C066F2},239500,2024-09-16 00:00,LS6 3LN,S,N,F,23,,WOODBRIDGE CRESCENT,,LEEDS,LEEDS,WEST YORKSHIRE,A,A
{2D4D7609-2C07-BDF9-E063-4804A8C0672F},245000,2024-12-16 00:00,M1 5BE,F,N,L,"THE LOCK BUILDING, 41",APARTMENT 911,WHITWORTH STREET WEST,,MANCHESTER,MANCHESTER,GREATER MANCHESTER,A,A
{25E9DA81-F92D-555E-E063-4704A8C066F2},48600000,2024-03-27 00:00,CF24 4LU,O,N,F,CARDIFF UNIVERSITY,,,,CARDIFF,CARDIFF,CARDIFF,B,A
{2D4D7609-2FF2-BDF9-E063-4804A8C0672F},165000,2024-12-13 00:00,M1 2HS,F,N,L,57,4.19A,DALE STREET,,MANCHESTER,MANCHESTER,GREATER MANCHESTER,A,A
{2D4D7609-301B-BDF9-E063-4804A8C0672F},267000,2024-11-25 00:00,M1 2ER,F,N,L,"VANTAGE QUAY, 5",APARTMENT 93,BREWER STREET,,MANCHESTER,MANCHESTER,GREATER MANCHESTER,A,A
{2D4D7609-33D4-BDF9-E063-4804A8C0672F},210000,2024-06-14 00:00,L15 7JP,T,N,F,24,,DUNHAM ROAD,,LIVERPOOL,LIVERPOOL,MERSEYSIDE,A,A
{25E9DA81-CA01-555E-E063-4704A8C066F2},231000,2024-06-10 00:00,CF24 2TN,S,N,F,11,,DE BAWDRIP ROAD,,CARDIFF,CARDIFF,CARDIFF,B,A
{25E9DA81-E90A-555E-E063-4704A8C066F2},2050000,2024-07-10 00:00,NG7 2TA,O,N,F,EURO HOUSE,,WILLOW ROAD,,NOTTINGHAM,CITY OF NOTTINGHAM,CITY OF NOTTINGHAM,B,A
{25E9DA81-E91F-555E-E063-4704A8C066F2},220000,2024-05-15 00:00,NG7 6BG,S,N,F,16A,,GREGORY BOULEVARD,,NOTTINGHAM,CITY OF NOTTINGHAM,CITY OF NOTTINGHAM,B,A
{2D4D7609-2C3F-BDF9-E063-4804A8C0672F},130000,2024-09-12 00:00,M14 6XH,F,N,L,TATTON COURT,FLAT 51,EGERTON ROAD,,MANCHESTER,MANCHESTER,GREATER MANCHESTER,A,A
{2D4D7609-2C49-BDF9-E063-4804A8C0672F},220000,2024-12-16 00:00,M1 2EY,F,N,L,72,FLAT 302,CHAPELTOWN STREET,,MANCHESTER,MANCHESTER,GREATER MANCHESTER,A,A
{2D4D7609-340B-BDF9-E063-4804A8C0672F},151000,2024-08-12 00:00,L15 3JG,F,N,F,51,,LIDDERDALE ROAD,,LIVERPOOL,LIVERPOOL,MERSEYSIDE,A,A
{25E9DA81-CA31-555E-E063-4704A8C066F2},188000,2024-07-31 00:00,CF24 2SQ,T,N,F,33,,DUNSMUIR ROAD,,CARDIFF,CARDIFF,CARDIFF,B,A
{25E9DA81-0DD3-555E-E063-4704A8C066F2},160000,2024-08-23 00:00,M14 6QQ,F,N,L,13,,ABERSOCH AVENUE,,MANCHESTER,MANCHESTER,GREATER MANCHESTER,A,A
{25E9DA81-B046-555E-E063-4704A8C066F2},279000,2024-10-04 00:00,LS6 3DF,S,N,F,27,,ROCHESTER TERRACE,,LEEDS,LEEDS,WEST YORKSHIRE,A,A
{25E9DA81-E434-555E-E063-4704A8C066F2},1000,2024-09-30 00:00,L15 6XE,O,N,F,59,,MOSS PITS LANE,WAVERTREE,LIVERPOOL,LIVERPOOL,MERSEYSIDE,B,A
{25E9DA81-E922-555E-E063-4704A8C066F2},200000,2024-10-02 00:00,NG7 2RF,O,N,L,EDISON VILLAGE,1-2,NOTTINGHAM SCIENCE & TECHNOLOGY PARK,,NOTTINGHAM,CITY OF NOTTINGHAM,CITY OF NOTTINGHAM,B,A
{25E9DA81-BB8B-555E-E063-4704A8C066F2},355000,2024-06-28 00:00,LS6 1FH,T,N,F,22,,VICTORIA GARDENS,HYDE PARK,LEEDS,LEEDS,WEST YORKSHIRE,A,A
{25E9DA81-E925-555E-E063-4704A8C066F2},186000,2024-06-24 00:00,NG7 7AH,T,N,F,86,,NOTTINGHAM ROAD,,NOTTINGHAM,CITY OF NOTTINGHAM,CITY OF NOTTINGHAM,B,A
{25E9DA81-E926-555E-E063-4704A8C066F2},117000,2024-10-18 00:00,NG7 5JN,T,N,F,6,,FREISTON STREET,,NOTTINGHAM,CITY OF NOTTINGHAM,CITY OF NOTTINGHAM,B,A
{25E9DA81-E927-555E-E063-4704A8C066F2},150000,2024-10-23 00:00,NG7 2NT,F,N,L,NAZARETH COURT,28,NAZARETH ROAD,,NOTTINGHAM,CITY OF NOTTINGHAM,CITY OF NOTTINGHAM,B,A
{25E9DA81-E93B-555E-E063-4704A8C066F2},164000,2024-09-27 00:00,NG7 6LS,T,N,F,94,,EXETER ROAD,,NOTTINGHAM,CITY OF NOTTINGHAM,CITY OF NOTTINGHAM,B,A
{34222872-156D-4D2B-E063-4704A8C07853},207000,2024-10-08 00:00,CF24 2BE,T,N,F,THE OLD BAKE HOUSE,,JANET STREET,,CARDIFF,CARDIFF,CARDIFF,A,A
{25E9DA81-F968-555E-E063-4704A8C066F2},350000,2024-10-16 00:00,CF24 4BQ,T,N,F,17,,COBURN STREET,,CARDIFF,CARDIFF,CARDIFF,B,A
{2D4D7609-2C7D-BDF9-E063-4804A8C0672F},255000,2024-09-05 00:00,M1 2NL,F,N,L,29,,JAMES BRINDLEY BASIN,,MANCHESTER,MANCHESTER,GREATER MANCHESTER,A,A
{2D4D7609-2C95-BDF9-E063-4804A8C0672F},417000,2024-05-01 00:00,M1 2EX,F,N,L,"CRUSADER MILL, 70",FLAT 410,CHAPELTOWN STREET,,MANCHESTER,MANCHESTER,GREATER MANCHESTER,A,A
{25E9DA81-FEFC-555E-E063-4704A8C066F2},189950,2024-09-16 00:00,LS6 1JS,T,N,F,22,,THORNVILLE AVENUE,,LEEDS,LEEDS,WEST YORKSHIRE,B,A
{2D4D7609-3441-BDF9-E063-4804A8C0672F},190000,2024-12-06 00:00,L15 3JE,T,N,F,49,,BROOKDALE ROAD,,LIVERPOOL,LIVERPOOL,MERSEYSIDE,A,A
{25E9DA81-E03E-555E-E063-4704A8C066F2},210000,2024-09-13 00:00,M14 4SB,T,N,F,26,,BERESFORD STREET,,MANCHESTER,MANCHESTER,GREATER MANCHESTER,B,A
{25E9DA81-E959-555E-E063-4704A8C066F2},200000,2024-09-30 00:00,NG7 6LP,T,N,F,61,,EXETER ROAD,,NOTTINGHAM,CITY OF NOTTINGHAM,CITY OF NOTTINGHAM,B,A
{25E9DA81-CA60-555E-E063-4704A8C066F2},105000,2024-10-11 00:00,CF24 3NY,F,N,L,293,FLAT 3,ALBANY ROAD,,CARDIFF,CARDIFF,CARDIFF,B,A
{25E9DA81-CA6F-555E-E063-4704A8C066F2},305000,2024-07-19 00:00,CF24 0HZ,T,N,F,43,,PLANET STREET,,CARDIFF,CARDIFF,CARDIFF,B,A
{25E9DA81-D321-555E-E063-4704A8C066F2},360000,2024-05-24 00:00,M14 6GQ,T,N,F,18,,FILEY ROAD,,MANCHESTER,MANCHESTER,GREATER MANCHESTER,B,A
{2D4D7609-345F-BDF9-E063-4804A8C0672F},113000,2024-11-29 00:00,L15 0EZ,T,N,F,119,,GROSVENOR ROAD,WAVERTREE,LIVERPOOL,LIVERPOOL,MERSEYSIDE,A,A
{25E9DA81-E059-555E-E063-4704A8C066F2},290000,2024-05-10 00:00,M1 5GB,F,N,L,1,FLAT 15,CAMBRIDGE STREET,,MANCHESTER,MANCHESTER,GREATER MANCHESTER,B,A
{2D4D7609-154C-BDF9-E063-4804A8C0672F},410000,2024-07-16 00:00,M14 6LW,S,N,F,50,,MABFIELD ROAD,,MANCHESTER,MANCHESTER,GREATER MANCHESTER,B,A
{25E9DA81-E9D9-555E-E063-4704A8C066F2},155000,2024-09-06 00:00,NG7 7GN,T,N,F,51,,EGYPT ROAD,,NOTTINGHAM,CITY OF NOTTINGHAM,CITY OF NOTTINGHAM,B,A
{2D4D7609-2A13-BDF9-E063-4804A8C0672F},300000,2024-12-16 00:00,M1 2BL,F,N,L,40,APARTMENT 127,HILTON STREET,,MANCHESTER,MANCHESTER,GREATER MANCHESTER,A,A
{25E9DA81-D34A-555E-E063-4704A8C066F2},325000,2024-05-10 00:00,M14 6AD,T,N,F,31,,GRANVILLE ROAD,,MANCHESTER,MANCHESTER,GREATER MANCHESTER,B,A
{2D4D7609-1829-BDF9-E063-4804A8C0672F},460000,2024-12-06 00:00,M14 6WQ,T,N,F,102,,LADYBARN ROAD,,MANCHESTER,MANCHESTER,GREATER MANCHESTER,A,A
{2D4D7609-2E43-BDF9-E063-4804A8C0672F},419453,2024-04-12 00:00,M1 3AT,F,Y,L,"CARDING BUILDING, 42",FLAT 1203,WHITWORTH STREET,,MANCHESTER,MANCHESTER,GREATER MANCHESTER,A,A
{2D4D7609-2E5A-BDF9-E063-4804A8C0672F},170000,2024-08-27 00:00,M14 6HY,F,N,L,APPLEBY LODGE,FLAT 52,WILMSLOW ROAD,,MANCHESTER,MANCHESTER,GREATER MANCHESTER,A,A
{2D4D7609-34B1-BDF9-E063-4804A8C0672F},184000,2024-11-15 00:00,L15 5AU,T,N,F,28,,WEARDALE ROAD,,LIVERPOOL,LIVERPOOL,MERSEYSIDE,A,A
{2D4D7609-34CA-BDF9-E063-4804A8C0672F},171000,2024-08-28 00:00,L15 5BW,T,N,F,34,,FALLOWFIELD ROAD,,LIVERPOOL,LIVERPOOL,MERSEYSIDE,A,A
{25E9DA81-F76C-555E-E063-4704A8C066F2},142000,2024-05-30 00:00,NE6 5DS,F,N,L,366,,SIMONSIDE TERRACE,,NEWCASTLE UPON TYNE,NEWCASTLE UPON TYNE,TYNE AND WEAR,B,A
{25E9DA81-F778-555E-E063-4704A8C066F2},200000,2024-10-04 00:00,NE6 5LQ,O,N,F,284,,CHILLINGHAM ROAD,,NEWCASTLE UPON TYNE,NEWCASTLE UPON TYNE,TYNE AND WEAR,B,A
{25E9DA81-F9F7-555E-E063-4704A8C066F2},420000,2024-02-15 00:00,CF24 3PX,T,N,F,77,,CONNAUGHT ROAD,,CARDIFF,CARDIFF,CARDIFF,B,A
{34222872-173A-4D2B-E063-4704A8C07853},230000,2024-12-06 00:00,CF24 1RU,T,N,F,18,,RICHARDS TERRACE,,CARDIFF,CARDIFF,CARDIFF,A,A
{2D4D7609-2A6E-BDF9-E063-4804A8C0672F},220000,2024-07-23 00:00,M14 7LP,S,N,F,5,,CLINTON GARDENS,,MANCHESTER,MANCHESTER,GREATER MANCHESTER,A,A
{2D4D7609-2E6C-BDF9-E063-4804A8C0672F},345000,2024-04-10 00:00,M1 3AR,F,Y,L,"CARDING BUILDING, 42",FLAT 105,WHITWORTH STREET,,MANCHESTER,MANCHESTER,GREATER MANCHESTER,A,A
{25E9DA81-DB02-555E-E063-4704A8C066F2},520000,2024-07-19 00:00,M14 6SE,S,N,F,10,,AUBREY ROAD,,MANCHESTER,MANCHESTER,GREATER MANCHESTER,B,A
{25E9DA81-DB04-555E-E063-4704A8C066F2},195000,2024-09-20 00:00,L15 3HH,T,N,F,33,,CLAREMONT ROAD,WAVERTREE,LIVERPOOL,LIVERPOOL,MERSEYSIDE,B,A
{25E9DA81-DB11-555E-E063-4704A8C066F2},210000,2024-04-16 00:00,L15 3JJ,O,N,F,373,,SMITHDOWN ROAD,,LIVERPOOL,LIVERPOOL,MERSEYSIDE,B,A
{2D4D7609-34FB-BDF9-E063-4804A8C0672F},220000,2024-12-17 00:00,L15 7LX,S,N,L,10,,WESTWAY,WAVERTREE,LIVERPOOL,LIVERPOOL,MERSEYSIDE,A,A
{2D4D7609-3954-BDF9-E063-4804A8C0672F},295000,2024-12-12 00:00,L15 9ET,S,N,F,17,,GRANTLEY ROAD,,LIVERPOOL,LIVERPOOL,MERSEYSIDE,A,A
{2D4D7609-396F-BDF9-E063-4804A8C0672F},250000,2024-12-06 00:00,L15 7LR,T,N,F,24,,ACUBA ROAD,,LIVERPOOL,LIVERPOOL,MERSEYSIDE,A,A
{2D4D7609-397E-BDF9-E063-4804A8C0672F},160000,2024-01-06 00:00,L15 7LU,T,N,F,3,,FIELDWAY,WAVERTREE,LIVERPOOL,LIVERPOOL,MERSEYSIDE,A,A
{25E9DA81-E1DC-555E-E063-4704A8C066F2},185000,2024-08-29 00:00,M1 2ER,F,N,L,"VANTAGE QUAY, 5",APARTMENT 97,BREWER STREET,,MANCHESTER,MANCHESTER,GREATER MANCHESTER,B,A
{402A3A66-1AE8-A7DF-E063-4804A8C0B80D},235000,2024-09-23 00:00,L15 6XR,S,N,L,20,,DORKING GROVE,,LIVERPOOL,LIVERPOOL,MERSEYSIDE,A,A
{25E9DA81-F798-555E-E063-4704A8C066F2},99000,2024-10-21 00:00,NE6 4BQ,T,N,F,31,,FINSBURY AVENUE,,NEWCASTLE UPON TYNE,NEWCASTLE UPON TYNE,TYNE AND WEAR,B,A
{25E9DA81-F7AC-555E-E063-4704A8C066F2},157000,2024-10-03 00:00,NE6 1SH,S,N,F,87,,TYNEMOUTH ROAD,,NEWCASTLE UPON TYNE,NEWCASTLE UPON TYNE,TYNE AND WEAR,B,A
{25E9DA81-FFAA-555E-E063-4704A8C066F2},265000,2024-06-28 00:00,LS6 3DQ,T,N,F,1,,BROOMFIELD TERRACE,,LEEDS,LEEDS,WEST YORKSHIRE,B,A
{25E9DA81-FFAC-555E-E063-4704A8C066F2},372500,2024-09-16 00:00,LS6 3HD,T,N,F,160,,ASH ROAD,,LEEDS,LEEDS,WEST YORKSHIRE,B,A
{2D4D7609-2A7E-BDF9-E063-4804A8C0672F},315000,2024-11-29 00:00,M1 2BL,F,N,L,40,APARTMENT 722,HILTON STREET,,MANCHESTER,MANCHESTER,GREATER MANCHESTER,A,A
{2D4D7609-2A90-BDF9-E063-4804A8C0672F},155000,2024-12-20 00:00,M14 6HQ,F,N,L,APPLEBY LODGE,FLAT 35,WILMSLOW ROAD,,MANCHESTER,MANCHESTER,GREATER MANCHESTER,A,A
{2D4D7609-2A98-BDF9-E063-4804A8C0672F},190000,2024-11-29 00:00,M14 5SF,F,N,L,ASHBURNE HOUSE,FLAT 33,OXFORD PLACE,,MANCHESTER,MANCHESTER,GREATER MANCHESTER,A,A
{25E9DA81-DB33-555E-E063-4704A8C066F2},250000,2024-06-27 00:00,M14 5NL,S,N,L,18,,ALDWYCH AVENUE,,MANCHESTER,MANCHESTER,GREATER MANCHESTER,B,A
{2D4D7609-350A-BDF9-E063-4804A8C0672F},191000,2024-12-13 00:00,L15 3HR,T,N,F,108,,BARRINGTON ROAD,,LIVERPOOL,LIVERPOOL,MERSEYSIDE,A,A
{25E9DA81-F7D0-555E-E063-4704A8C066F2},135500,2024-01-19 00:00,NE6 5SP,F,N,L,178,,BIDDLESTONE ROAD,HEATON,NEWCASTLE UPON TYNE,NEWCASTLE UPON TYNE,TYNE AND WEAR,B,A
{25E9DA81-DB5C-555E-E063-4704A8C066F2},320000,2024-09-25 00:00,L15 8HL,T,N,F,6,,HUNTERS LANE,,LIVERPOOL,LIVERPOOL,MERSEYSIDE,B,A
{34222872-6AC1-4D2B-E063-4704A8C07853},287000,2024-07-05 00:00,M14 7BH,S,N,L,9,,WHITMORE ROAD,,MANCHESTER,MANCHESTER,GREATER MANCHESTER,A,A
{25E9DA81-DB63-555E-E063-4704A8C066F2},100000,2024-08-21 00:00,L15 0EZ,T,N,F,163,,GROSVENOR ROAD,WAVERTREE,LIVERPOOL,LIVERPOOL,MERSEYSIDE,B,A
{402A3A66-1B24-A7DF-E063-4804A8C0B80D},120000,2024-11-11 00:00,L15 4LX,T,N,F,10,,PEARSON STREET,,LIVERPOOL,LIVERPOOL,MERSEYSIDE,A,A
{2D4D7609-3576-BDF9-E063-4804A8C0672F},165000,2024-04-26 00:00,L15 5BX,T,N,F,19,,DEEPFIELD ROAD,,LIVERPOOL,LIVERPOOL,MERSEYSIDE,A,A
{25E9DA81-F81A-555E-E063-4704A8C066F2},179000,2024-06-28 00:00,NE6 3LG,S,N,F,8,,RADSTOCK WALK,WALKER,NEWCASTLE UPON TYNE,NEWCASTLE UPON TYNE,TYNE AND WEAR,B,A
{25E9DA81-E2AE-555E-E063-4704A8C066F2},255000,2024-07-01 00:00,L15 3HS,T,N,F,3,,BLANTYRE ROAD,,LIVERPOOL,LIVERPOOL,MERSEYSIDE,B,A
{2D4D7609-2B25-BDF9-E063-4804A8C0672F},165000,2024-12-18 00:00,M14 5HX,F,N,L,2 - 4,FLAT 8,BIRCH POLYGON,,MANCHESTER,MANCHESTER,GREATER MANCHESTER,A,A
{402A3A66-1AFC-A7DF-E063-4804A8C0B80D},275000,2024-07-19 00:00,L15 8HS,T,N,F,40,,CHESTNUT GROVE,WAVERTREE,LIVERPOOL,LIVERPOOL,MERSEYSIDE,A,A
{2D4D7609-35B5-BDF9-E063-4804A8C0672F},155000,2024-12-13 00:00,L15 3HE,T,N,F,33,,AVONDALE ROAD,,LIVERPOOL,LIVERPOOL,MERSEYSIDE,A,A
{25E9DA81-F82D-555E-E063-4704A8C066F2},139000,2024-09-09 00:00,NE6 4TD,S,N,F,29,,ROWANTREE ROAD,,NEWCASTLE UPON TYNE,NEWCASTLE UPON TYNE,TYNE AND WEAR,B,A
{25E9DA81-F847-555E-E063-4704A8C066F2},183000,2024-08-23 00:00,NE6 1BH,O,N,F,30,,CHURCHILL MEWS,,NEWCASTLE UPON TYNE,NEWCASTLE UPON TYNE,TYNE AND WEAR,B,A
{25E9DA81-E2CB-555E-E063-4704A8C066F2},116000,2024-10-08 00:00,L15 0ER,T,N,F,10,,KELLIT ROAD,,LIVERPOOL,LIVERPOOL,MERSEYSIDE,B,A
{2D4D7609-2B30-BDF9-E063-4804A8C0672F},332500,2024-12-19 00:00,M1 2HN,F,N,L,"FINLAY WAREHOUSE, 56",FLAT 11,DALE STREET,,MANCHESTER,MANCHESTER,GREATER MANCHESTER,A,A
{34222872-1924-4D2B-E063-4704A8C07853},345000,2024-01-19 00:00,CF24 0DS,F,N,L,ST. JAMES,THE MEWS,NEWPORT ROAD,,CARDIFF,CARDIFF,CARDIFF,A,A
{25E9DA81-E86A-555E-E063-4704A8C066F2},320000,2024-05-31 00:00,NG7 1PW,T,N,F,123,,ROTHESAY AVENUE,,NOTTINGHAM,CITY OF NOTTINGHAM,CITY OF NOTTINGHAM,B,A
{25E9DA81-E870-555E-E063-4704A8C066F2},165000,2024-07-17 00:00,NG7 7LL,T,N,F,34,,BEECH AVENUE,NEW BASFORD,NOTTINGHAM,CITY OF NOTTINGHAM,CITY OF NOTTINGHAM,B,A
{2D4D7609-35D7-BDF9-E063-4804A8C0672F},182000,2024-12-18 00:00,L15 4JG,S,N,F,5,,MALCOLM PLACE,,LIVERPOOL,LIVERPOOL,MERSEYSIDE,A,A
{2D4D7609-3697-BDF9-E063-4804A8C0672F},430000,2024-12-13 00:00,L15 6WA,D,N,L,61,,CHARNLEY DRIVE,WAVERTREE,LIVERPOOL,LIVERPOOL,MERSEYSIDE,A,A
{2D4D7609-3698-BDF9-E063-4804A8C0672F},150000,2024-12-09 00:00,L15 4LR,T,N,F,7,,TIVERTON STREET,WAVERTREE,LIVERPOOL,LIVERPOOL,MERSEYSIDE,A,A
{2D4D7609-36A0-BDF9-E063-4804A8C0672F},134000,2024-11-20 00:00,L15 9EJ,F,N,L,24,,SPRINGHILL COURT,,LIVERPOOL,LIVERPOOL,MERSEYSIDE,A,A
{34222872-44B8-4D2B-E063-4704A8C07853},286000,2024-11-22 00:00,M14 5GR,S,N,F,50,,LONGFORD PLACE,,MANCHESTER,MANCHESTER,GREATER MANCHESTER,A,A
{34222872-6C33-4D2B-E063-4704A8C07853},180000,2024-08-16 00:00,M14 4JW,T,N,F,19,,TYLDESLEY STREET,,MANCHESTER,MANCHESTER,GREATER MANCHESTER,A,A
{2D4D7609-36A6-BDF9-E063-4804A8C0672F},135000,2024-05-09 00:00,L15 9EJ,F,N,L,32,,SPRINGHILL COURT,,LIVERPOOL,LIVERPOOL,MERSEYSIDE,A,A
{2D4D7609-1434-BDF9-E063-4804A8C0672F},200000,2024-10-07 00:00,M14 4SA,T,N,F,42,,BERESFORD STREET,,MANCHESTER,MANCHESTER,GREATER MANCHESTER,A,A
{2859C1AB-A7C0-52B4-E063-4804A8C05948},190000,2024-10-30 00:00,CF24 2AN,T,N,F,15,,KILCATTAN STREET,,CARDIFF,CARDIFF,CARDIFF,A,A
{2859C1AB-AA2A-52B4-E063-4804A8C05948},250000,2024-05-24 00:00,CF24 2JY,T,N,F,79,,HABERSHON STREET,,CARDIFF,CARDIFF,CARDIFF,A,A
{2859C1AB-AC72-52B4-E063-4804A8C05948},207000,2024-08-30 00:00,CF24 3PU,F,N,L,44,GROUND FLOOR FLAT,CONNAUGHT ROAD,,CARDIFF,CARDIFF,CARDIFF,A,A
{2D4D7609-2F7D-BDF9-E063-4804A8C0672F},250000,2024-08-08 00:00,M1 5QD,F,N,L,"THE QUADRANGLE, 1",APARTMENT 137,LOWER ORMOND STREET,,MANCHESTER,MANCHESTER,GREATER MANCHESTER,A,A
{2859C1AB-AA40-52B4-E063-4804A8C05948},129000,2024-06-20 00:00,CF24 4TH,F,N,L,163,FLAT 2,MOY ROAD,ROATH,CARDIFF,CARDIFF,CARDIFF,A,A
{2859C1AB-ACA7-52B4-E063-4804A8C05948},185000,2024-04-11 00:00,CF24 2AD,T,N,F,85,,SANQUHAR STREET,,CARDIFF,CARDIFF,CARDIFF,A,A
{34222872-465E-4D2B-E063-4704A8C07853},210000,2024-01-19 00:00,M1 6HP,F,N,L,"CHINA HOUSE, 14",FLAT 14,HARTER STREET,,MANCHESTER,MANCHESTER,GREATER MANCHESTER,A,A
{34222872-46A0-4D2B-E063-4704A8C07853},315000,2024-02-14 00:00,M1 1EP,F,N,L,"THE SORTING HOUSE, 83",FLAT 10,NEWTON STREET,,MANCHESTER,MANCHESTER,GREATER MANCHESTER,A,A
{2859C1AB-ACD3-52B4-E063-4804A8C05948},188000,2024-05-31 00:00,CF24 2NL,T,N,F,11,,COVENY STREET,,CARDIFF,CARDIFF,CARDIFF,A,A
{2D4D7609-4EF3-BDF9-E063-4804A8C0672F},135000,2024-02-20 00:00,NG7 6PY,T,N,F,10,,TISSINGTON ROAD,,NOTTINGHAM,CITY OF NOTTINGHAM,CITY OF NOTTINGHAM,B,A
{2D4D7609-4EFA-BDF9-E063-4804A8C0672F},225000,2024-05-09 00:00,NG7 1RU,F,N,L,PARK ROCK,APARTMENT 5C,CASTLE BOULEVARD,,NOTTINGHAM,CITY OF NOTTINGHAM,CITY OF NOTTINGHAM,A,A
{34222872-46F0-4D2B-E063-4704A8C07853},185000,2024-11-28 00:00,M1 5BZ,F,N,L,"CHORLTON MILL, 3",510,CAMBRIDGE STREET,,MANCHESTER,MANCHESTER,GREATER MANCHESTER,A,A
{34222872-4703-4D2B-E063-4704A8C07853},180000,2024-06-20 00:00,M1 3BS,F,N,L,14,FLAT 25,WHITWORTH STREET,,MANCHESTER,MANCHESTER,GREATER MANCHESTER,B,A
{34222872-4707-4D2B-E063-4704A8C07853},336000,2024-07-05 00:00,M1 2DF,F,N,L,"JUNCTION WORKS, 40",APARTMENT 29,DUCIE STREET,,MANCHESTER,MANCHESTER,GREATER MANCHESTER,A,A
{34222872-474F-4D2B-E063-4704A8C07853},190000,2024-06-26 00:00,M14 5BZ,F,N,L,"FITZWILLIAM COURT, 19 - 21",APARTMENT 7,ANSON ROAD,,MANCHESTER,MANCHESTER,GREATER MANCHESTER,A,A
{2D4D7609-5235-BDF9-E063-4804A8C0672F},175000,2024-12-18 00:00,NG7 6FZ,T,N,F,2,,GOODLIFFE STREET,,NOTTINGHAM,CITY OF NOTTINGHAM,CITY OF NOTTINGHAM,A,A
{34222872-1A11-4D2B-E063-4704A8C07853},131000,2024-06-28 00:00,CF24 1NW,F,N,L,51,GROUND FLOOR FLAT,CECIL STREET,ROATH,CARDIFF,CARDIFF,CARDIFF,A,A
{31C68072-4B3B-FEE3-E063-4804A8C04F37},395000,2024-07-26 00:00,M1 2EX,F,Y,L,"CRUSADER MILL, 70",FLAT 316,CHAPELTOWN STREET,,MANCHESTER,MANCHESTER,GREATER MANCHESTER,A,A
{2859C1AB-AAE4-52B4-E063-4804A8C05948},190000,2024-10-30 00:00,CF24 1QF,S,N,F,85,,BROADWAY,,CARDIFF,CARDIFF,CARDIFF,A,A
{2859C1AB-AE73-52B4-E063-4804A8C05948},156500,2024-07-01 00:00,CF24 3PR,F,N,L,7,FLAT 3,PRINCES STREET,,CARDIFF,CARDIFF,CARDIFF,A,A
{2859C1AB-AEA4-52B4-E063-4804A8C05948},239000,2024-11-08 00:00,CF24 4LL,T,N,F,42,,LISVANE STREET,,CARDIFF,CARDIFF,CARDIFF,A,A
{2D4D7609-4CE3-BDF9-E063-4804A8C0672F},148000,2024-10-28 00:00,NG7 6NR,T,N,F,34,,MYRTLE AVENUE,,NOTTINGHAM,CITY OF NOTTINGHAM,CITY OF NOTTINGHAM,A,A
{2D4D7609-4CE7-BDF9-E063-4804A8C0672F},210000,2024-05-31 00:00,NG7 2LE,S,N,F,7,,MARLBOROUGH STREET,,NOTTINGHAM,CITY OF NOTTINGHAM,CITY OF NOTTINGHAM,A,A
{2859C1AB-AB26-52B4-E063-4804A8C05948},175000,2024-10-04 00:00,CF24 3PX,T,N,L,80B,,CONNAUGHT ROAD,,CARDIFF,CARDIFF,CARDIFF,A,A
{2859C1AB-AB32-52B4-E063-4804A8C05948},190000,2024-06-21 00:00,CF24 3NX,F,N,L,269,APARTMENT 5,ALBANY ROAD,,CARDIFF,CARDIFF,CARDIFF,A,A
{2859C1AB-AB33-52B4-E063-4804A8C05948},180000,2024-11-12 00:00,CF24 3PR,F,N,L,16,FLAT 1,PRINCES STREET,,CARDIFF,CARDIFF,CARDIFF,A,A
{31C68072-4BAA-FEE3-E063-4804A8C04F37},363733,2024-08-29 00:00,M1 3AJ,F,Y,L,"LINTER BUILDING, 44",FLAT 511,WHITWORTH STREET,,MANCHESTER,MANCHESTER,GREATER MANCHESTER,A,A
{2859C1AB-AB56-52B4-E063-4804A8C05948},145000,2024-01-29 00:00,CF24 4QJ,F,N,L,25B,,DOGFIELD STREET,,CARDIFF,CARDIFF,CARDIFF,A,A
{31C68072-5577-FEE3-E063-4804A8C04F37},267500,2024-08-13 00:00,L15 9HQ,T,N,F,22,,CHARLES BERRINGTON ROAD,,LIVERPOOL,LIVERPOOL,MERSEYSIDE,A,A
{31C68072-5595-FEE3-E063-4804A8C04F37},280000,2024-11-15 00:00,L15 7LD,T,N,F,329,,THINGWALL ROAD,,LIVERPOOL,LIVERPOOL,MERSEYSIDE,A,A
{402A3A66-DE43-A7DF-E063-4804A8C0B80D},187500,2024-06-27 00:00,NE6 5PN,T,N,F,91,,MALCOLM STREET,,NEWCASTLE UPON TYNE,NEWCASTLE UPON TYNE,TYNE AND WEAR,B,A
{31C68072-4BDB-FEE3-E063-4804A8C04F37},378975,2024-08-29 00:00,M1 3AW,F,Y,L,"LINTER BUILDING, 44",FLAT 1005,WHITWORTH STREET,,MANCHESTER,MANCHESTER,GREATER MANCHESTER,A,A
{31C68072-5045-FEE3-E063-4804A8C04F37},190000,2024-11-15 00:00,L15 3HG,T,N,F,26,,KENMARE ROAD,,LIVERPOOL,LIVERPOOL,MERSEYSIDE,A,A
{2D4D7609-4D7F-BDF9-E063-4804A8C0672F},175000,2024-08-23 00:00,NG7 6AR,T,N,F,223,,NOEL STREET,,NOTTINGHAM,CITY OF NOTTINGHAM,CITY OF NOTTINGHAM,A,A
{2D4D7609-5029-BDF9-E063-4804A8C0672F},96000,2024-09-18 00:00,NG7 2HS,F,N,L,4,,THE BAYLEY,,NOTTINGHAM,CITY OF NOTTINGHAM,CITY OF NOTTINGHAM,A,A
{2D4D7609-5039-BDF9-E063-4804A8C0672F},300000,2024-09-06 00:00,NG7 1JD,D,N,F,87,,HARLAXTON DRIVE,,NOTTINGHAM,CITY OF NOTTINGHAM,CITY OF NOTTINGHAM,A,A
{402A3A66-DE51-A7DF-E063-4804A8C0B80D},187500,2024-06-27 00:00,NE6 5PN,T,N,F,93,,MALCOLM STREET,,NEWCASTLE UPON TYNE,NEWCASTLE UPON TYNE,TYNE AND WEAR,B,A
{402A3A66-DE68-A7DF-E063-4804A8C0B80D},82000,2024-11-25 00:00,NE6 5UY,O,N,F,29,,BENFIELD ROAD,,NEWCASTLE UPON TYNE,NEWCASTLE UPON TYNE,TYNE AND WEAR,B,A
{402A3A66-DE70-A7DF-E063-4804A8C0B80D},49000,2024-11-12 00:00,NE6 2TN,F,N,F,37,,CHATSWORTH GARDENS,ST ANTHONYS,NEWCASTLE UPON TYNE,NEWCASTLE UPON TYNE,TYNE AND WEAR,B,A
{402A3A66-DE71-A7DF-E063-4804A8C0B80D},49000,2024-11-12 00:00,NE6 2TN,F,N,L,35,,CHATSWORTH GARDENS,ST ANTHONYS,NEWCASTLE UPON TYNE,NEWCASTLE UPON TYNE,TYNE AND WEAR,B,A
{402A3A66-DE7F-A7DF-E063-4804A8C0B80D},60000,2024-11-28 00:00,NE6 4XA,T,N,F,52,,TUMULUS AVENUE,,NEWCASTLE UPON TYNE,NEWCASTLE UPON TYNE,TYNE AND WEAR,B,A
{402A3A66-DE86-A7DF-E063-4804A8C0B80D},115000,2024-11-20 00:00,NE6 5XL,O,N,F,113,,CHILLINGHAM ROAD,,NEWCASTLE UPON TYNE,NEWCASTLE UPON TYNE,TYNE AND WEAR,B,A
{402A3A66-DE8F-A7DF-E063-4804A8C0B80D},104500,2024-10-12 00:00,NE6 4QS,S,N,F,23,,IOLANTHE CRESCENT,,NEWCASTLE UPON TYNE,NEWCASTLE UPON TYNE,TYNE AND WEAR,B,A
{402A3A66-DE99-A7DF-E063-4804A8C0B80D},160000,2024-08-30 00:00,NE6 5LS,O,N,L,86,,WARTON TERRACE,,NEWCASTLE UPON TYNE,NEWCASTLE UPON TYNE,TYNE AND WEAR,B,A
{402A3A66-DEA3-A7DF-E063-4804A8C0B80D},150000,2024-11-06 00:00,NE6 5PP,O,N,L,9,,SOUTH VIEW WEST,,NEWCASTLE UPON TYNE,NEWCASTLE UPON TYNE,TYNE AND WEAR,B,A
{402A3A66-A9F3-A7DF-E063-4804A8C0B80D},188000,2024-09-05 00:00,LS6 2BR,F,N,L,"GLENNAN HOUSE, 16",FLAT 5,NORTH GRANGE ROAD,,LEEDS,LEEDS,WEST YORKSHIRE,A,A
{31C68072-4C06-FEE3-E063-4804A8C04F37},393650,2024-12-18 00:00,M1 3AJ,F,Y,L,"LINTER BUILDING, 44",FLAT 403,WHITWORTH STREET,,MANCHESTER,MANCHESTER,GREATER MANCHESTER,A,A
{31C68072-50D8-FEE3-E063-4804A8C04F37},255000,2024-11-29 00:00,L15 0EH,T,N,F,45,,WELLINGTON AVENUE,,LIVERPOOL,LIVERPOOL,MERSEYSIDE,A,A
{31C68072-50DF-FEE3-E063-4804A8C04F37},120000,2024-08-14 00:00,L15 8HW,T,N,F,3,,FREDERICK GROVE,,LIVERPOOL,LIVERPOOL,MERSEYSIDE,A,A
{2D4D7609-4D8E-BDF9-E063-4804A8C0672F},150000,2024-12-19 00:00,NG7 5QW,T,N,F,46,,GRIMSTON ROAD,,NOTTINGHAM,CITY OF NOTTINGHAM,CITY OF NOTTINGHAM,A,A
{402A3A66-DEF8-A7DF-E063-4804A8C0B80D},155000,2024-10-31 00:00,NE6 5LS,F,N,L,44,,WARTON TERRACE,,NEWCASTLE UPON TYNE,NEWCASTLE UPON TYNE,TYNE AND WEAR,B,A
{402A3A66-DF1A-A7DF-E063-4804A8C0B80D},196000,2024-08-22 00:00,NE6 5HY,O,N,F,28,,HEATON PARK VIEW,,NEWCASTLE UPON TYNE,NEWCASTLE UPON TYNE,TYNE AND WEAR,B,A
{402A3A66-B5B4-A7DF-E063-4804A8C0B80D},200000,2024-10-16 00:00,CF24 2NX,O,N,F,ST. ALBANS PRESBYTERY,,CAMERON STREET,,CARDIFF,CARDIFF,CARDIFF,B,A
{31C68072-5140-FEE3-E063-4804A8C04F37},217500,2024-11-25 00:00,L15 7JF,S,N,L,60,,ABBEYSTEAD ROAD,,LIVERPOOL,LIVERPOOL,MERSEYSIDE,A,A
{31C68072-516B-FEE3-E063-4804A8C04F37},335000,2024-09-09 00:00,L15 7LN,S,N,F,5,,BEECHTREE ROAD,,LIVERPOOL,LIVERPOOL,MERSEYSIDE,A,A
{2D4D7609-4DE1-BDF9-E063-4804A8C0672F},225000,2024-11-29 00:00,NG7 7AH,S,N,F,122,,NOTTINGHAM ROAD,,NOTTINGHAM,CITY OF NOTTINGHAM,CITY OF NOTTINGHAM,A,A
{402A3A66-DF54-A7DF-E063-4804A8C0B80D},160000,2024-10-01 00:00,NE6 5XY,F,N,L,70,,KING JOHN TERRACE,,NEWCASTLE UPON TYNE,NEWCASTLE UPON TYNE,TYNE AND WEAR,B,A
{2D4D7609-3BEF-BDF9-E063-4804A8C0672F},185000,2024-12-18 00:00,NE6 4HX,T,N,F,36,,WHINNEYFIELD ROAD,,NEWCASTLE UPON TYNE,NEWCASTLE UPON TYNE,TYNE AND WEAR,A,A
{402A3A66-CC30-A7DF-E063-4804A8C0B80D},69500,2024-10-07 00:00,L15 1EL,T,N,F,48,,MACDONALD STREET,,LIVERPOOL,LIVERPOOL,MERSEYSIDE,B,A
{2D4D7609-4DF3-BDF9-E063-4804A8C0672F},215000,2024-12-19 00:00,NG7 2DE,T,N,F,31,,HERON DRIVE,LENTON,NOTTINGHAM,CITY OF NOTTINGHAM,CITY OF NOTTINGHAM,A,A
{2D4D7609-4DF8-BDF9-E063-4804A8C0672F},195000,2024-12-09 00:00,NG7 2EE,T,N,F,6,,SANDPIPER WAY,LENTON,NOTTINGHAM,CITY OF NOTTINGHAM,CITY OF NOTTINGHAM,A,A
{402A3A66-CC82-A7DF-E063-4804A8C0B80D},138000,2024-11-08 00:00,L15 4HS,T,N,F,22,,WESTDALE ROAD,WAVERTREE,LIVERPOOL,LIVERPOOL,MERSEYSIDE,B,A
{402A3A66-D1B7-A7DF-E063-4804A8C0B80D},210000,2024-09-27 00:00,NG7 3AD,T,N,F,72,,HARTLEY ROAD,,NOTTINGHAM,CITY OF NOTTINGHAM,CITY OF NOTTINGHAM,B,A
{31C68072-68C5-FEE3-E063-4804A8C04F37},299500,2024-10-22 00:00,NG7 1DY,T,N,F,4A,,LENTON AVENUE,,NOTTINGHAM,CITY OF NOTTINGHAM,CITY OF NOTTINGHAM,A,A
{31C68072-68C8-FEE3-E063-4804A8C04F37},95000,2024-06-27 00:00,NG7 3DS,T,N,F,20,,CROYDON ROAD,,NOTTINGHAM,CITY OF NOTTINGHAM,CITY OF NOTTINGHAM,A,A
{2D4D7609-4E0D-BDF9-E063-4804A8C0672F},215000,2024-12-06 00:00,NG7 2DY,T,N,F,17,,PEREGRINE CLOSE,LENTON,NOTTINGHAM,CITY OF NOTTINGHAM,CITY OF NOTTINGHAM,A,A
{31C68072-49A1-FEE3-E063-4804A8C04F37},262500,2024-04-09 00:00,M14 7BF,T,N,F,14,,WERNETH AVENUE,,MANCHESTER,MANCHESTER,GREATER MANCHESTER,A,A
{31C68072-520C-FEE3-E063-4804A8C04F37},230000,2024-07-26 00:00,L15 4PW,S,N,F,35,,BONCHURCH DRIVE,,LIVERPOOL,LIVERPOOL,MERSEYSIDE,A,A
{31C68072-523F-FEE3-E063-4804A8C04F37},70112,2024-05-09 00:00,L15 1EL,T,N,F,16,,MACDONALD STREET,,LIVERPOOL,LIVERPOOL,MERSEYSIDE,B,A
{402A3A66-D1F0-A7DF-E063-4804A8C0B80D},160000,2024-10-11 00:00,NG7 6FJ,T,N,F,55,,FISHER STREET,,NOTTINGHAM,CITY OF NOTTINGHAM,CITY OF NOTTINGHAM,B,A
{402A3A66-D22A-A7DF-E063-4804A8C0B80D},138500,2024-11-07 00:00,NG7 7AS,T,N,F,15,,HOLLIS STREET,,NOTTINGHAM,CITY OF NOTTINGHAM,CITY OF NOTTINGHAM,B,A
{402A3A66-D22C-A7DF-E063-4804A8C0B80D},107000,2024-10-29 00:00,NG7 2RW,F,N,L,9,,TONNELIER ROAD,,NOTTINGHAM,CITY OF NOTTINGHAM,CITY OF NOTTINGHAM,B,A
{31C68072-6983-FEE3-E063-4804A8C04F37},147000,2024-11-26 00:00,NG7 7GB,T,N,F,8,,SUEZ STREET,,NOTTINGHAM,CITY OF NOTTINGHAM,CITY OF NOTTINGHAM,A,A
{2D4D7609-4E23-BDF9-E063-4804A8C0672F},160000,2024-09-06 00:00,NG7 6NA,T,N,F,29,,FOXHALL ROAD,,NOTTINGHAM,CITY OF NOTTINGHAM,CITY OF NOTTINGHAM,A,A
{402A3A66-DFDE-A7DF-E063-4804A8C0B80D},170000,2024-10-25 00:00,CF24 2AE,T,N,F,6,,ADAMSDOWN PLACE,,CARDIFF,CARDIFF,CARDIFF,B,A
{402A3A66-E594-A7DF-E063-4804A8C0B80D},340000,2024-11-22 00:00,LS6 1EZ,T,N,F,85,,ROYAL PARK AVENUE,,LEEDS,LEEDS,WEST YORKSHIRE,B,A
{42C129E4-5C70-60A9-E063-4804A8C0C25D},150000,2024-10-10 00:00,CF24 3QD,F,N,L,104,FLAT 3,CLAUDE ROAD,,CARDIFF,CARDIFF,CARDIFF,A,A
{31C68072-57E4-FEE3-E063-4804A8C04F37},250000,2024-11-03 00:00,NE6 4ST,S,N,F,19,,BRIARWOOD CRESCENT,,NEWCASTLE UPON TYNE,NEWCASTLE UPON TYNE,TYNE AND WEAR,A,A
{402A3A66-CD18-A7DF-E063-4804A8C0B80D},84000,2024-08-16 00:00,L15 0HG,T,N,F,9,,BANNER STREET,,LIVERPOOL,LIVERPOOL,MERSEYSIDE,B,A
{402A3A66-D234-A7DF-E063-4804A8C0B80D},400000,2024-10-30 00:00,NG7 1BD,F,N,L,ADAM HOUSE,FLAT 2,CLUMBER ROAD EAST,,NOTTINGHAM,CITY OF NOTTINGHAM,CITY OF NOTTINGHAM,B,A
{402A3A66-E639-A7DF-E063-4804A8C0B80D},575000,2024-11-29 00:00,LS6 1HA,T,N,F,43,,BRUDENELL ROAD,,LEEDS,LEEDS,WEST YORKSHIRE,B,A
{402A3A66-E64C-A7DF-E063-4804A8C0B80D},575000,2024-11-29 00:00,LS6 1HA,T,N,F,45,,BRUDENELL ROAD,,LEEDS,LEEDS,WEST YORKSHIRE,B,A
{402A3A66-E64F-A7DF-E063-4804A8C0B80D},130000,2024-12-10 00:00,LS6 1RH,T,N,F,31,,AUTUMN STREET,,LEEDS,LEEDS,WEST YORKSHIRE,B,A
{2D4D7609-4E8F-BDF9-E063-4804A8C0672F},607500,2024-05-14 00:00,NG7 1AF,F,N,L,THE PARK OCTAGON,FLAT 22,WESTERN TERRACE,THE PARK,NOTTINGHAM,CITY OF NOTTINGHAM,CITY OF NOTTINGHAM,A,A
{402A3A66-D291-A7DF-E063-4804A8C0B80D},199000,2024-11-14 00:00,NG7 5DQ,T,N,F,3A,,RADFORD ROAD,,NOTTINGHAM,CITY OF NOTTINGHAM,CITY OF NOTTINGHAM,B,A
{402A3A66-D29E-A7DF-E063-4804A8C0B80D},130000,2024-09-27 00:00,NG7 5GY,T,N,F,45,,BOBBERS MILL ROAD,,NOTTINGHAM,CITY OF NOTTINGHAM,CITY OF NOTTINGHAM,B,A
{31C68072-4A74-FEE3-E063-4804A8C04F37},400000,2024-03-21 00:00,M1 3AW,F,Y,L,"LINTER BUILDING, 44",FLAT 1103,WHITWORTH STREET,,MANCHESTER,MANCHESTER,GREATER MANCHESTER,A,A
{31C68072-5387-FEE3-E063-4804A8C04F37},260000,2024-09-06 00:00,L15 6UA,S,N,F,14,,DULAS ROAD,WAVERTREE,LIVERPOOL,LIVERPOOL,MERSEYSIDE,A,A
{402A3A66-E0B1-A7DF-E063-4804A8C0B80D},176000,2024-08-30 00:00,CF24 5SD,O,N,L,SITE 8,,MARTIN ROAD,TREMORFA,CARDIFF,CARDIFF,CARDIFF,B,A
{402A3A66-E6D3-A7DF-E063-4804A8C0B80D},1095000,2024-09-17 00:00,LS6 2AF,O,N,F,6,,SHIRE OAK STREET,,LEEDS,LEEDS,WEST YORKSHIRE,B,A
{2D4D7609-4EBA-BDF9-E063-4804A8C0672F},287500,2024-12-20 00:00,NG7 2JS,T,N,F,45,,BEESTON ROAD,,NOTTINGHAM,CITY OF NOTTINGHAM,CITY OF NOTTINGHAM,A,A
{44F406B7-2AC6-1095-E063-4704A8C048D4},124500,2024-11-01 00:00,CF24 4NA,F,N,L,"CRWYS COURT, 11",FLAT 5,CRWYS ROAD,,CARDIFF,CARDIFF,CARDIFF,B,A
{44F406B7-33C6-1095-E063-4704A8C048D4},180000,2024-09-03 00:00,M1 5DE,F,N,L,"THE HACIENDA, 11 - 15",111,WHITWORTH STREET WEST,,MANCHESTER,MANCHESTER,GREATER MANCHESTER,B,A
{44F406B7-33C7-1095-E063-4704A8C048D4},340000,2024-12-19 00:00,M14 4AT,S,N,F,117,,HEALD PLACE,,MANCHESTER,MANCHESTER,GREATER MANCHESTER,B,A
{402A3A66-CDE2-A7DF-E063-4804A8C0B80D},250000,2024-12-06 00:00,NE6 1DP,O,N,F,145,,SHIELDS ROAD,,NEWCASTLE UPON TYNE,NEWCASTLE UPON TYNE,TYNE AND WEAR,B,A
{31C68072-4A89-FEE3-E063-4804A8C04F37},366672,2024-04-17 00:00,M1 3AJ,F,Y,L,"LINTER BUILDING, 44",FLAT 304,WHITWORTH STREET,,MANCHESTER,MANCHESTER,GREATER MANCHESTER,A,A
{31C68072-4A93-FEE3-E063-4804A8C04F37},405000,2024-03-27 00:00,M1 3AJ,F,Y,L,"LINTER BUILDING, 44",FLAT 201,WHITWORTH STREET,,MANCHESTER,MANCHESTER,GREATER MANCHESTER,A,A
{44F406B7-2B4B-1095-E063-4704A8C048D4},85000,2024-07-08 00:00,CF24 3PX,O,N,L,92,FLAT 3,CONNAUGHT ROAD,,CARDIFF,CARDIFF,CARDIFF,B,A
{44F406B7-2B4C-1095-E063-4704A8C048D4},130000,2024-07-08 00:00,CF24 3PX,F,N,L,92,FLAT 4,CONNAUGHT ROAD,,CARDIFF,CARDIFF,CARDIFF,B,A
{44F406B7-2B4D-1095-E063-4704A8C048D4},165000,2024-07-08 00:00,CF24 3PX,F,N,L,92,FLAT 5,CONNAUGHT ROAD,,CARDIFF,CARDIFF,CARDIFF,B,A
{44F406B7-2B4E-1095-E063-4704A8C048D4},160000,2024-11-08 00:00,CF24 3PX,F,N,L,92,FLAT 1,CONNAUGHT ROAD,,CARDIFF,CARDIFF,CARDIFF,B,A
{31C68072-4AB3-FEE3-E063-4804A8C04F37},349950,2024-05-07 00:00,M1 3AJ,F,Y,L,"LINTER BUILDING, 44",FLAT 112,WHITWORTH STREET,,MANCHESTER,MANCHESTER,GREATER MANCHESTER,A,A
{402A3A66-E757-A7DF-E063-4804A8C0B80D},225000,2024-11-22 00:00,LS6 3JF,T,N,F,28,,ASH ROAD,,LEEDS,LEEDS,WEST YORKSHIRE,B,A
{402A3A66-E75C-A7DF-E063-4804A8C0B80D},1095000,2024-09-17 00:00,LS6 2AD,O,N,F,12,,OTLEY ROAD,,LEEDS,LEEDS,WEST YORKSHIRE,B,A
{402A3A66-E760-A7DF-E063-4804A8C0B80D},385000,2024-10-15 00:00,LS6 2AY,T,N,F,39,,WOOD LANE,HEADINGLEY,LEEDS,LEEDS,WEST YORKSHIRE,B,A
{31C68072-4ACD-FEE3-E063-4804A8C04F37},382802,2024-03-19 00:00,M1 3AJ,F,Y,L,"LINTER BUILDING, 44",FLAT 503,WHITWORTH STREET,,MANCHESTER,MANCHESTER,GREATER MANCHESTER,A,A
{31C68072-4ACE-FEE3-E063-4804A8C04F37},408025,2024-03-19 00:00,M1 3AW,F,Y,L,"LINTER BUILDING, 44",FLAT 1003,WHITWORTH STREET,,MANCHESTER,MANCHESTER,GREATER MANCHESTER,A,A
{31C68072-5483-FEE3-E063-4804A8C04F37},130000,2024-01-31 00:00,L15 3HZ,T,N,F,11,,SEAMAN ROAD,,LIVERPOOL,LIVERPOOL,MERSEYSIDE,A,A
{402A3A66-E767-A7DF-E063-4804A8C0B80D},1095000,2024-09-17 00:00,LS6 2AD,O,N,F,10A,,OTLEY ROAD,,LEEDS,LEEDS,WEST YORKSHIRE,B,A
{2D4D7608-EFB4-BDF9-E063-4804A8C0672F},145000,2024-12-09 00:00,M14 7NN,T,N,F,16,,BEVERIDGE STREET,,MANCHESTER,MANCHESTER,GREATER MANCHESTER,A,A
{402A3A66-BE38-A7DF-E063-4804A8C0B80D},280000,2024-10-15 00:00,M14 7DX,S,N,F,181,,LLOYD STREET SOUTH,,MANCHESTER,MANCHESTER,GREATER MANCHESTER,B,A
{402A3A66-BE75-A7DF-E063-4804A8C0B80D},16000000,2024-08-16 00:00,M1 5WY,O,N,F,10 - 12,,WHITWORTH STREET WEST,,MANCHESTER,MANCHESTER,GREATER MANCHESTER,B,A
{44F406B7-3EA0-1095-E063-4704A8C048D4},140000,2024-10-18 00:00,M14 4LB,F,N,L,347,APARTMENT 77,MOSS LANE EAST,,MANCHESTER,MANCHESTER,GREATER MANCHESTER,B,A
{402A3A66-C9D1-A7DF-E063-4804A8C0B80D},287837,2024-05-31 00:00,M1 5LJ,F,Y,L,42,FLAT 1408,GREAT BRIDGEWATER STREET,,MANCHESTER,MANCHESTER,GREATER MANCHESTER,B,A
{402A3A66-C9D2-A7DF-E063-4804A8C0B80D},418460,2024-05-28 00:00,M1 5LG,F,Y,L,42,FLAT 505,GREAT BRIDGEWATER STREET,,MANCHESTER,MANCHESTER,GREATER MANCHESTER,B,A
{402A3A66-C9D3-A7DF-E063-4804A8C0B80D},275703,2024-06-03 00:00,M1 5LJ,F,Y,L,42,FLAT 1009,GREAT BRIDGEWATER STREET,,MANCHESTER,MANCHESTER,GREATER MANCHESTER,B,A
{402A3A66-C9D4-A7DF-E063-4804A8C0B80D},397462,2024-05-31 00:00,M1 5LJ,F,Y,L,42,FLAT 1506,GREAT BRIDGEWATER STREET,,MANCHESTER,MANCHESTER,GREATER MANCHESTER,B,A
{402A3A66-C9D5-A7DF-E063-4804A8C0B80D},388573,2024-06-05 00:00,M1 5LJ,F,Y,L,42,FLAT 1106,GREAT BRIDGEWATER STREET,,MANCHESTER,MANCHESTER,GREATER MANCHESTER,B,A
{402A3A66-C9D6-A7DF-E063-4804A8C0B80D},266110,2024-06-14 00:00,M1 5LG,F,Y,L,42,FLAT 707,GREAT BRIDGEWATER STREET,,MANCHESTER,MANCHESTER,GREATER MANCHESTER,B,A
{402A3A66-C9D7-A7DF-E063-4804A8C0B80D},366464,2024-05-28 00:00,M1 5LG,F,Y,L,42,FLAT 202,GREAT BRIDGEWATER STREET,,MANCHESTER,MANCHESTER,GREATER MANCHESTER,B,A
{402A3A66-C9D8-A7DF-E063-4804A8C0B80D},421400,2024-06-11 00:00,M1 5LJ,F,Y,L,42,FLAT 1402,GREAT BRIDGEWATER STREET,,MANCHESTER,MANCHESTER,GREATER MANCHESTER,B,A
{402A3A66-C9D9-A7DF-E063-4804A8C0B80D},281723,2024-06-07 00:00,M1 5LJ,F,Y,L,42,FLAT 1607,GREAT BRIDGEWATER STREET,,MANCHESTER,MANCHESTER,GREATER MANCHESTER,B,A
{402A3A66-C9DA-A7DF-E063-4804A8C0B80D},277212,2024-05-31 00:00,M1 5LJ,F,Y,L,42,FLAT 1108,GREAT BRIDGEWATER STREET,,MANCHESTER,MANCHESTER,GREATER MANCHESTER,B,A
{402A3A66-C9DB-A7DF-E063-4804A8C0B80D},468440,2024-07-01 00:00,M1 5LQ,F,Y,L,42,FLAT 2605,GREAT BRIDGEWATER STREET,,MANCHESTER,MANCHESTER,GREATER MANCHESTER,B,A
{402A3A66-C9DC-A7DF-E063-4804A8C0B80D},447615,2024-06-07 00:00,M1 5LJ,F,Y,L,42,FLAT 1602,GREAT BRIDGEWATER STREET,,MANCHESTER,MANCHESTER,GREATER MANCHESTER,B,A
{402A3A66-C9DD-A7DF-E063-4804A8C0B80D},452550,2024-06-18 00:00,M1 5LP,F,Y,L,42,FLAT 1704,GREAT BRIDGEWATER STREET,,MANCHESTER,MANCHESTER,GREATER MANCHESTER,B,A
{402A3A66-C9DE-A7DF-E063-4804A8C0B80D},449400,2024-06-07 00:00,M1 5LJ,F,Y,L,42,FLAT 1302,GREAT BRIDGEWATER STREET,,MANCHESTER,MANCHESTER,GREATER MANCHESTER,B,A
{402A3A66-C9DF-A7DF-E063-4804A8C0B80D},459900,2024-06-05 00:00,M1 5LP,F,Y,L,42,FLAT 2004,GREAT BRIDGEWATER STREET,,MANCHESTER,MANCHESTER,GREATER MANCHESTER,B,A
{31C68072-4ADF-FEE3-E063-4804A8C04F37},382000,2024-05-22 00:00,M1 3AW,F,Y,L,"LINTER BUILDING, 44",FLAT 1010,WHITWORTH STREET,,MANCHESTER,MANCHESTER,GREATER MANCHESTER,A,A
{31C68072-4AF8-FEE3-E063-4804A8C04F37},360000,2024-05-31 00:00,M1 5LP,F,N,L,42,FLAT 2010,GREAT BRIDGEWATER STREET,,MANCHESTER,MANCHESTER,GREATER MANCHESTER,A,A
{31C68072-54A2-FEE3-E063-4804A8C04F37},157000,2024-03-15 00:00,L15 0ET,T,N,F,1A,,LIBERTY STREET,,LIVERPOOL,LIVERPOOL,MERSEYSIDE,A,A
{44F406B7-4726-1095-E063-4704A8C048D4},470000,2024-12-06 00:00,NG7 2BZ,T,N,F,122,,LENTON BOULEVARD,,NOTTINGHAM,CITY OF NOTTINGHAM,CITY OF NOTTINGHAM,B,A
{2D4D7608-ED3B-BDF9-E063-4804A8C0672F},215000,2024-12-05 00:00,M14 7WR,T,N,F,36,,DORSET AVENUE,,MANCHESTER,MANCHESTER,GREATER MANCHESTER,A,A
{44F406B7-3F5A-1095-E063-4704A8C048D4},380000,2024-05-30 00:00,M1 5LJ,F,Y,L,42,FLAT 1201,GREAT BRIDGEWATER STREET,,MANCHESTER,MANCHESTER,GREATER MANCHESTER,B,A
{44F406B7-3F60-1095-E063-4704A8C048D4},428260,2024-08-23 00:00,M1 5LG,F,Y,L,42,FLAT 905,GREAT BRIDGEWATER STREET,,MANCHESTER,MANCHESTER,GREATER MANCHESTER,B,A
{44F406B7-47B7-1095-E063-4704A8C048D4},240000,2024-10-22 00:00,NG7 1LY,O,N,L,1A,,CLINTON TERRACE,,NOTTINGHAM,CITY OF NOTTINGHAM,CITY OF NOTTINGHAM,B,A
{44F406B7-47CA-1095-E063-4704A8C048D4},225000,2024-11-29 00:00,NG7 3DB,O,N,F,RADFORD METHODIST CHURCH,,FORSTER STREET,,NOTTINGHAM,CITY OF NOTTINGHAM,CITY OF NOTTINGHAM,B,A
{44F406B7-47CE-1095-E063-4704A8C048D4},181000,2024-11-08 00:00,NG7 4AT,T,N,L,53,,WATERLOO PROMENADE,,NOTTINGHAM,CITY OF NOTTINGHAM,CITY OF NOTTINGHAM,B,A
{44F406B7-4805-1095-E063-4704A8C048D4},176000,2024-12-20 00:00,NG7 7DT,T,N,F,44,,ELAND STREET,,NOTTINGHAM,CITY OF NOTTINGHAM,CITY OF NOTTINGHAM,B,A
{402A3A66-C9E0-A7DF-E063-4804A8C0B80D},377549,2024-06-27 00:00,M1 5LP,F,Y,L,42,FLAT 1909,GREAT BRIDGEWATER STREET,,MANCHESTER,MANCHESTER,GREATER MANCHESTER,B,A
{402A3A66-C9E1-A7DF-E063-4804A8C0B80D},342657,2024-06-26 00:00,M1 5LQ,F,Y,L,42,FLAT 2909,GREAT BRIDGEWATER STREET,,MANCHESTER,MANCHESTER,GREATER MANCHESTER,B,A
{402A3A66-C9E2-A7DF-E063-4804A8C0B80D},285325,2024-06-25 00:00,M1 5LJ,F,Y,L,42,FLAT 1608,GREAT BRIDGEWATER STREET,,MANCHESTER,MANCHESTER,GREATER MANCHESTER,B,A
{402A3A66-C9E3-A7DF-E063-4804A8C0B80D},271193,2024-05-31 00:00,M1 5LJ,F,Y,L,42,FLAT 1409,GREAT BRIDGEWATER STREET,,MANCHESTER,MANCHESTER,GREATER MANCHESTER,B,A
{402A3A66-C9E4-A7DF-E063-4804A8C0B80D},367265,2024-05-31 00:00,M1 5LJ,F,Y,L,42,FLAT 1610,GREAT BRIDGEWATER STREET,,MANCHESTER,MANCHESTER,GREATER MANCHESTER,B,A
{402A3A66-C9E5-A7DF-E063-4804A8C0B80D},484659,2024-07-09 00:00,M1 5LQ,F,Y,L,42,FLAT 3003,GREAT BRIDGEWATER STREET,,MANCHESTER,MANCHESTER,GREATER MANCHESTER,B,A
{402A3A66-C9E6-A7DF-E063-4804A8C0B80D},452760,2024-07-08 00:00,M1 5LQ,F,Y,L,42,FLAT 2704,GREAT BRIDGEWATER STREET,,MANCHESTER,MANCHESTER,GREATER MANCHESTER,B,A
{402A3A66-C9E8-A7DF-E063-4804A8C0B80D},268566,2024-06-03 00:00,M1 5LG,F,Y,L,42,FLAT 408,GREAT BRIDGEWATER STREET,,MANCHESTER,MANCHESTER,GREATER MANCHESTER,B,A
{402A3A66-C9E9-A7DF-E063-4804A8C0B80D},416500,2024-07-01 00:00,M1 5LG,F,Y,L,42,FLAT 405,GREAT BRIDGEWATER STREET,,MANCHESTER,MANCHESTER,GREATER MANCHESTER,B,A
{402A3A66-C9EA-A7DF-E063-4804A8C0B80D},426300,2024-07-09 00:00,M1 5LQ,F,Y,L,42,FLAT 3110,GREAT BRIDGEWATER STREET,,MANCHESTER,MANCHESTER,GREATER MANCHESTER,B,A
{402A3A66-C9EC-A7DF-E063-4804A8C0B80D},412500,2024-06-20 00:00,M1 5LQ,F,Y,L,42,FLAT 2601,GREAT BRIDGEWATER STREET,,MANCHESTER,MANCHESTER,GREATER MANCHESTER,B,A
{402A3A66-C9ED-A7DF-E063-4804A8C0B80D},403760,2024-06-21 00:00,M1 5LP,F,Y,L,42,FLAT 2110,GREAT BRIDGEWATER STREET,,MANCHESTER,MANCHESTER,GREATER MANCHESTER,B,A
{402A3A66-C9EE-A7DF-E063-4804A8C0B80D},454720,2024-07-08 00:00,M1 5LQ,F,Y,L,42,FLAT 2703,GREAT BRIDGEWATER STREET,,MANCHESTER,MANCHESTER,GREATER MANCHESTER,B,A
{402A3A66-C9EF-A7DF-E063-4804A8C0B80D},420658,2024-07-09 00:00,M1 5LQ,F,Y,L,42,FLAT 3104,GREAT BRIDGEWATER STREET,,MANCHESTER,MANCHESTER,GREATER MANCHESTER,B,A
{402A3A66-C9F0-A7DF-E063-4804A8C0B80D},281332,2024-06-19 00:00,M1 5LP,F,Y,L,42,FLAT 1709,GREAT BRIDGEWATER STREET,,MANCHESTER,MANCHESTER,GREATER MANCHESTER,B,A
{402A3A66-C9F1-A7DF-E063-4804A8C0B80D},414540,2024-06-14 00:00,M1 5LG,F,Y,L,42,FLAT 305,GREAT BRIDGEWATER STREET,,MANCHESTER,MANCHESTER,GREATER MANCHESTER,B,A
{402A3A66-C9F2-A7DF-E063-4804A8C0B80D},309704,2024-07-11 00:00,M1 5LR,F,Y,L,42,FLAT 3508,GREAT BRIDGEWATER STREET,,MANCHESTER,MANCHESTER,GREATER MANCHESTER,B,A
{402A3A66-C9F4-A7DF-E063-4804A8C0B80D},507150,2024-07-14 00:00,M1 5LR,F,Y,L,42,FLAT 3604,GREAT BRIDGEWATER STREET,,MANCHESTER,MANCHESTER,GREATER MANCHESTER,B,A
{402A3A66-C9F6-A7DF-E063-4804A8C0B80D},274536,2024-06-28 00:00,M1 5LJ,F,Y,L,42,FLAT 1109,GREAT BRIDGEWATER STREET,,MANCHESTER,MANCHESTER,GREATER MANCHESTER,B,A
{402A3A66-C9F7-A7DF-E063-4804A8C0B80D},502152,2024-07-17 00:00,M1 5LR,F,Y,L,42,FLAT 3502,GREAT BRIDGEWATER STREET,,MANCHESTER,MANCHESTER,GREATER MANCHESTER,B,A
{402A3A66-C9F9-A7DF-E063-4804A8C0B80D},475300,2024-07-10 00:00,M1 5LQ,F,Y,L,42,FLAT 3105,GREAT BRIDGEWATER STREET,,MANCHESTER,MANCHESTER,GREATER MANCHESTER,B,A
{402A3A66-C9FA-A7DF-E063-4804A8C0B80D},292903,2024-06-26 00:00,M1 5LQ,F,Y,L,42,FLAT 2507,GREAT BRIDGEWATER STREET,,MANCHESTER,MANCHESTER,GREATER MANCHESTER,B,A
{402A3A66-C9FC-A7DF-E063-4804A8C0B80D},296154,2024-07-15 00:00,M1 5LQ,F,Y,L,42,FLAT 2907,GREAT BRIDGEWATER STREET,,MANCHESTER,MANCHESTER,GREATER MANCHESTER,B,A
{402A3A66-C9FD-A7DF-E063-4804A8C0B80D},492439,2024-07-19 00:00,M1 5LR,F,Y,L,42,FLAT 3704,GREAT BRIDGEWATER STREET,,MANCHESTER,MANCHESTER,GREATER MANCHESTER,B,A
{402A3A66-C9FE-A7DF-E063-4804A8C0B80D},448140,2024-06-26 00:00,M1 5LP,F,Y,L,42,FLAT 2402,GREAT BRIDGEWATER STREET,,MANCHESTER,MANCHESTER,GREATER MANCHESTER,B,A
{402A3A66-C9FF-A7DF-E063-4804A8C0B80D},415716,2024-05-29 00:00,M1 5LG,F,Y,L,42,FLAT 302,GREAT BRIDGEWATER STREET,,MANCHESTER,MANCHESTER,GREATER MANCHESTER,B,A
{402A3A66-CA00-A7DF-E063-4804A8C0B80D},370133,2024-07-05 00:00,M1 5LG,F,Y,L,42,FLAT 201,GREAT BRIDGEWATER STREET,,MANCHESTER,MANCHESTER,GREATER MANCHESTER,B,A
{402A3A66-CA01-A7DF-E063-4804A8C0B80D},494550,2024-07-08 00:00,M1 5LQ,F,Y,L,42,FLAT 2802,GREAT BRIDGEWATER STREET,,MANCHESTER,MANCHESTER,GREATER MANCHESTER,B,A
{402A3A66-CA02-A7DF-E063-4804A8C0B80D},499800,2024-07-08 00:00,M1 5LQ,F,Y,L,42,FLAT 3002,GREAT BRIDGEWATER STREET,,MANCHESTER,MANCHESTER,GREATER MANCHESTER,B,A
{402A3A66-E7CC-A7DF-E063-4804A8C0B80D},1000000,2024-11-14 00:00,LS6 4QG,O,N,F,"QUARRY GROVE HOUSE, 36C",,PARKSIDE ROAD,,LEEDS,LEEDS,WEST YORKSHIRE,B,A
{44F406B7-3F7C-1095-E063-4704A8C048D4},25000,2024-12-20 00:00,M14 5TB,O,N,L,53,,WILMSLOW ROAD,,MANCHESTER,MANCHESTER,GREATER MANCHESTER,B,A
{44F406B7-485E-1095-E063-4704A8C048D4},280000,2024-12-11 00:00,NG7 7LJ,T,N,F,35,,BEECH AVENUE,NEW BASFORD,NOTTINGHAM,CITY OF NOTTINGHAM,CITY OF NOTTINGHAM,B,A
{402A3A66-C49A-A7DF-E063-4804A8C0B80D},1316698,2024-07-26 00:00,L15 9ED,O,N,F,41,,CHURCH ROAD,WAVERTREE,LIVERPOOL,LIVERPOOL,MERSEYSIDE,B,A
{402A3A66-C4A5-A7DF-E063-4804A8C0B80D},115000,2024-11-04 00:00,L15 0EH,T,N,F,91,,WELLINGTON AVENUE,,LIVERPOOL,LIVERPOOL,MERSEYSIDE,B,A
{402A3A66-CA05-A7DF-E063-4804A8C0B80D},311287,2024-07-05 00:00,M1 5LR,F,Y,L,42,FLAT 3208,GREAT BRIDGEWATER STREET,,MANCHESTER,MANCHESTER,GREATER MANCHESTER,B,A
{402A3A66-CA06-A7DF-E063-4804A8C0B80D},293104,2024-07-16 00:00,M1 5LQ,F,Y,L,42,FLAT 3107,GREAT BRIDGEWATER STREET,,MANCHESTER,MANCHESTER,GREATER MANCHESTER,B,A
{402A3A66-CA07-A7DF-E063-4804A8C0B80D},449409,2024-07-22 00:00,M1 5LR,F,Y,L,42,FLAT 3205,GREAT BRIDGEWATER STREET,,MANCHESTER,MANCHESTER,GREATER MANCHESTER,B,A
{402A3A66-CA08-A7DF-E063-4804A8C0B80D},485100,2024-06-24 00:00,M1 5LR,F,Y,L,42,FLAT 3305,GREAT BRIDGEWATER STREET,,MANCHESTER,MANCHESTER,GREATER MANCHESTER,B,A
{402A3A66-CA09-A7DF-E063-4804A8C0B80D},483000,2024-07-22 00:00,M1 5LQ,F,Y,L,42,FLAT 2604,GREAT BRIDGEWATER STREET,,MANCHESTER,MANCHESTER,GREATER MANCHESTER,B,A
{402A3A66-CA0E-A7DF-E063-4804A8C0B80D},297771,2024-08-30 00:00,M1 5LP,F,Y,L,42,FLAT 2008,GREAT BRIDGEWATER STREET,,MANCHESTER,MANCHESTER,GREATER MANCHESTER,B,A
{402A3A66-CA0F-A7DF-E063-4804A8C0B80D},400820,2024-06-07 00:00,M1 5LG,F,Y,L,42,FLAT 703,GREAT BRIDGEWATER STREET,,MANCHESTER,MANCHESTER,GREATER MANCHESTER,B,A
{402A3A66-CA10-A7DF-E063-4804A8C0B80D},411293,2024-06-20 00:00,M1 5LQ,F,Y,L,42,FLAT 2506,GREAT BRIDGEWATER STREET,,MANCHESTER,MANCHESTER,GREATER MANCHESTER,B,A
{402A3A66-CA11-A7DF-E063-4804A8C0B80D},304394,2024-08-08 00:00,M1 5LP,F,Y,L,42,FLAT 2408,GREAT BRIDGEWATER STREET,,MANCHESTER,MANCHESTER,GREATER MANCHESTER,B,A
{402A3A66-CA13-A7DF-E063-4804A8C0B80D},310138,2024-07-11 00:00,M1 5LR,F,Y,L,42,FLAT 3207,GREAT BRIDGEWATER STREET,,MANCHESTER,MANCHESTER,GREATER MANCHESTER,B,A
{402A3A66-CA17-A7DF-E063-4804A8C0B80D},283903,2024-09-27 00:00,M1 5LQ,F,Y,L,42,FLAT 3007,GREAT BRIDGEWATER STREET,,MANCHESTER,MANCHESTER,GREATER MANCHESTER,B,A
{402A3A66-CA19-A7DF-E063-4804A8C0B80D},360337,2024-08-23 00:00,M1 5LR,F,Y,L,42,FLAT 3610,GREAT BRIDGEWATER STREET,,MANCHESTER,MANCHESTER,GREATER MANCHESTER,B,A
{402A3A66-CA1E-A7DF-E063-4804A8C0B80D},394940,2024-05-28 00:00,M1 5LG,F,Y,L,42,FLAT 301,GREAT BRIDGEWATER STREET,,MANCHESTER,MANCHESTER,GREATER MANCHESTER,B,A
{402A3A66-CA1F-A7DF-E063-4804A8C0B80D},478000,2024-09-27 00:00,M1 5LR,F,Y,L,42,FLAT 3405,GREAT BRIDGEWATER STREET,,MANCHESTER,MANCHESTER,GREATER MANCHESTER,B,A
{2D4D7608-F02F-BDF9-E063-4804A8C0672F},215000,2024-12-05 00:00,M1 5JG,F,N,L,86A,FLAT 1,GREAT BRIDGEWATER STREET,,MANCHESTER,MANCHESTER,GREATER MANCHESTER,A,A
{44F406B7-4153-1095-E063-4704A8C048D4},250000,2024-12-20 00:00,L15 5AF,O,N,F,545 - 547,,SMITHDOWN ROAD,,LIVERPOOL,LIVERPOOL,MERSEYSIDE,B,A
{402A3A66-CA2A-A7DF-E063-4804A8C0B80D},509250,2024-10-11 00:00,M1 5LR,F,Y,L,42,FLAT 3603,GREAT BRIDGEWATER STREET,,MANCHESTER,MANCHESTER,GREATER MANCHESTER,B,A
{402A3A66-CA2B-A7DF-E063-4804A8C0B80D},459000,2024-09-27 00:00,M1 5LP,F,Y,L,42,FLAT 1805,GREAT BRIDGEWATER STREET,,MANCHESTER,MANCHESTER,GREATER MANCHESTER,B,A
{402A3A66-CA2D-A7DF-E063-4804A8C0B80D},313126,2024-08-08 00:00,M1 5LQ,F,Y,L,42,FLAT 3009,GREAT BRIDGEWATER STREET,,MANCHESTER,MANCHESTER,GREATER MANCHESTER,B,A
{402A3A66-CA34-A7DF-E063-4804A8C0B80D},130000,2024-10-24 00:00,M14 4TS,O,N,F,274,,CLAREMONT ROAD,,MANCHESTER,MANCHESTER,GREATER MANCHESTER,B,A
{402A3A66-CA35-A7DF-E063-4804A8C0B80D},374267,2024-10-04 00:00,M1 5LG,F,Y,L,42,FLAT 806,GREAT BRIDGEWATER STREET,,MANCHESTER,MANCHESTER,GREATER MANCHESTER,B,A
{402A3A66-CA3E-A7DF-E063-4804A8C0B80D},492450,2024-10-23 00:00,M1 5LQ,F,Y,L,42,FLAT 2903,GREAT BRIDGEWATER STREET,,MANCHESTER,MANCHESTER,GREATER MANCHESTER,B,A
{402A3A66-CA3F-A7DF-E063-4804A8C0B80D},630000,2024-11-14 00:00,M1 3WB,T,N,F,46,,RICHMOND STREET,,MANCHESTER,MANCHESTER,GREATER MANCHESTER,B,A
{402A3A66-CA40-A7DF-E063-4804A8C0B80D},415650,2024-09-20 00:00,M1 5LQ,F,Y,L,42,FLAT 2706,GREAT BRIDGEWATER STREET,,MANCHESTER,MANCHESTER,GREATER MANCHESTER,B,A
{402A3A66-CA41-A7DF-E063-4804A8C0B80D},433209,2024-08-22 00:00,M1 5LJ,F,Y,L,42,FLAT 1002,GREAT BRIDGEWATER STREET,,MANCHESTER,MANCHESTER,GREATER MANCHESTER,B,A
{402A3A66-CA42-A7DF-E063-4804A8C0B80D},401827,2024-10-18 00:00,M1 5LQ,F,Y,L,42,FLAT 2610,GREAT BRIDGEWATER STREET,,MANCHESTER,MANCHESTER,GREATER MANCHESTER,B,A
{402A3A66-CA43-A7DF-E063-4804A8C0B80D},472500,2024-09-20 00:00,M1 5LP,F,Y,L,42,FLAT 2204,GREAT BRIDGEWATER STREET,,MANCHESTER,MANCHESTER,GREATER MANCHESTER,B,A
{402A3A66-CA44-A7DF-E063-4804A8C0B80D},492450,2024-10-29 00:00,M1 5LQ,F,Y,L,42,FLAT 3004,GREAT BRIDGEWATER STREET,,MANCHESTER,MANCHESTER,GREATER MANCHESTER,B,A
{402A3A66-CA45-A7DF-E063-4804A8C0B80D},443000,2024-09-27 00:00,M1 5LR,F,Y,L,42,FLAT 3510,GREAT BRIDGEWATER STREET,,MANCHESTER,MANCHESTER,GREATER MANCHESTER,B,A
{402A3A66-CA4A-A7DF-E063-4804A8C0B80D},490350,2024-10-29 00:00,M1 5LQ,F,Y,L,42,FLAT 2904,GREAT BRIDGEWATER STREET,,MANCHESTER,MANCHESTER,GREATER MANCHESTER,B,A
{44F406B7-4246-1095-E063-4704A8C048D4},105500,2024-01-07 00:00,L15 1EA,T,N,F,27,,STRATHCONA ROAD,,LIVERPOOL,LIVERPOOL,MERSEYSIDE,B,A
{2D4D7608-EDA9-BDF9-E063-4804A8C0672F},485600,2024-11-22 00:00,M14 6RD,T,N,F,101,,EGERTON ROAD,,MANCHESTER,MANCHESTER,GREATER MANCHESTER,A,A
{44F406B7-3A44-1095-E063-4704A8C048D4},90000,2024-12-19 00:00,L15 0HF,T,N,F,34,,BLIGH STREET,,LIVERPOOL,LIVERPOOL,MERSEYSIDE,B,A
{44F406B7-3A75-1095-E063-4704A8C048D4},108000,2024-12-17 00:00,L15 4LP,O,N,F,240A,,PICTON ROAD,WAVERTREE,LIVERPOOL,LIVERPOOL,MERSEYSIDE,B,A
{2D4D7608-F069-BDF9-E063-4804A8C0672F},157000,2024-12-18 00:00,M1 3GB,F,N,L,"STONEBRIDGE HOUSE, 5",FLAT 31,COBOURG STREET,,MANCHESTER,MANCHESTER,GREATER MANCHESTER,A,A
{2D4D7608-F06F-BDF9-E063-4804A8C0672F},235000,2024-04-26 00:00,M1 3GB,F,N,L,"STONEBRIDGE HOUSE, 5",FLAT 16,COBOURG STREET,,MANCHESTER,MANCHESTER,GREATER MANCHESTER,A,A
{402A3A66-CA4C-A7DF-E063-4804A8C0B80D},278500,2024-10-17 00:00,M1 5LP,F,Y,L,42,FLAT 2208,GREAT BRIDGEWATER STREET,,MANCHESTER,MANCHESTER,GREATER MANCHESTER,B,A
{402A3A66-CA4D-A7DF-E063-4804A8C0B80D},496650,2024-11-04 00:00,M1 5LQ,F,Y,L,42,FLAT 2902,GREAT BRIDGEWATER STREET,,MANCHESTER,MANCHESTER,GREATER MANCHESTER,B,A
{402A3A66-CA56-A7DF-E063-4804A8C0B80D},436800,2024-12-13 00:00,M1 5LG,F,Y,L,42,FLAT 802,GREAT BRIDGEWATER STREET,,MANCHESTER,MANCHESTER,GREATER MANCHESTER,B,A
{402A3A66-CA59-A7DF-E063-4804A8C0B80D},428716,2024-12-23 00:00,M1 5LR,F,Y,L,42,FLAT 3306,GREAT BRIDGEWATER STREET,,MANCHESTER,MANCHESTER,GREATER MANCHESTER,B,A
{402A3A66-CA66-A7DF-E063-4804A8C0B80D},393869,2024-06-17 00:00,M1 5LP,F,Y,L,42,FLAT 1706,GREAT BRIDGEWATER STREET,,MANCHESTER,MANCHESTER,GREATER MANCHESTER,B,A
{402A3A66-CA67-A7DF-E063-4804A8C0B80D},487200,2024-09-16 00:00,M1 5LQ,F,Y,L,42,FLAT 2502,GREAT BRIDGEWATER STREET,,MANCHESTER,MANCHESTER,GREATER MANCHESTER,B,A
{44F406B7-17FE-1095-E063-4704A8C048D4},313000,2024-08-02 00:00,LS6 2SA,D,N,F,50,,BOOTHROYD DRIVE,,LEEDS,LEEDS,WEST YORKSHIRE,A,A
{44F406B7-198C-1095-E063-4704A8C048D4},267500,2024-11-19 00:00,LS6 4AT,S,N,F,31,,BENTLEY GROVE,,LEEDS,LEEDS,WEST YORKSHIRE,A,A
{2D4D7608-EDE6-BDF9-E063-4804A8C0672F},320000,2024-12-13 00:00,M14 6SR,T,N,F,127,,MAULDETH ROAD,,MANCHESTER,MANCHESTER,GREATER MANCHESTER,A,A
{44F406B7-333C-1095-E063-4704A8C048D4},485000,2024-12-18 00:00,M14 6AE,T,N,F,30,,GRANVILLE ROAD,,MANCHESTER,MANCHESTER,GREATER MANCHESTER,B,A
{31C68072-FAFE-FEE3-E063-4804A8C04F37},107000,2024-06-06 00:00,L15 1HH,T,N,F,110,,ALDERSON ROAD,,LIVERPOOL,LIVERPOOL,MERSEYSIDE,B,A
{25E9DA81-1040-555E-E063-4704A8C066F2},315000,2024-07-01 00:00,M14 7JW,T,N,L,33,,LAUREL AVENUE,,MANCHESTER,MANCHESTER,GREATER MANCHESTER,A,A
{25E9DA81-1042-555E-E063-4704A8C066F2},350000,2024-09-13 00:00,M14 7JW,D,N,L,32,,LAUREL AVENUE,,MANCHESTER,MANCHESTER,GREATER MANCHESTER,A,A
{25E9DA81-18BD-555E-E063-4704A8C066F2},320000,2024-07-17 00:00,L15 9HG,T,N,F,35,,CHARLES BERRINGTON ROAD,,LIVERPOOL,LIVERPOOL,MERSEYSIDE,A,A
{36A61A95-119B-DEF2-E063-4704A8C046AE},145000,2024-08-07 00:00,NE6 1BY,F,N,L,OUSEBURN WHARF,36,ST LAWRENCE ROAD,,NEWCASTLE UPON TYNE,NEWCASTLE UPON TYNE,TYNE AND WEAR,A,A
{25E9DA81-1AEC-555E-E063-4704A8C066F2},111000,2024-08-16 00:00,L15 8HB,F,N,L,ABBEYGATE APARTMENTS,33,WAVERTREE GARDENS,WAVERTREE,LIVERPOOL,LIVERPOOL,MERSEYSIDE,A,A
{25E9DA81-1B01-555E-E063-4704A8C066F2},120000,2024-09-13 00:00,L15 2HT,T,N,F,38,,LANGTON ROAD,WAVERTREE,LIVERPOOL,LIVERPOOL,MERSEYSIDE,A,A
{31C68073-136D-FEE3-E063-4804A8C04F37},215000,2024-12-20 00:00,LS6 4JS,S,N,F,12,,CHURCH AVENUE,,LEEDS,LEEDS,WEST YORKSHIRE,B,A
{36A61A94-D731-DEF2-E063-4704A8C046AE},225000,2024-12-06 00:00,NG7 1JJ,D,N,F,191,,HARRINGTON DRIVE,,NOTTINGHAM,CITY OF NOTTINGHAM,CITY OF NOTTINGHAM,A,A
{2859C1AC-4C39-52B4-E063-4804A8C05948},200000,2024-10-11 00:00,NG7 5JH,S,N,F,105,,GREGORY BOULEVARD,,NOTTINGHAM,CITY OF NOTTINGHAM,CITY OF NOTTINGHAM,A,A
{2859C1AC-4E3F-52B4-E063-4804A8C05948},117000,2024-11-27 00:00,NG7 5ED,T,N,F,29,,ST PAULS TERRACE,,NOTTINGHAM,CITY OF NOTTINGHAM,CITY OF NOTTINGHAM,A,A
{2859C1AC-4E51-52B4-E063-4804A8C05948},185000,2024-10-09 00:00,NG7 1GZ,T,N,F,12,,CECIL STREET,,NOTTINGHAM,CITY OF NOTTINGHAM,CITY OF NOTTINGHAM,A,A
{25E9DA81-1051-555E-E063-4704A8C066F2},240000,2024-07-11 00:00,M1 2EX,F,N,L,"CRUSADER MILL, 70",FLAT 301,CHAPELTOWN STREET,,MANCHESTER,MANCHESTER,GREATER MANCHESTER,A,A
{25E9DA81-1074-555E-E063-4704A8C066F2},388500,2024-09-11 00:00,M1 2EY,F,N,L,72,FLAT 902,CHAPELTOWN STREET,,MANCHESTER,MANCHESTER,GREATER MANCHESTER,A,A
{25E9DA81-18D6-555E-E063-4704A8C066F2},428000,2024-09-11 00:00,L15 7LS,S,N,F,15,,HEYWOOD ROAD,,LIVERPOOL,LIVERPOOL,MERSEYSIDE,A,A
{25E9DA81-1EAF-555E-E063-4704A8C066F2},95000,2024-05-10 00:00,L15 2JD,T,N,F,29,,ALTCAR AVENUE,,LIVERPOOL,LIVERPOOL,MERSEYSIDE,A,A
{25E9DA81-1EB1-555E-E063-4704A8C066F2},625000,2024-09-05 00:00,L15 8JE,D,N,F,5,,NORTH DRIVE,WAVERTREE,LIVERPOOL,LIVERPOOL,MERSEYSIDE,A,A
{31C68072-FB7A-FEE3-E063-4804A8C04F37},90000,2024-10-29 00:00,L15 4HA,T,N,F,51,,STEVENSON STREET,,LIVERPOOL,LIVERPOOL,MERSEYSIDE,B,A
{25E9DA81-0E2B-555E-E063-4704A8C066F2},165000,2024-09-10 00:00,M1 3BR,F,N,L,5,APARTMENT 307,PICCADILLY PLACE,,MANCHESTER,MANCHESTER,GREATER MANCHESTER,A,A
{25E9DA81-18EE-555E-E063-4704A8C066F2},580000,2024-07-01 00:00,L15 6XN,S,N,L,48,,DUNBABIN ROAD,,LIVERPOOL,LIVERPOOL,MERSEYSIDE,A,A
{25E9DA81-1B43-555E-E063-4704A8C066F2},124950,2024-06-04 00:00,L15 8GD,F,N,L,38,,DAVENHAM COURT,,LIVERPOOL,LIVERPOOL,MERSEYSIDE,A,A
{25E9DA81-1B54-555E-E063-4704A8C066F2},125000,2024-09-27 00:00,L15 8GD,F,N,L,48,,DAVENHAM COURT,,LIVERPOOL,LIVERPOOL,MERSEYSIDE,A,A
{31C68073-0B41-FEE3-E063-4804A8C04F37},260000,2024-12-20 00:00,NE6 5XP,T,N,F,13,,MELDON TERRACE,,NEWCASTLE UPON TYNE,NEWCASTLE UPON TYNE,TYNE AND WEAR,B,A
{31C68073-0B69-FEE3-E063-4804A8C04F37},170000,2024-11-22 00:00,NE6 5HX,O,N,L,51,,MUNDELLA TERRACE,,NEWCASTLE UPON TYNE,NEWCASTLE UPON TYNE,TYNE AND WEAR,B,A
{36A61A95-1938-DEF2-E063-4704A8C046AE},240000,2024-09-09 00:00,CF24 0LL,T,N,F,11,,IRON STREET,,CARDIFF,CARDIFF,CARDIFF,A,A
{31C68072-F871-FEE3-E063-4804A8C04F37},325000,2024-10-24 00:00,M1 5QE,F,N,L,"THE QUADRANGLE, 1",APARTMENT 180,LOWER ORMOND STREET,,MANCHESTER,MANCHESTER,GREATER MANCHESTER,B,A
{2859C1AC-4C7C-52B4-E063-4804A8C05948},500000,2024-09-30 00:00,NG7 1AD,S,N,F,25,,TATTERSHALL DRIVE,,NOTTINGHAM,CITY OF NOTTINGHAM,CITY OF NOTTINGHAM,A,A
{2859C1AC-4E9D-52B4-E063-4804A8C05948},220000,2024-11-08 00:00,NG7 3BQ,T,N,F,29,,RADFORD BOULEVARD,,NOTTINGHAM,CITY OF NOTTINGHAM,CITY OF NOTTINGHAM,A,A
{2859C1AC-518C-52B4-E063-4804A8C05948},126000,2024-02-23 00:00,NG7 7EW,T,N,F,8,,CHATSWORTH AVENUE,,NOTTINGHAM,CITY OF NOTTINGHAM,CITY OF NOTTINGHAM,B,A
{25E9DA81-192C-555E-E063-4704A8C066F2},368000,2024-05-13 00:00,L15 3LB,T,N,F,32,,LANGDALE ROAD,,LIVERPOOL,LIVERPOOL,MERSEYSIDE,A,A
{25E9DA81-1B61-555E-E063-4704A8C066F2},147000,2024-10-03 00:00,L15 8GD,F,N,L,2,,DAVENHAM COURT,,LIVERPOOL,LIVERPOOL,MERSEYSIDE,A,A
{36A61A95-12C5-DEF2-E063-4704A8C046AE},133000,2024-06-03 00:00,NE6 5HY,F,N,L,27,,HEATON PARK VIEW,,NEWCASTLE UPON TYNE,NEWCASTLE UPON TYNE,TYNE AND WEAR,A,A
{36A61A95-30D2-DEF2-E063-4704A8C046AE},325000,2024-07-12 00:00,LS6 4SL,T,N,F,20,,WOODLEA COURT,MEANWOOD,LEEDS,LEEDS,WEST YORKSHIRE,A,A
{2859C1AC-4EA1-52B4-E063-4804A8C05948},128000,2024-07-12 00:00,NG7 3GT,F,N,L,43,,TEMPLARS COURT,,NOTTINGHAM,CITY OF NOTTINGHAM,CITY OF NOTTINGHAM,A,A
{2859C1AC-4EAF-52B4-E063-4804A8C05948},195000,2024-10-18 00:00,NG7 1HR,F,N,L,REGATTA HOUSE,68,THE QUAYS,,NOTTINGHAM,CITY OF NOTTINGHAM,CITY OF NOTTINGHAM,A,A
{25E9DA81-194C-555E-E063-4704A8C066F2},152000,2024-10-03 00:00,L15 2HP,T,N,F,11,,GRANVILLE ROAD,WAVERTREE,LIVERPOOL,LIVERPOOL,MERSEYSIDE,A,A
{36A61A95-12EA-DEF2-E063-4704A8C046AE},600000,2024-07-19 00:00,NE6 1DZ,T,N,F,48C,,WALKER ROAD,,NEWCASTLE UPON TYNE,NEWCASTLE UPON TYNE,TYNE AND WEAR,A,A
{36A61A94-D8F1-DEF2-E063-4704A8C046AE},1150000,2024-03-07 00:00,NG7 1BU,D,N,F,3,,CLARE VALLEY,,NOTTINGHAM,CITY OF NOTTINGHAM,CITY OF NOTTINGHAM,A,A
{2859C1AC-4ED7-52B4-E063-4804A8C05948},75000,2024-11-14 00:00,NG7 6BL,F,N,L,HIGH POINT,FLAT 25,NOEL STREET,,NOTTINGHAM,CITY OF NOTTINGHAM,CITY OF NOTTINGHAM,A,A
{2859C1AC-51D2-52B4-E063-4804A8C05948},182500,2024-11-07 00:00,NG7 5NG,T,N,F,412,,ALFRETON ROAD,,NOTTINGHAM,CITY OF NOTTINGHAM,CITY OF NOTTINGHAM,A,A
{36A61A94-D999-DEF2-E063-4704A8C046AE},82000,2024-10-17 00:00,NG7 6HE,T,N,F,81,,EWART ROAD,,NOTTINGHAM,CITY OF NOTTINGHAM,CITY OF NOTTINGHAM,A,A
{25E9DA81-173C-555E-E063-4704A8C066F2},335000,2024-09-26 00:00,L15 5BG,T,N,F,2,,PRINCE ALFRED ROAD,,LIVERPOOL,LIVERPOOL,MERSEYSIDE,A,A
{25E9DA81-173F-555E-E063-4704A8C066F2},138000,2024-10-04 00:00,L15 0EH,T,N,F,81,,WELLINGTON AVENUE,,LIVERPOOL,LIVERPOOL,MERSEYSIDE,A,A
{25E9DA81-1743-555E-E063-4704A8C066F2},265000,2024-06-07 00:00,L15 7LU,T,N,L,54,,FIELDWAY,WAVERTREE,LIVERPOOL,LIVERPOOL,MERSEYSIDE,A,A
{2131FCF6-5362-86E8-E063-4804A8C0372B},245000,2024-07-31 00:00,NG7 1EN,F,N,L,3,FLAT 3,CAVENDISH CRESCENT SOUTH,,NOTTINGHAM,CITY OF NOTTINGHAM,CITY OF NOTTINGHAM,A,A
{36A61A94-DA0F-DEF2-E063-4704A8C046AE},75000,2024-07-01 00:00,NG7 6BL,F,N,L,HIGH POINT,FLAT 15,NOEL STREET,,NOTTINGHAM,CITY OF NOTTINGHAM,CITY OF NOTTINGHAM,A,A
{36A61A94-DA24-DEF2-E063-4704A8C046AE},130000,2024-12-12 00:00,NG7 5JP,T,N,F,215,,BOBBERS MILL ROAD,,NOTTINGHAM,CITY OF NOTTINGHAM,CITY OF NOTTINGHAM,A,A
{2859C1AC-4CFE-52B4-E063-4804A8C05948},157500,2024-10-31 00:00,NG7 6LJ,S,N,F,74,,FOXHALL ROAD,,NOTTINGHAM,CITY OF NOTTINGHAM,CITY OF NOTTINGHAM,A,A
{2859C1AC-4F08-52B4-E063-4804A8C05948},185000,2024-04-12 00:00,NG7 7AG,T,N,F,101,,CENTRAL AVENUE,NEW BASFORD,NOTTINGHAM,CITY OF NOTTINGHAM,CITY OF NOTTINGHAM,A,A
{2859C1AC-4F16-52B4-E063-4804A8C05948},150000,2024-07-15 00:00,NG7 5FY,T,N,F,8,,ASHWELL GARDENS,,NOTTINGHAM,CITY OF NOTTINGHAM,CITY OF NOTTINGHAM,A,A
{25E9DA80-C48E-555E-E063-4704A8C066F2},207500,2024-01-12 00:00,M14 7GA,T,N,F,10,,BROMPTON ROAD,,MANCHESTER,MANCHESTER,GREATER MANCHESTER,A,A
{25E9DA80-C6B1-555E-E063-4704A8C066F2},405000,2024-08-28 00:00,M1 5JF,F,N,L,"CHEPSTOW HOUSE, 16 - 20",FLAT 11,CHEPSTOW STREET,,MANCHESTER,MANCHESTER,GREATER MANCHESTER,A,A
{36A61A94-DA72-DEF2-E063-4704A8C046AE},215000,2024-12-16 00:00,NG7 1NP,S,N,F,4,,WELLINGTON VILLAS,,NOTTINGHAM,CITY OF NOTTINGHAM,CITY OF NOTTINGHAM,B,A
{2131FCF6-5386-86E8-E063-4804A8C0372B},145000,2024-04-12 00:00,NG7 7GY,T,N,F,71,,MONSALL STREET,,NOTTINGHAM,CITY OF NOTTINGHAM,CITY OF NOTTINGHAM,A,A
{2131FCF6-5399-86E8-E063-4804A8C0372B},120000,2024-08-06 00:00,NG7 5QW,T,N,F,4,,GRIMSTON ROAD,,NOTTINGHAM,CITY OF NOTTINGHAM,CITY OF NOTTINGHAM,A,A
{2859C1AC-4B15-52B4-E063-4804A8C05948},185000,2024-10-31 00:00,NG7 7BA,T,N,F,152,,NOTTINGHAM ROAD,,NOTTINGHAM,CITY OF NOTTINGHAM,CITY OF NOTTINGHAM,A,A
{2859C1AC-4D12-52B4-E063-4804A8C05948},171000,2024-10-25 00:00,NG7 2DE,T,N,F,33,,HERON DRIVE,LENTON,NOTTINGHAM,CITY OF NOTTINGHAM,CITY OF NOTTINGHAM,A,A
{2859C1AC-4F3C-52B4-E063-4804A8C05948},190000,2024-10-31 00:00,NG7 1GU,F,N,L,8,,CURLEW WHARF,CASTLE MARINA,NOTTINGHAM,CITY OF NOTTINGHAM,CITY OF NOTTINGHAM,A,A
{2859C1AC-4F46-52B4-E063-4804A8C05948},200000,2024-10-01 00:00,NG7 7AY,S,N,F,121,,NOTTINGHAM ROAD,,NOTTINGHAM,CITY OF NOTTINGHAM,CITY OF NOTTINGHAM,A,A
{25E9DA80-C4A3-555E-E063-4704A8C066F2},187200,2024-07-05 00:00,M14 7WS,T,N,F,168,,THORNTON ROAD,,MANCHESTER,MANCHESTER,GREATER MANCHESTER,A,A
{36A61A95-1397-DEF2-E063-4704A8C046AE},210200,2024-12-13 00:00,NE6 5UH,F,N,F,4,,FALDONSIDE,,NEWCASTLE UPON TYNE,NEWCASTLE UPON TYNE,TYNE AND WEAR,A,A
{25E9DA80-C4AE-555E-E063-4704A8C066F2},165000,2024-10-07 00:00,M14 7NQ,T,N,F,9,,EBBERSTONE STREET,,MANCHESTER,MANCHESTER,GREATER MANCHESTER,A,A
{25E9DA80-C8F4-555E-E063-4704A8C066F2},276100,2024-09-25 00:00,M1 2WE,F,N,L,5,FLAT 6,WHARF CLOSE,,MANCHESTER,MANCHESTER,GREATER MANCHESTER,A,A
{2131FCF6-53C2-86E8-E063-4804A8C0372B},113000,2024-03-25 00:00,NG7 6GZ,T,N,F,86,,RUSSELL ROAD,,NOTTINGHAM,CITY OF NOTTINGHAM,CITY OF NOTTINGHAM,A,A
{2131FCF6-5723-86E8-E063-4804A8C0372B},107000,2024-03-01 00:00,NG7 7EZ,T,N,F,43,,SILVERDALE ROAD,,NOTTINGHAM,CITY OF NOTTINGHAM,CITY OF NOTTINGHAM,A,A
{2859C1AC-4B20-52B4-E063-4804A8C05948},151000,2024-11-07 00:00,NG7 7LX,T,N,F,23,,ALBANY ROAD,,NOTTINGHAM,CITY OF NOTTINGHAM,CITY OF NOTTINGHAM,A,A
{2859C1AC-4B34-52B4-E063-4804A8C05948},98000,2024-05-31 00:00,NG7 7FY,T,N,F,76,,NORTH GATE,,NOTTINGHAM,CITY OF NOTTINGHAM,CITY OF NOTTINGHAM,A,A
{2859C1AC-4D32-52B4-E063-4804A8C05948},128000,2024-09-30 00:00,NG7 6PY,T,N,F,9,,TISSINGTON ROAD,,NOTTINGHAM,CITY OF NOTTINGHAM,CITY OF NOTTINGHAM,A,A
{2859C1AC-4F55-52B4-E063-4804A8C05948},186000,2024-07-12 00:00,NG7 1AU,F,N,L,7,FLAT 12,PELHAM CRESCENT,,NOTTINGHAM,CITY OF NOTTINGHAM,CITY OF NOTTINGHAM,A,A
{25E9DA80-8E30-555E-E063-4704A8C066F2},240000,2024-08-16 00:00,CF24 2NB,T,N,F,179,,RAILWAY STREET,,CARDIFF,CARDIFF,CARDIFF,A,A
{36A61A95-13D4-DEF2-E063-4704A8C046AE},330000,2024-12-16 00:00,CF24 3SL,S,N,F,68,,PRINCES STREET,,CARDIFF,CARDIFF,CARDIFF,A,A
{36A61A95-13E9-DEF2-E063-4704A8C046AE},410000,2024-05-30 00:00,CF24 3BT,T,N,F,171,,RICHMOND ROAD,,CARDIFF,CARDIFF,CARDIFF,A,A
{25E9DA80-C4CA-555E-E063-4704A8C066F2},175000,2024-10-04 00:00,M14 7PF,T,N,L,2,,ARNSIDE STREET,,MANCHESTER,MANCHESTER,GREATER MANCHESTER,A,A
{2131FCF6-51B2-86E8-E063-4804A8C0372B},142500,2024-04-03 00:00,NG7 5JU,T,N,F,538,,BERRIDGE ROAD WEST,,NOTTINGHAM,CITY OF NOTTINGHAM,CITY OF NOTTINGHAM,A,A
{36A61A95-1432-DEF2-E063-4704A8C046AE},295000,2024-12-06 00:00,CF24 2DB,T,N,F,84,,SPLOTT ROAD,,CARDIFF,CARDIFF,CARDIFF,A,A
{36A61A95-1473-DEF2-E063-4704A8C046AE},195000,2024-04-03 00:00,CF24 2RP,T,N,F,79,,WHITAKER ROAD,,CARDIFF,CARDIFF,CARDIFF,A,A
{2131FCF6-51D7-86E8-E063-4804A8C0372B},168000,2024-08-05 00:00,NG7 7GN,T,N,F,90,,EGYPT ROAD,,NOTTINGHAM,CITY OF NOTTINGHAM,CITY OF NOTTINGHAM,A,A
{2131FCF6-53FA-86E8-E063-4804A8C0372B},133000,2024-04-12 00:00,NG7 6QA,T,N,F,18,,HARCOURT ROAD,,NOTTINGHAM,CITY OF NOTTINGHAM,CITY OF NOTTINGHAM,A,A
{25E9DA80-C94F-555E-E063-4704A8C066F2},167500,2024-10-04 00:00,M1 1BY,F,N,L,"CHATSWORTH HOUSE, 19",APARTMENT 709,LEVER STREET,,MANCHESTER,MANCHESTER,GREATER MANCHESTER,A,A
{2131FCF6-5403-86E8-E063-4804A8C0372B},272500,2024-07-19 00:00,NG7 1AZ,F,N,L,HADDON HOUSE,FLAT 6,CAVENDISH CRESCENT NORTH,,NOTTINGHAM,CITY OF NOTTINGHAM,CITY OF NOTTINGHAM,A,A
{2131FCF6-5761-86E8-E063-4804A8C0372B},160250,2024-07-30 00:00,NG7 5JU,T,N,F,524,,BERRIDGE ROAD WEST,,NOTTINGHAM,CITY OF NOTTINGHAM,CITY OF NOTTINGHAM,A,A
{36A61A95-2D6C-DEF2-E063-4704A8C046AE},160000,2024-08-09 00:00,LS6 2PL,F,N,L,38,,GROSVENOR PARK GARDENS,,LEEDS,LEEDS,WEST YORKSHIRE,A,A
{36A61A95-2DA7-DEF2-E063-4704A8C046AE},420000,2024-11-08 00:00,LS6 3PF,S,N,F,64,,BECKETTS PARK CRESCENT,,LEEDS,LEEDS,WEST YORKSHIRE,A,A
{36A61A94-DB5C-DEF2-E063-4704A8C046AE},262000,2024-06-28 00:00,NG7 6PD,D,N,F,11,,LESLIE ROAD,,NOTTINGHAM,CITY OF NOTTINGHAM,CITY OF NOTTINGHAM,A,A
{2859C1AC-4F9B-52B4-E063-4804A8C05948},160000,2024-07-12 00:00,NG7 5LD,T,N,F,4,,KENSLOW AVENUE,,NOTTINGHAM,CITY OF NOTTINGHAM,CITY OF NOTTINGHAM,A,A
{2131FCF6-51EA-86E8-E063-4804A8C0372B},130000,2024-04-12 00:00,NG7 1BP,F,N,L,CEDAR LODGE,5C,TUNNEL ROAD,,NOTTINGHAM,CITY OF NOTTINGHAM,CITY OF NOTTINGHAM,A,A
{25E9DA80-C95D-555E-E063-4704A8C066F2},185000,2024-08-27 00:00,M1 5EB,F,N,L,51,APARTMENT 420,WHITWORTH STREET WEST,,MANCHESTER,MANCHESTER,GREATER MANCHESTER,A,A
{2131FCF6-5413-86E8-E063-4804A8C0372B},182000,2024-07-05 00:00,NG7 7GX,T,N,F,33,,ROSETTA ROAD,,NOTTINGHAM,CITY OF NOTTINGHAM,CITY OF NOTTINGHAM,A,A
{2131FCF6-542D-86E8-E063-4804A8C0372B},215000,2024-04-17 00:00,NG7 3JX,T,N,F,34,,ARGYLE STREET,,NOTTINGHAM,CITY OF NOTTINGHAM,CITY OF NOTTINGHAM,A,A
{36A61A95-2E05-DEF2-E063-4704A8C046AE},188000,2024-09-06 00:00,LS6 3NA,S,N,F,124,,SPEN LANE,,LEEDS,LEEDS,WEST YORKSHIRE,A,A
{2859C1AC-4B92-52B4-E063-4804A8C05948},175000,2024-07-26 00:00,NG7 2PG,T,N,F,17,,CLOISTER STREET,,NOTTINGHAM,CITY OF NOTTINGHAM,CITY OF NOTTINGHAM,A,A
{2859C1AC-4DA1-52B4-E063-4804A8C05948},220000,2024-07-24 00:00,NG7 6AL,S,N,F,83,,NOEL STREET,,NOTTINGHAM,CITY OF NOTTINGHAM,CITY OF NOTTINGHAM,A,A
{25E9DA80-8E9D-555E-E063-4704A8C066F2},185000,2024-09-26 00:00,CF24 2QD,T,N,F,10,,SKAITHMUIR ROAD,,CARDIFF,CARDIFF,CARDIFF,A,A
{25E9DA80-C2FC-555E-E063-4704A8C066F2},360000,2024-08-01 00:00,M14 6RW,D,N,L,180,,LADYBARN LANE,,MANCHESTER,MANCHESTER,GREATER MANCHESTER,A,A
{25E9DA80-C98E-555E-E063-4704A8C066F2},185000,2024-09-30 00:00,M1 5BZ,F,N,L,"CHORLTON MILL, 3",403,CAMBRIDGE STREET,,MANCHESTER,MANCHESTER,GREATER MANCHESTER,A,A
{2131FCF6-5436-86E8-E063-4804A8C0372B},656000,2024-08-16 00:00,NG7 1DG,D,N,F,22,,FISHPOND DRIVE,,NOTTINGHAM,CITY OF NOTTINGHAM,CITY OF NOTTINGHAM,A,A
{2131FCF6-5437-86E8-E063-4804A8C0372B},123000,2024-04-08 00:00,NG7 7FD,T,N,F,409,,NOTTINGHAM ROAD,,NOTTINGHAM,CITY OF NOTTINGHAM,CITY OF NOTTINGHAM,A,A
{2131FCF6-544A-86E8-E063-4804A8C0372B},246000,2024-08-06 00:00,NG7 1RU,F,N,L,PARK ROCK,APARTMENT 5E,CASTLE BOULEVARD,,NOTTINGHAM,CITY OF NOTTINGHAM,CITY OF NOTTINGHAM,A,A
{2859C1AC-4BA9-52B4-E063-4804A8C05948},160000,2024-10-22 00:00,NG7 5QZ,S,N,F,7,,NEWQUAY AVENUE,,NOTTINGHAM,CITY OF NOTTINGHAM,CITY OF NOTTINGHAM,A,A
{2859C1AC-4DCB-52B4-E063-4804A8C05948},155000,2024-04-05 00:00,NG7 5PJ,S,N,F,18,,WADES AVENUE,,NOTTINGHAM,CITY OF NOTTINGHAM,CITY OF NOTTINGHAM,A,A
{2859C1AC-4FD9-52B4-E063-4804A8C05948},115000,2024-10-28 00:00,NG7 6GA,T,N,F,34,,GLADSTONE STREET,,NOTTINGHAM,CITY OF NOTTINGHAM,CITY OF NOTTINGHAM,A,A
{2859C1AC-4FDC-52B4-E063-4804A8C05948},120000,2024-07-08 00:00,NG7 2RW,F,N,L,15,,TONNELIER ROAD,,NOTTINGHAM,CITY OF NOTTINGHAM,CITY OF NOTTINGHAM,A,A
{2859C1AC-4FED-52B4-E063-4804A8C05948},359950,2024-05-17 00:00,NG7 1DX,F,N,L,33,FLAT 2,LENTON AVENUE,,NOTTINGHAM,CITY OF NOTTINGHAM,CITY OF NOTTINGHAM,A,A
{36A61A95-0FF5-DEF2-E063-4704A8C046AE},210200,2024-12-13 00:00,NE6 5UH,F,N,L,2,,FALDONSIDE,,NEWCASTLE UPON TYNE,NEWCASTLE UPON TYNE,TYNE AND WEAR,A,A
{25E9DA80-C319-555E-E063-4704A8C066F2},230000,2024-09-16 00:00,M14 6SZ,T,N,F,64,,ST GEORGES ROAD,,MANCHESTER,MANCHESTER,GREATER MANCHESTER,A,A
{25E9DA80-C774-555E-E063-4704A8C066F2},250000,2024-01-24 00:00,M14 6BU,S,N,F,49,,DELACOURT ROAD,,MANCHESTER,MANCHESTER,GREATER MANCHESTER,A,A
{2131FCF6-522E-86E8-E063-4804A8C0372B},110000,2024-03-26 00:00,NG7 7EJ,T,N,F,13,,CHELMSFORD ROAD,,NOTTINGHAM,CITY OF NOTTINGHAM,CITY OF NOTTINGHAM,A,A
{2131FCF6-5462-86E8-E063-4804A8C0372B},327500,2024-08-16 00:00,NG7 1HT,T,N,F,94,,THE QUAYS,,NOTTINGHAM,CITY OF NOTTINGHAM,CITY OF NOTTINGHAM,A,A
{2859C1AC-4DE7-52B4-E063-4804A8C05948},155050,2024-07-12 00:00,NG7 7AS,T,N,F,13,,HOLLIS STREET,,NOTTINGHAM,CITY OF NOTTINGHAM,CITY OF NOTTINGHAM,A,A
{36A61A95-1057-DEF2-E063-4704A8C046AE},200000,2024-03-28 00:00,NE6 4EA,T,N,F,44,,ASHBOURNE AVENUE,,NEWCASTLE UPON TYNE,NEWCASTLE UPON TYNE,TYNE AND WEAR,A,A
{36A61A95-106B-DEF2-E063-4704A8C046AE},89950,2024-10-18 00:00,NE6 4RN,T,N,F,17,,ELLESMERE AVENUE,WALKERGATE,NEWCASTLE UPON TYNE,NEWCASTLE UPON TYNE,TYNE AND WEAR,A,A
{25E9DA80-C9CA-555E-E063-4704A8C066F2},286000,2024-10-01 00:00,M14 6GT,S,N,L,1,,MALLOWDALE AVENUE,,MANCHESTER,MANCHESTER,GREATER MANCHESTER,A,A
{2859C1AC-4BF2-52B4-E063-4804A8C05948},225000,2024-09-23 00:00,NG7 2FP,T,N,F,72,,LENTON MANOR,,NOTTINGHAM,CITY OF NOTTINGHAM,CITY OF NOTTINGHAM,A,A
{36A61A95-10DF-DEF2-E063-4704A8C046AE},90000,2024-07-12 00:00,NE6 2PJ,S,N,F,37,,GRASMERE AVENUE,WALKER,NEWCASTLE UPON TYNE,NEWCASTLE UPON TYNE,TYNE AND WEAR,B,A
{36A61A95-10E9-DEF2-E063-4704A8C046AE},149000,2024-11-20 00:00,NE6 5UQ,F,N,L,5,,ST ALBANS CRESCENT,,NEWCASTLE UPON TYNE,NEWCASTLE UPON TYNE,TYNE AND WEAR,A,A
{25E9DA80-C374-555E-E063-4704A8C066F2},208000,2024-08-28 00:00,M14 7QA,T,N,F,9,,BROMPTON ROAD,,MANCHESTER,MANCHESTER,GREATER MANCHESTER,A,A
{25E9DA80-C9EC-555E-E063-4704A8C066F2},193000,2024-05-31 00:00,M14 7BA,F,N,L,"PARKSIDE, 193",FLAT 2,HART ROAD,,MANCHESTER,MANCHESTER,GREATER MANCHESTER,A,A
{25E9DA80-CA06-555E-E063-4704A8C066F2},240000,2024-09-23 00:00,M1 5DE,F,N,L,"THE HACIENDA, 11 - 15",213,WHITWORTH STREET WEST,,MANCHESTER,MANCHESTER,GREATER MANCHESTER,A,A
{25E9DA80-CA1E-555E-E063-4704A8C066F2},210000,2024-09-27 00:00,M1 7EP,F,N,L,"PRINCESS HOUSE, 144",FLAT 37,PRINCESS STREET,,MANCHESTER,MANCHESTER,GREATER MANCHESTER,A,A
{25E9DA80-CA26-555E-E063-4704A8C066F2},225000,2024-06-27 00:00,M14 5WN,T,N,F,12,,CHADWICK CLOSE,,MANCHESTER,MANCHESTER,GREATER MANCHESTER,A,A
{25E9DA80-C3BB-555E-E063-4704A8C066F2},220000,2024-05-17 00:00,M14 7QA,T,N,F,1,,BROMPTON ROAD,,MANCHESTER,MANCHESTER,GREATER MANCHESTER,A,A
{38EDC0C2-BF95-0F63-E063-4704A8C00424},206000,2024-09-30 00:00,CF24 0JW,T,N,F,42,,LONGCROSS STREET,,CARDIFF,CARDIFF,CARDIFF,A,A
{25E9DA80-C3D8-555E-E063-4704A8C066F2},240000,2024-09-12 00:00,M14 7AR,S,N,F,18,,BUCKLOW AVENUE,,MANCHESTER,MANCHESTER,GREATER MANCHESTER,A,A
{2131FCF6-52E5-86E8-E063-4804A8C0372B},73500,2024-03-15 00:00,NG7 6NA,T,N,F,22A,,FOXHALL ROAD,,NOTTINGHAM,CITY OF NOTTINGHAM,CITY OF NOTTINGHAM,A,A
{25E9DA80-C858-555E-E063-4704A8C066F2},186000,2024-10-02 00:00,M14 6ST,T,N,F,1,,MEREDITH STREET,,MANCHESTER,MANCHESTER,GREATER MANCHESTER,A,A
{25E9DA80-C883-555E-E063-4704A8C066F2},155000,2024-02-10 00:00,M14 6BP,S,N,F,81,,VICTORIA ROAD,FALLOWFIELD,MANCHESTER,MANCHESTER,GREATER MANCHESTER,A,A
{2131FCF6-3BD0-86E8-E063-4804A8C0372B},240000,2024-04-08 00:00,L15 3LB,T,N,F,76,,LANGDALE ROAD,,LIVERPOOL,LIVERPOOL,MERSEYSIDE,A,A
{2131FCF6-3E34-86E8-E063-4804A8C0372B},169500,2024-08-23 00:00,L15 7JZ,F,N,L,MOSSFIELD,APARTMENT 2,THINGWALL ROAD,,LIVERPOOL,LIVERPOOL,MERSEYSIDE,A,A
{31C68072-FFBA-FEE3-E063-4804A8C04F37},200000,2024-12-17 00:00,NG7 1SH,T,N,F,13,,METTHAM STREET,,NOTTINGHAM,CITY OF NOTTINGHAM,CITY OF NOTTINGHAM,B,A
{31C68072-FFC0-FEE3-E063-4804A8C04F37},130000,2024-06-27 00:00,NG7 3BQ,T,N,F,27,,RADFORD BOULEVARD,,NOTTINGHAM,CITY OF NOTTINGHAM,CITY OF NOTTINGHAM,B,A
{31C68072-FFD0-FEE3-E063-4804A8C04F37},300000,2024-10-18 00:00,NG7 3AQ,O,N,F,97 - 99,,HARTLEY ROAD,,NOTTINGHAM,CITY OF NOTTINGHAM,CITY OF NOTTINGHAM,B,A
{31C68072-FFF5-FEE3-E063-4804A8C04F37},185000,2024-11-08 00:00,NG7 2PJ,T,N,F,34,,WARWICK STREET,,NOTTINGHAM,CITY OF NOTTINGHAM,CITY OF NOTTINGHAM,B,A
{31C68073-0BBB-FEE3-E063-4804A8C04F37},234500,2024-12-20 00:00,NE6 4PE,D,N,F,8,,THISTLEY CLOSE,,NEWCASTLE UPON TYNE,NEWCASTLE UPON TYNE,TYNE AND WEAR,B,A
{31C68073-0C00-FEE3-E063-4804A8C04F37},142000,2024-01-12 00:00,NE6 5HY,O,N,L,29,,HEATON PARK VIEW,,NEWCASTLE UPON TYNE,NEWCASTLE UPON TYNE,TYNE AND WEAR,B,A
{31C68072-F8DD-FEE3-E063-4804A8C04F37},1320000,2024-02-26 00:00,M1 1EX,O,N,L,"NEWTON HOUSE, 77",UNIT 7,NEWTON STREET,,MANCHESTER,MANCHESTER,GREATER MANCHESTER,B,A
{31C68072-F8FF-FEE3-E063-4804A8C04F37},1415001,2024-01-24 00:00,M14 6NL,O,N,L,270,,WILMSLOW ROAD,,MANCHESTER,MANCHESTER,GREATER MANCHESTER,B,A
{31C68072-F904-FEE3-E063-4804A8C04F37},750000,2024-02-23 00:00,M14 6NR,S,N,F,66,,MOSELEY ROAD,FALLOWFIELD,MANCHESTER,MANCHESTER,GREATER MANCHESTER,B,A
{38EDC0C2-B9E2-0F63-E063-4704A8C00424},150000,2024-09-20 00:00,CF24 2EP,T,N,F,THE COACH HOUSE,,NEATH STREET,,CARDIFF,CARDIFF,CARDIFF,A,A
{31C68072-FC35-FEE3-E063-4804A8C04F37},156500,2024-10-09 00:00,L15 0ET,T,N,F,3A,,LIBERTY STREET,,LIVERPOOL,LIVERPOOL,MERSEYSIDE,B,A
{31C68073-0009-FEE3-E063-4804A8C04F37},350000,2024-07-12 00:00,NG7 2FB,S,N,F,37,,SHERWIN ROAD,LENTON,NOTTINGHAM,CITY OF NOTTINGHAM,CITY OF NOTTINGHAM,B,A
{31C68073-0048-FEE3-E063-4804A8C04F37},100000,2024-03-19 00:00,NG7 4DJ,F,N,L,104,FLAT 1,RALEIGH STREET,,NOTTINGHAM,CITY OF NOTTINGHAM,CITY OF NOTTINGHAM,B,A
{31C68073-0049-FEE3-E063-4804A8C04F37},90000,2024-03-19 00:00,NG7 4DJ,F,N,L,104,FLAT 5,RALEIGH STREET,,NOTTINGHAM,CITY OF NOTTINGHAM,CITY OF NOTTINGHAM,B,A
{25E9DA80-C682-555E-E063-4704A8C066F2},225000,2024-06-05 00:00,M14 7WS,T,N,F,162,,THORNTON ROAD,,MANCHESTER,MANCHESTER,GREATER MANCHESTER,A,A
{25E9DA80-C8B1-555E-E063-4704A8C066F2},185000,2024-02-14 00:00,M14 7PU,T,N,L,24,,LOWESTOFT STREET,,MANCHESTER,MANCHESTER,GREATER MANCHESTER,A,A
{31C68072-F4B5-FEE3-E063-4804A8C04F37},200000,2024-11-22 00:00,L15 1HW,T,N,F,90,,SALISBURY ROAD,WAVERTREE,LIVERPOOL,LIVERPOOL,MERSEYSIDE,B,A
{31C68072-F4CA-FEE3-E063-4804A8C04F37},50000,2024-02-26 00:00,M1 1LT,F,N,F,15,FLAT 17,PICCADILLY,,MANCHESTER,MANCHESTER,GREATER MANCHESTER,B,A
{31C68072-FC46-FEE3-E063-4804A8C04F37},101000,2024-05-31 00:00,L15 1EN,T,N,F,117,,BISHOPGATE STREET,,LIVERPOOL,LIVERPOOL,MERSEYSIDE,B,A
{31C68073-0066-FEE3-E063-4804A8C04F37},121000,2024-10-18 00:00,NG7 6HF,T,N,F,74,,EWART ROAD,,NOTTINGHAM,CITY OF NOTTINGHAM,CITY OF NOTTINGHAM,B,A
{31C68073-0C2E-FEE3-E063-4804A8C04F37},95000,2024-12-04 00:00,NE6 5BW,T,Y,F,5,,WATSON DRIVE,,NEWCASTLE UPON TYNE,NEWCASTLE UPON TYNE,TYNE AND WEAR,B,A
{31C68073-0C2F-FEE3-E063-4804A8C04F37},95000,2024-12-04 00:00,NE6 5BW,T,Y,F,7,,WATSON DRIVE,,NEWCASTLE UPON TYNE,NEWCASTLE UPON TYNE,TYNE AND WEAR,B,A
{31C68073-0C30-FEE3-E063-4804A8C04F37},115000,2024-12-04 00:00,NE6 5BW,T,Y,F,9,,WATSON DRIVE,,NEWCASTLE UPON TYNE,NEWCASTLE UPON TYNE,TYNE AND WEAR,B,A
{31C68073-0C31-FEE3-E063-4804A8C04F37},115000,2024-12-04 00:00,NE6 5BW,T,Y,F,11,,WATSON DRIVE,,NEWCASTLE UPON TYNE,NEWCASTLE UPON TYNE,TYNE AND WEAR,B,A
{31C68073-0C32-FEE3-E063-4804A8C04F37},115000,2024-12-04 00:00,NE6 5BW,T,Y,F,17,,WATSON DRIVE,,NEWCASTLE UPON TYNE,NEWCASTLE UPON TYNE,TYNE AND WEAR,B,A
{31C68073-0C33-FEE3-E063-4804A8C04F37},115000,2024-12-04 00:00,NE6 5BW,S,Y,F,19,,WATSON DRIVE,,NEWCASTLE UPON TYNE,NEWCASTLE UPON TYNE,TYNE AND WEAR,B,A
{31C68073-0C36-FEE3-E063-4804A8C04F37},115000,2024-12-04 00:00,NE6 5BW,T,Y,F,15,,WATSON DRIVE,,NEWCASTLE UPON TYNE,NEWCASTLE UPON TYNE,TYNE AND WEAR,B,A
{402A3A66-163B-A7DF-E063-4804A8C0B80D},309665,2024-06-21 00:00,M1 5LQ,F,Y,L,42,FLAT 3108,GREAT BRIDGEWATER STREET,,MANCHESTER,MANCHESTER,GREATER MANCHESTER,A,A
{402A3A66-163C-A7DF-E063-4804A8C0B80D},487746,2024-07-05 00:00,M1 5LR,F,Y,L,42,FLAT 3204,GREAT BRIDGEWATER STREET,,MANCHESTER,MANCHESTER,GREATER MANCHESTER,A,A
{402A3A66-163D-A7DF-E063-4804A8C0B80D},294041,2024-07-08 00:00,M1 5LQ,F,Y,L,42,FLAT 2509,GREAT BRIDGEWATER STREET,,MANCHESTER,MANCHESTER,GREATER MANCHESTER,A,A
{402A3A66-163E-A7DF-E063-4804A8C0B80D},276000,2024-07-31 00:00,M1 5LG,F,Y,L,42,FLAT 909,GREAT BRIDGEWATER STREET,,MANCHESTER,MANCHESTER,GREATER MANCHESTER,B,A
{402A3A66-163F-A7DF-E063-4804A8C0B80D},289492,2024-05-31 00:00,M1 5LJ,F,Y,L,42,FLAT 1508,GREAT BRIDGEWATER STREET,,MANCHESTER,MANCHESTER,GREATER MANCHESTER,A,A
{402A3A66-1640-A7DF-E063-4804A8C0B80D},363377,2024-05-31 00:00,M1 5LG,F,Y,L,42,FLAT 306,GREAT BRIDGEWATER STREET,,MANCHESTER,MANCHESTER,GREATER MANCHESTER,A,A
{402A3A66-1641-A7DF-E063-4804A8C0B80D},445557,2024-05-31 00:00,M1 5LJ,F,Y,L,42,FLAT 1502,GREAT BRIDGEWATER STREET,,MANCHESTER,MANCHESTER,GREATER MANCHESTER,A,A
{402A3A66-1642-A7DF-E063-4804A8C0B80D},325919,2024-07-31 00:00,M1 5LR,F,Y,L,42,FLAT 3708,GREAT BRIDGEWATER STREET,,MANCHESTER,MANCHESTER,GREATER MANCHESTER,A,A
{402A3A66-1643-A7DF-E063-4804A8C0B80D},310097,2024-07-09 00:00,M1 5LR,F,Y,L,42,FLAT 3309,GREAT BRIDGEWATER STREET,,MANCHESTER,MANCHESTER,GREATER MANCHESTER,A,A
{402A3A66-1645-A7DF-E063-4804A8C0B80D},421659,2024-07-09 00:00,M1 5LG,F,Y,L,42,FLAT 702,GREAT BRIDGEWATER STREET,,MANCHESTER,MANCHESTER,GREATER MANCHESTER,B,A
{402A3A66-1646-A7DF-E063-4804A8C0B80D},326340,2024-07-10 00:00,M1 5LQ,F,Y,L,42,FLAT 2808,GREAT BRIDGEWATER STREET,,MANCHESTER,MANCHESTER,GREATER MANCHESTER,A,A
{402A3A66-1647-A7DF-E063-4804A8C0B80D},473340,2024-07-08 00:00,M1 5LQ,F,Y,L,42,FLAT 2805,GREAT BRIDGEWATER STREET,,MANCHESTER,MANCHESTER,GREATER MANCHESTER,A,A
{402A3A66-1648-A7DF-E063-4804A8C0B80D},291684,2024-05-31 00:00,M1 5LP,F,Y,L,42,FLAT 1809,GREAT BRIDGEWATER STREET,,MANCHESTER,MANCHESTER,GREATER MANCHESTER,A,A
{402A3A66-164D-A7DF-E063-4804A8C0B80D},328671,2024-06-14 00:00,M1 5LR,F,Y,L,42,FLAT 3307,GREAT BRIDGEWATER STREET,,MANCHESTER,MANCHESTER,GREATER MANCHESTER,A,A
{402A3A66-164F-A7DF-E063-4804A8C0B80D},296432,2024-07-19 00:00,M1 5LP,F,Y,L,42,FLAT 2108,GREAT BRIDGEWATER STREET,,MANCHESTER,MANCHESTER,GREATER MANCHESTER,A,A
{402A3A66-165F-A7DF-E063-4804A8C0B80D},414520,2024-08-14 00:00,M1 5LJ,F,Y,L,42,FLAT 1303,GREAT BRIDGEWATER STREET,,MANCHESTER,MANCHESTER,GREATER MANCHESTER,A,A
{402A3A65-A513-A7DF-E063-4804A8C0B80D},195000,2024-07-05 00:00,CF24 3HR,T,N,F,19,,ARRAN STREET,ROATH,CARDIFF,CARDIFF,CARDIFF,A,A
{31C68073-009E-FEE3-E063-4804A8C04F37},125000,2024-02-16 00:00,NG7 7DT,T,N,F,42,,ELAND STREET,,NOTTINGHAM,CITY OF NOTTINGHAM,CITY OF NOTTINGHAM,B,A
{38EDC0C2-E1D0-0F63-E063-4704A8C00424},250000,2024-12-19 00:00,M14 7AB,S,N,F,134,,YEW TREE ROAD,,MANCHESTER,MANCHESTER,GREATER MANCHESTER,A,A
{31C68073-0CA2-FEE3-E063-4804A8C04F37},600000,2024-09-24 00:00,CF24 4BY,T,N,F,18,,HARRIET STREET,,CARDIFF,CARDIFF,CARDIFF,B,A
{31C68073-0CAE-FEE3-E063-4804A8C04F37},920000,2024-06-18 00:00,CF24 4DE,T,N,F,2A,,RHYMNEY TERRACE,,CARDIFF,CARDIFF,CARDIFF,B,A
{402A3A66-1661-A7DF-E063-4804A8C0B80D},486717,2024-07-09 00:00,M1 5LQ,F,Y,L,42,FLAT 3103,GREAT BRIDGEWATER STREET,,MANCHESTER,MANCHESTER,GREATER MANCHESTER,A,A
{402A3A66-1663-A7DF-E063-4804A8C0B80D},404759,2024-06-13 00:00,M1 5LP,F,Y,L,42,FLAT 2206,GREAT BRIDGEWATER STREET,,MANCHESTER,MANCHESTER,GREATER MANCHESTER,A,A
{402A3A66-1664-A7DF-E063-4804A8C0B80D},398122,2024-06-20 00:00,M1 5LQ,F,Y,L,42,FLAT 2810,GREAT BRIDGEWATER STREET,,MANCHESTER,MANCHESTER,GREATER MANCHESTER,A,A
{402A3A66-1665-A7DF-E063-4804A8C0B80D},296055,2024-07-10 00:00,M1 5LQ,F,Y,L,42,FLAT 2707,GREAT BRIDGEWATER STREET,,MANCHESTER,MANCHESTER,GREATER MANCHESTER,A,A
{402A3A66-1667-A7DF-E063-4804A8C0B80D},263220,2024-08-30 00:00,M1 5LG,F,Y,L,42,FLAT 409,GREAT BRIDGEWATER STREET,,MANCHESTER,MANCHESTER,GREATER MANCHESTER,B,A
{402A3A66-1668-A7DF-E063-4804A8C0B80D},405000,2024-09-12 00:00,M1 5LR,F,Y,L,42,FLAT 3810,GREAT BRIDGEWATER STREET,,MANCHESTER,MANCHESTER,GREATER MANCHESTER,A,A
{402A3A66-1677-A7DF-E063-4804A8C0B80D},404861,2024-06-19 00:00,M1 5LP,F,Y,L,42,FLAT 2306,GREAT BRIDGEWATER STREET,,MANCHESTER,MANCHESTER,GREATER MANCHESTER,A,A
{402A3A66-1678-A7DF-E063-4804A8C0B80D},400404,2024-06-03 00:00,M1 5LP,F,Y,L,42,FLAT 2006,GREAT BRIDGEWATER STREET,,MANCHESTER,MANCHESTER,GREATER MANCHESTER,A,A
{402A3A66-1681-A7DF-E063-4804A8C0B80D},237270,2024-10-18 00:00,M1 5LG,F,Y,L,42,FLAT 307,GREAT BRIDGEWATER STREET,,MANCHESTER,MANCHESTER,GREATER MANCHESTER,A,A
{31C68072-F533-FEE3-E063-4804A8C04F37},630000,2024-12-03 00:00,M14 6UP,T,N,F,4,,BEACONSFIELD,,MANCHESTER,MANCHESTER,GREATER MANCHESTER,B,A
{31C68073-0CED-FEE3-E063-4804A8C04F37},6200000,2024-04-15 00:00,CF24 0ED,O,N,F,"KNOX COURT, 10",,FITZALAN PLACE,,CARDIFF,CARDIFF,CARDIFF,B,A
{31C68073-1160-FEE3-E063-4804A8C04F37},220000,2024-10-29 00:00,LS6 2LD,T,N,F,20,,HARTLEY GROVE,,LEEDS,LEEDS,WEST YORKSHIRE,B,A
{31C68073-1193-FEE3-E063-4804A8C04F37},168500,2024-09-30 00:00,LS6 1RL,T,N,F,28,,AUTUMN GROVE,,LEEDS,LEEDS,WEST YORKSHIRE,B,A
{38EDC0C2-E32D-0F63-E063-4704A8C00424},230000,2024-06-20 00:00,M1 5JW,F,N,L,88,FLAT 14,GREAT BRIDGEWATER STREET,,MANCHESTER,MANCHESTER,GREATER MANCHESTER,A,A
{402A3A66-1684-A7DF-E063-4804A8C0B80D},485000,2024-10-28 00:00,M1 5LR,F,Y,L,42,FLAT 3402,GREAT BRIDGEWATER STREET,,MANCHESTER,MANCHESTER,GREATER MANCHESTER,A,A
{402A3A66-1687-A7DF-E063-4804A8C0B80D},365121,2024-10-09 00:00,M1 5LJ,F,Y,L,42,FLAT 1510,GREAT BRIDGEWATER STREET,,MANCHESTER,MANCHESTER,GREATER MANCHESTER,B,A
{402A3A66-1688-A7DF-E063-4804A8C0B80D},505050,2024-08-06 00:00,M1 5LR,F,Y,L,42,FLAT 3504,GREAT BRIDGEWATER STREET,,MANCHESTER,MANCHESTER,GREATER MANCHESTER,B,A
{402A3A66-169A-A7DF-E063-4804A8C0B80D},420980,2024-10-01 00:00,M1 5LJ,F,Y,L,42,FLAT 1601,GREAT BRIDGEWATER STREET,,MANCHESTER,MANCHESTER,GREATER MANCHESTER,A,A
{402A3A66-169C-A7DF-E063-4804A8C0B80D},436936,2024-10-03 00:00,M1 5LJ,F,Y,L,42,FLAT 1604,GREAT BRIDGEWATER STREET,,MANCHESTER,MANCHESTER,GREATER MANCHESTER,A,A
{402A3A66-169E-A7DF-E063-4804A8C0B80D},268069,2024-06-10 00:00,M1 5LG,F,Y,L,42,FLAT 709,GREAT BRIDGEWATER STREET,,MANCHESTER,MANCHESTER,GREATER MANCHESTER,A,A
{402A3A66-169F-A7DF-E063-4804A8C0B80D},409115,2024-07-03 00:00,M1 5LP,F,Y,L,42,FLAT 2406,GREAT BRIDGEWATER STREET,,MANCHESTER,MANCHESTER,GREATER MANCHESTER,A,A
{402A3A66-16A0-A7DF-E063-4804A8C0B80D},372089,2024-06-24 00:00,M1 5LG,F,Y,L,42,FLAT 706,GREAT BRIDGEWATER STREET,,MANCHESTER,MANCHESTER,GREATER MANCHESTER,A,A
{402A3A66-16A1-A7DF-E063-4804A8C0B80D},446586,2024-06-10 00:00,M1 5LP,F,Y,L,42,FLAT 1804,GREAT BRIDGEWATER STREET,,MANCHESTER,MANCHESTER,GREATER MANCHESTER,A,A
{402A3A66-16A2-A7DF-E063-4804A8C0B80D},373074,2024-05-28 00:00,M1 5LG,F,Y,L,42,FLAT 403,GREAT BRIDGEWATER STREET,,MANCHESTER,MANCHESTER,GREATER MANCHESTER,A,A
{402A3A66-16A3-A7DF-E063-4804A8C0B80D},395956,2024-07-03 00:00,M1 5LQ,F,Y,L,42,FLAT 2710,GREAT BRIDGEWATER STREET,,MANCHESTER,MANCHESTER,GREATER MANCHESTER,A,A
{38EDC0C2-BDC5-0F63-E063-4704A8C00424},158000,2024-12-13 00:00,CF24 3PG,F,N,L,15,FLAT 2,PEN Y LAN ROAD,,CARDIFF,CARDIFF,CARDIFF,A,A
{38EDC0C2-BE10-0F63-E063-4704A8C00424},135500,2024-12-09 00:00,CF24 0EQ,F,N,L,MOIRA COURT,FLAT 1,MOIRA STREET,,CARDIFF,CARDIFF,CARDIFF,A,A
{38EDC0C2-E372-0F63-E063-4704A8C00424},350000,2024-01-19 00:00,M1 5JF,F,N,L,"CHEPSTOW HOUSE, 16 - 20",FLAT 75,CHEPSTOW STREET,,MANCHESTER,MANCHESTER,GREATER MANCHESTER,A,A
{38EDC0C3-01F4-0F63-E063-4704A8C00424},220500,2024-08-14 00:00,M14 7WR,T,N,F,38,,DORSET AVENUE,,MANCHESTER,MANCHESTER,GREATER MANCHESTER,A,A
{402A3A65-FC5D-A7DF-E063-4804A8C0B80D},386000,2024-08-09 00:00,L15 7NG,S,N,L,1,,SHENLEY ROAD,,LIVERPOOL,LIVERPOOL,MERSEYSIDE,A,A
{402A3A65-FC7E-A7DF-E063-4804A8C0B80D},200500,2024-09-20 00:00,L15 4HG,T,N,F,83,,RATHBONE ROAD,WAVERTREE,LIVERPOOL,LIVERPOOL,MERSEYSIDE,A,A
{402A3A65-FCC5-A7DF-E063-4804A8C0B80D},225000,2024-09-13 00:00,L15 3JZ,S,N,F,92,,FERNDALE ROAD,WAVERTREE,LIVERPOOL,LIVERPOOL,MERSEYSIDE,A,A
{38EDC0C3-02A9-0F63-E063-4704A8C00424},220000,2024-12-06 00:00,M14 5WF,T,N,L,71,,EALING AVENUE,,MANCHESTER,MANCHESTER,GREATER MANCHESTER,A,A
{38EDC0C3-02D0-0F63-E063-4704A8C00424},124000,2024-08-29 00:00,L15 2HZ,T,N,F,106,,CRANBORNE ROAD,,LIVERPOOL,LIVERPOOL,MERSEYSIDE,A,A
{38EDC0C2-BEAC-0F63-E063-4704A8C00424},145000,2024-06-20 00:00,CF24 3QG,F,N,L,16,FLAT 5,CONNAUGHT ROAD,,CARDIFF,CARDIFF,CARDIFF,A,A
{31C68072-AC21-FEE3-E063-4804A8C04F37},128000,2024-05-31 00:00,NE6 5DN,F,N,L,26,,MARLEEN AVENUE,,NEWCASTLE UPON TYNE,NEWCASTLE UPON TYNE,TYNE AND WEAR,A,A
{31C68072-AC23-FEE3-E063-4804A8C04F37},153000,2024-10-08 00:00,NE6 5NB,F,N,L,77,,ADDYCOMBE TERRACE,,NEWCASTLE UPON TYNE,NEWCASTLE UPON TYNE,TYNE AND WEAR,A,A
{31C68072-AC25-FEE3-E063-4804A8C04F37},400000,2024-05-30 00:00,NE6 5RB,T,N,F,19,,SWINDON TERRACE,,NEWCASTLE UPON TYNE,NEWCASTLE UPON TYNE,TYNE AND WEAR,A,A
{31C68072-AC34-FEE3-E063-4804A8C04F37},171000,2024-07-26 00:00,NE6 5SS,F,N,L,168,,WHITEFIELD TERRACE,,NEWCASTLE UPON TYNE,NEWCASTLE UPON TYNE,TYNE AND WEAR,A,A
{31C68072-AC3C-FEE3-E063-4804A8C04F37},132000,2024-06-19 00:00,NE6 5LS,F,N,L,73,,WARTON TERRACE,,NEWCASTLE UPON TYNE,NEWCASTLE UPON TYNE,TYNE AND WEAR,A,A
{31C68072-AC3E-FEE3-E063-4804A8C04F37},268535,2024-07-19 00:00,NE6 5TB,T,N,F,104,,SACKVILLE ROAD,,NEWCASTLE UPON TYNE,NEWCASTLE UPON TYNE,TYNE AND WEAR,A,A
{31C68072-AC4D-FEE3-E063-4804A8C04F37},135000,2024-09-30 00:00,NE6 5SS,F,N,L,154,,WHITEFIELD TERRACE,,NEWCASTLE UPON TYNE,NEWCASTLE UPON TYNE,TYNE AND WEAR,A,A
{31C68072-AC69-FEE3-E063-4804A8C04F37},152000,2024-06-21 00:00,NE6 5DY,F,N,L,164,,TREWHITT ROAD,,NEWCASTLE UPON TYNE,NEWCASTLE UPON TYNE,TYNE AND WEAR,A,A
{402A3A65-A6B1-A7DF-E063-4804A8C0B80D},150000,2024-12-09 00:00,CF24 3QG,F,N,L,16,FLAT 3,CONNAUGHT ROAD,,CARDIFF,CARDIFF,CARDIFF,A,A
{31C68072-DAC4-FEE3-E063-4804A8C04F37},307000,2024-06-10 00:00,LS6 4PJ,S,N,F,17,,TOWERS WAY,,LEEDS,LEEDS,WEST YORKSHIRE,A,A
{31C68072-AD03-FEE3-E063-4804A8C04F37},187000,2024-12-02 00:00,NE6 5AA,F,N,L,23,,STANNINGTON AVENUE,,NEWCASTLE UPON TYNE,NEWCASTLE UPON TYNE,TYNE AND WEAR,A,A
{31C68072-AD2A-FEE3-E063-4804A8C04F37},94500,2024-09-10 00:00,NE6 3AH,T,N,F,1,,COWEN STREET,,NEWCASTLE UPON TYNE,NEWCASTLE UPON TYNE,TYNE AND WEAR,A,A
{402A3A66-136F-A7DF-E063-4804A8C0B80D},145000,2024-05-30 00:00,M1 4AB,F,N,L,"THE ARTHOUSE, 43",APARTMENT 109,GEORGE STREET,,MANCHESTER,MANCHESTER,GREATER MANCHESTER,A,A
{31C68072-DB20-FEE3-E063-4804A8C04F37},322000,2024-01-31 00:00,LS6 3NY,S,N,F,37,,ST ANNES ROAD,,LEEDS,LEEDS,WEST YORKSHIRE,A,A
{1C3E72FE-DD36-F410-E063-4804A8C0DFA6},371000,2024-05-28 00:00,LS6 4PQ,S,N,F,137,,STONEGATE ROAD,,LEEDS,LEEDS,WEST YORKSHIRE,A,A
{1C3E72FE-DD40-F410-E063-4804A8C0DFA6},225700,2024-01-19 00:00,LS6 3JD,T,N,F,27,,ASH TERRACE,,LEEDS,LEEDS,WEST YORKSHIRE,A,A
{1C3E72FE-DD6E-F410-E063-4804A8C0DFA6},245000,2024-04-24 00:00,LS6 4JL,T,N,F,3,,SANDFIELD GARTH,,LEEDS,LEEDS,WEST YORKSHIRE,A,A
{36A61A95-5483-DEF2-E063-4704A8C046AE},55000,2024-09-06 00:00,L15 3JL,O,N,L,421 - 423,,SMITHDOWN ROAD,,LIVERPOOL,LIVERPOOL,MERSEYSIDE,B,A
{36A61A95-5879-DEF2-E063-4704A8C046AE},107000,2024-08-23 00:00,NG7 7EN,T,N,F,12,,CHELMSFORD TERRACE,,NOTTINGHAM,CITY OF NOTTINGHAM,CITY OF NOTTINGHAM,B,A
{36A61A95-58A3-DEF2-E063-4704A8C046AE},500000,2024-03-27 00:00,NG7 7JT,O,N,F,1,,NORTH GATE PLACE,,NOTTINGHAM,CITY OF NOTTINGHAM,CITY OF NOTTINGHAM,B,A
{1C3E72FE-DDBA-F410-E063-4804A8C0DFA6},720000,2024-05-15 00:00,LS6 4DX,T,N,F,16,,MONK BRIDGE ROAD,,LEEDS,LEEDS,WEST YORKSHIRE,A,A
{36A61A95-641E-DEF2-E063-4704A8C046AE},210000,2024-04-19 00:00,NE6 2NY,O,N,F,444 - 446,,WELBECK ROAD,,NEWCASTLE UPON TYNE,NEWCASTLE UPON TYNE,TYNE AND WEAR,B,A
{36A61A95-6427-DEF2-E063-4704A8C046AE},3400,2024-05-28 00:00,NE6 4EF,O,N,F,14,,LANGLEY PLACE,,NEWCASTLE UPON TYNE,NEWCASTLE UPON TYNE,TYNE AND WEAR,B,A
{36A61A95-642D-DEF2-E063-4704A8C046AE},85000,2024-06-21 00:00,NE6 2NY,O,N,F,436,,WELBECK ROAD,,NEWCASTLE UPON TYNE,NEWCASTLE UPON TYNE,TYNE AND WEAR,B,A
{36A61A95-688B-DEF2-E063-4704A8C046AE},285000,2024-12-13 00:00,LS6 3ES,T,N,F,25,,ESTCOURT AVENUE,,LEEDS,LEEDS,WEST YORKSHIRE,B,A
{36A61A95-68A5-DEF2-E063-4704A8C046AE},350000,2024-11-29 00:00,LS6 2HP,T,N,F,9,,CLIFF MOUNT,,LEEDS,LEEDS,WEST YORKSHIRE,B,A
{36A61A95-68CF-DEF2-E063-4704A8C046AE},850000,2024-05-28 00:00,LS6 2AH,O,N,F,3 - 5,,ALMA ROAD,,LEEDS,LEEDS,WEST YORKSHIRE,B,A
{36A61A95-6AAA-DEF2-E063-4704A8C046AE},220000,2024-09-10 00:00,LS6 3FB,O,N,L,"VICTORIA COURT, 224",37,KIRKSTALL LANE,,LEEDS,LEEDS,WEST YORKSHIRE,B,A
{38EDC0C3-67C9-0F63-E063-4704A8C00424},230000,2024-04-05 00:00,NE6 4PD,S,N,F,12,,JASMINE CLOSE,,NEWCASTLE UPON TYNE,NEWCASTLE UPON TYNE,TYNE AND WEAR,A,A
{38EDC0C3-67CD-0F63-E063-4704A8C00424},520000,2024-09-06 00:00,NE6 5BA,T,N,F,21,,STRATFORD GROVE TERRACE,,NEWCASTLE UPON TYNE,NEWCASTLE UPON TYNE,TYNE AND WEAR,A,A
{38EDC0C3-702A-0F63-E063-4704A8C00424},300000,2024-05-07 00:00,CF24 4RX,T,N,F,146,,INVERNESS PLACE,,CARDIFF,CARDIFF,CARDIFF,A,A
{1C3E72FE-DBCA-F410-E063-4804A8C0DFA6},260000,2024-06-07 00:00,LS6 4NP,S,N,F,25,,CHURCH LANE,MEANWOOD,LEEDS,LEEDS,WEST YORKSHIRE,A,A
{1C3E72FE-DBD4-F410-E063-4804A8C0DFA6},152000,2024-01-18 00:00,LS6 2LP,S,N,F,18,,HARTLEY AVENUE,,LEEDS,LEEDS,WEST YORKSHIRE,A,A
{31C68072-B36D-FEE3-E063-4804A8C04F37},285000,2024-11-29 00:00,CF24 3HT,T,N,F,60,,ARRAN STREET,ROATH,CARDIFF,CARDIFF,CARDIFF,A,A
{36A61A95-6474-DEF2-E063-4704A8C046AE},315000,2024-08-01 00:00,CF24 4RR,T,N,F,108,,MACKINTOSH PLACE,,CARDIFF,CARDIFF,CARDIFF,B,A
{36A61A95-64A9-DEF2-E063-4704A8C046AE},755000,2024-09-02 00:00,CF24 4NG,O,N,F,111,,CRWYS ROAD,,CARDIFF,CARDIFF,CARDIFF,B,A
{36A61A95-68D5-DEF2-E063-4704A8C046AE},197000,2024-11-20 00:00,LS6 1EX,T,N,F,47,,ROYAL PARK TERRACE,,LEEDS,LEEDS,WEST YORKSHIRE,B,A
{36A61A95-692B-DEF2-E063-4704A8C046AE},300000,2024-08-30 00:00,LS6 3PX,T,N,F,107,,OTLEY ROAD,,LEEDS,LEEDS,WEST YORKSHIRE,B,A
{38EDC0C3-67D9-0F63-E063-4704A8C00424},165000,2024-09-03 00:00,NE6 5TD,F,N,L,208,,SACKVILLE ROAD,,NEWCASTLE UPON TYNE,NEWCASTLE UPON TYNE,TYNE AND WEAR,A,A
{38EDC0C3-67E8-0F63-E063-4704A8C00424},155000,2024-08-09 00:00,NE6 5DB,F,N,F,167,,ROTHBURY TERRACE,,NEWCASTLE UPON TYNE,NEWCASTLE UPON TYNE,TYNE AND WEAR,A,A
{38EDC0C3-67F1-0F63-E063-4704A8C00424},200000,2024-05-01 00:00,NE6 5DH,T,N,F,24,,RICHARDSON STREET,,NEWCASTLE UPON TYNE,NEWCASTLE UPON TYNE,TYNE AND WEAR,A,A
{38EDC0C3-6833-0F63-E063-4704A8C00424},350000,2024-12-19 00:00,NE6 5AX,S,N,F,5,,STRATFORD VILLAS,,NEWCASTLE UPON TYNE,NEWCASTLE UPON TYNE,TYNE AND WEAR,A,A
{402A3A66-1593-A7DF-E063-4804A8C0B80D},323368,2024-05-01 00:00,M1 5LG,F,Y,L,42,FLAT 310,GREAT BRIDGEWATER STREET,,MANCHESTER,MANCHESTER,GREATER MANCHESTER,A,A
{402A3A66-1597-A7DF-E063-4804A8C0B80D},265608,2024-05-22 00:00,M1 5LG,F,Y,L,42,FLAT 309,GREAT BRIDGEWATER STREET,,MANCHESTER,MANCHESTER,GREATER MANCHESTER,A,A
{402A3A66-1598-A7DF-E063-4804A8C0B80D},450702,2024-05-13 00:00,M1 5LP,F,Y,L,42,FLAT 2003,GREAT BRIDGEWATER STREET,,MANCHESTER,MANCHESTER,GREATER MANCHESTER,A,A
{402A3A66-1599-A7DF-E063-4804A8C0B80D},383040,2024-05-28 00:00,M1 5LG,F,Y,L,42,FLAT 503,GREAT BRIDGEWATER STREET,,MANCHESTER,MANCHESTER,GREATER MANCHESTER,A,A
{402A3A66-159A-A7DF-E063-4804A8C0B80D},360835,2024-06-03 00:00,M1 5LJ,F,Y,L,42,FLAT 1310,GREAT BRIDGEWATER STREET,,MANCHESTER,MANCHESTER,GREATER MANCHESTER,A,A
{402A3A66-159B-A7DF-E063-4804A8C0B80D},424977,2024-05-30 00:00,M1 5LG,F,Y,L,42,FLAT 904,GREAT BRIDGEWATER STREET,,MANCHESTER,MANCHESTER,GREATER MANCHESTER,A,A
{402A3A66-159C-A7DF-E063-4804A8C0B80D},343000,2024-05-31 00:00,M1 5LJ,F,Y,L,42,FLAT 1010,GREAT BRIDGEWATER STREET,,MANCHESTER,MANCHESTER,GREATER MANCHESTER,A,A
{402A3A66-159D-A7DF-E063-4804A8C0B80D},384956,2024-05-31 00:00,M1 5LG,F,Y,L,42,FLAT 801,GREAT BRIDGEWATER STREET,,MANCHESTER,MANCHESTER,GREATER MANCHESTER,A,A
{402A3A66-159E-A7DF-E063-4804A8C0B80D},313845,2024-06-03 00:00,M1 5LJ,F,Y,L,42,FLAT 1309,GREAT BRIDGEWATER STREET,,MANCHESTER,MANCHESTER,GREATER MANCHESTER,A,A
{1C3E72FE-DC75-F410-E063-4804A8C0DFA6},252565,2024-01-05 00:00,LS6 4LY,T,N,F,11,,PARKSIDE ROAD,MEANWOOD,LEEDS,LEEDS,WEST YORKSHIRE,A,A
{36A61A95-36FB-DEF2-E063-4704A8C046AE},162000,2024-06-18 00:00,LS6 4AQ,F,N,L,BRIDGEWATER COURT,12,GROVE LANE,,LEEDS,LEEDS,WEST YORKSHIRE,A,A
{31C68072-AE94-FEE3-E063-4804A8C04F37},140000,2024-08-22 00:00,NE6 1BZ,F,N,L,OUSEBURN WHARF,92,ST LAWRENCE ROAD,,NEWCASTLE UPON TYNE,NEWCASTLE UPON TYNE,TYNE AND WEAR,A,A
{36A61A95-478C-DEF2-E063-4704A8C046AE},425000,2024-08-30 00:00,M14 6PT,T,N,F,59,,BRAILSFORD ROAD,,MANCHESTER,MANCHESTER,GREATER MANCHESTER,B,A
{36A61A95-4798-DEF2-E063-4704A8C046AE},230000,2024-11-07 00:00,M14 6LD,O,N,F,242,,WILMSLOW ROAD,,MANCHESTER,MANCHESTER,GREATER MANCHESTER,B,A
{36A61A95-47DC-DEF2-E063-4704A8C046AE},690000,2024-10-29 00:00,M14 6SR,S,N,F,147,,MAULDETH ROAD,,MANCHESTER,MANCHESTER,GREATER MANCHESTER,B,A
{1C3E72FE-DCF2-F410-E063-4804A8C0DFA6},415000,2024-02-23 00:00,LS6 4PT,S,N,F,114,,PARKLAND DRIVE,MEANWOOD,LEEDS,LEEDS,WEST YORKSHIRE,A,A
{36A61A95-58E1-DEF2-E063-4704A8C046AE},665000,2024-03-27 00:00,NG7 7JT,O,N,F,5,,NORTH GATE PLACE,,NOTTINGHAM,CITY OF NOTTINGHAM,CITY OF NOTTINGHAM,B,A
{1C3E72FE-DD04-F410-E063-4804A8C0DFA6},307000,2024-04-29 00:00,LS6 4PG,S,N,F,51,,PARKLAND GARDENS,,LEEDS,LEEDS,WEST YORKSHIRE,A,A
{38EDC0C3-689A-0F63-E063-4704A8C00424},135000,2024-04-02 00:00,NE6 4DL,S,N,F,149,,ENNERDALE ROAD,,NEWCASTLE UPON TYNE,NEWCASTLE UPON TYNE,TYNE AND WEAR,A,A
{402A3A66-159F-A7DF-E063-4804A8C0B80D},408380,2024-06-04 00:00,M1 5LP,F,Y,L,42,FLAT 1801,GREAT BRIDGEWATER STREET,,MANCHESTER,MANCHESTER,GREATER MANCHESTER,A,A
{402A3A66-15A0-A7DF-E063-4804A8C0B80D},430950,2024-05-30 00:00,M1 5LJ,F,Y,L,42,FLAT 1105,GREAT BRIDGEWATER STREET,,MANCHESTER,MANCHESTER,GREATER MANCHESTER,A,A
{402A3A66-15A1-A7DF-E063-4804A8C0B80D},383836,2024-05-29 00:00,M1 5LG,F,Y,L,42,FLAT 604,GREAT BRIDGEWATER STREET,,MANCHESTER,MANCHESTER,GREATER MANCHESTER,A,A
{402A3A66-15A3-A7DF-E063-4804A8C0B80D},278834,2024-05-31 00:00,M1 5LJ,F,Y,L,42,FLAT 1208,GREAT BRIDGEWATER STREET,,MANCHESTER,MANCHESTER,GREATER MANCHESTER,A,A
{402A3A66-15A6-A7DF-E063-4804A8C0B80D},398225,2024-06-03 00:00,M1 5LP,F,Y,L,42,FLAT 1905,GREAT BRIDGEWATER STREET,,MANCHESTER,MANCHESTER,GREATER MANCHESTER,A,A
{402A3A66-15A7-A7DF-E063-4804A8C0B80D},456975,2024-05-13 00:00,M1 5LJ,F,Y,L,42,FLAT 1505,GREAT BRIDGEWATER STREET,,MANCHESTER,MANCHESTER,GREATER MANCHESTER,A,A
{402A3A66-15A8-A7DF-E063-4804A8C0B80D},435530,2024-06-04 00:00,M1 5LJ,F,Y,L,42,FLAT 1405,GREAT BRIDGEWATER STREET,,MANCHESTER,MANCHESTER,GREATER MANCHESTER,A,A
{402A3A66-15A9-A7DF-E063-4804A8C0B80D},287467,2024-05-31 00:00,M1 5LP,F,Y,L,42,FLAT 1908,GREAT BRIDGEWATER STREET,,MANCHESTER,MANCHESTER,GREATER MANCHESTER,A,A
{402A3A66-15AB-A7DF-E063-4804A8C0B80D},430680,2024-05-31 00:00,M1 5LJ,F,Y,L,42,FLAT 1205,GREAT BRIDGEWATER STREET,,MANCHESTER,MANCHESTER,GREATER MANCHESTER,A,A
{402A3A66-15AC-A7DF-E063-4804A8C0B80D},425733,2024-05-30 00:00,M1 5LG,F,Y,L,42,FLAT 902,GREAT BRIDGEWATER STREET,,MANCHESTER,MANCHESTER,GREATER MANCHESTER,A,A
{402A3A66-15AD-A7DF-E063-4804A8C0B80D},364000,2024-06-04 00:00,M1 5LP,F,Y,L,42,FLAT 1910,GREAT BRIDGEWATER STREET,,MANCHESTER,MANCHESTER,GREATER MANCHESTER,A,A
{402A3A66-15AE-A7DF-E063-4804A8C0B80D},371568,2024-05-28 00:00,M1 5LG,F,Y,L,42,FLAT 404,GREAT BRIDGEWATER STREET,,MANCHESTER,MANCHESTER,GREATER MANCHESTER,A,A
{402A3A66-15B0-A7DF-E063-4804A8C0B80D},375383,2024-06-03 00:00,M1 5LP,F,Y,L,42,FLAT 1810,GREAT BRIDGEWATER STREET,,MANCHESTER,MANCHESTER,GREATER MANCHESTER,A,A
{402A3A66-15B1-A7DF-E063-4804A8C0B80D},398860,2024-06-03 00:00,M1 5LG,F,Y,L,42,FLAT 603,GREAT BRIDGEWATER STREET,,MANCHESTER,MANCHESTER,GREATER MANCHESTER,A,A
{402A3A66-15B2-A7DF-E063-4804A8C0B80D},270722,2024-05-29 00:00,M1 5LG,F,Y,L,42,FLAT 708,GREAT BRIDGEWATER STREET,,MANCHESTER,MANCHESTER,GREATER MANCHESTER,A,A
{402A3A66-15B3-A7DF-E063-4804A8C0B80D},376691,2024-05-31 00:00,M1 5LJ,F,Y,L,42,FLAT 1006,GREAT BRIDGEWATER STREET,,MANCHESTER,MANCHESTER,GREATER MANCHESTER,A,A
{402A3A66-15B4-A7DF-E063-4804A8C0B80D},434238,2024-05-31 00:00,M1 5LJ,F,Y,L,42,FLAT 1304,GREAT BRIDGEWATER STREET,,MANCHESTER,MANCHESTER,GREATER MANCHESTER,A,A
{402A3A66-15B5-A7DF-E063-4804A8C0B80D},282618,2024-06-04 00:00,M1 5LJ,F,Y,L,42,FLAT 1609,GREAT BRIDGEWATER STREET,,MANCHESTER,MANCHESTER,GREATER MANCHESTER,A,A
{402A3A66-15B6-A7DF-E063-4804A8C0B80D},377000,2024-05-31 00:00,M1 5LJ,F,Y,L,42,FLAT 1001,GREAT BRIDGEWATER STREET,,MANCHESTER,MANCHESTER,GREATER MANCHESTER,A,A
{402A3A66-15B7-A7DF-E063-4804A8C0B80D},405720,2024-05-30 00:00,M1 5LJ,F,Y,L,42,FLAT 1003,GREAT BRIDGEWATER STREET,,MANCHESTER,MANCHESTER,GREATER MANCHESTER,A,A
{402A3A66-15B8-A7DF-E063-4804A8C0B80D},422380,2024-05-15 00:00,M1 5LJ,F,Y,L,42,FLAT 1603,GREAT BRIDGEWATER STREET,,MANCHESTER,MANCHESTER,GREATER MANCHESTER,A,A
{402A3A66-15B9-A7DF-E063-4804A8C0B80D},256624,2024-05-20 00:00,M1 5LG,F,Y,L,42,FLAT 205,GREAT BRIDGEWATER STREET,,MANCHESTER,MANCHESTER,GREATER MANCHESTER,A,A
{402A3A66-15BB-A7DF-E063-4804A8C0B80D},317772,2024-06-14 00:00,M1 5LP,F,Y,L,42,FLAT 1906,GREAT BRIDGEWATER STREET,,MANCHESTER,MANCHESTER,GREATER MANCHESTER,A,A
{402A3A66-15BC-A7DF-E063-4804A8C0B80D},349098,2024-06-10 00:00,M1 5LR,F,Y,L,42,FLAT 3308,GREAT BRIDGEWATER STREET,,MANCHESTER,MANCHESTER,GREATER MANCHESTER,A,A
{402A3A66-15BD-A7DF-E063-4804A8C0B80D},438060,2024-05-31 00:00,M1 5LJ,F,Y,L,42,FLAT 1305,GREAT BRIDGEWATER STREET,,MANCHESTER,MANCHESTER,GREATER MANCHESTER,A,A
{1C3E72FE-DD29-F410-E063-4804A8C0DFA6},263500,2024-05-31 00:00,LS6 2EZ,T,N,F,72,,CLIFF ROAD,,LEEDS,LEEDS,WEST YORKSHIRE,A,A
{36A61A95-47F4-DEF2-E063-4704A8C046AE},23660000,2024-11-08 00:00,M1 1LU,O,N,F,19 - 25,,PICCADILLY,,MANCHESTER,MANCHESTER,GREATER MANCHESTER,B,A
{36A61A95-47FF-DEF2-E063-4704A8C046AE},223000,2024-10-18 00:00,M14 6ST,T,N,F,7,,MEREDITH STREET,,MANCHESTER,MANCHESTER,GREATER MANCHESTER,B,A
{36A61A95-4830-DEF2-E063-4704A8C046AE},265000,2024-10-07 00:00,M14 4DE,T,N,F,63,,HAYDN AVENUE,,MANCHESTER,MANCHESTER,GREATER MANCHESTER,B,A
{31C68072-B463-FEE3-E063-4804A8C04F37},195000,2024-12-13 00:00,CF24 2RF,T,N,F,116,,TWEEDSMUIR ROAD,,CARDIFF,CARDIFF,CARDIFF,A,A
{36A61A95-5104-DEF2-E063-4704A8C046AE},192500,2024-05-17 00:00,M14 4UR,T,N,F,11,,ROSEBERY STREET,,MANCHESTER,MANCHESTER,GREATER MANCHESTER,B,A
{36A61A95-513D-DEF2-E063-4704A8C046AE},750000,2024-02-23 00:00,M14 6NR,S,N,F,68,,MOSELEY ROAD,FALLOWFIELD,MANCHESTER,MANCHESTER,GREATER MANCHESTER,B,A
{36A61A95-6529-DEF2-E063-4704A8C046AE},150000,2024-12-16 00:00,CF24 1NU,T,N,F,24,,CECIL STREET,ROATH,CARDIFF,CARDIFF,CARDIFF,B,A
{402A3A66-15BE-A7DF-E063-4804A8C0B80D},415520,2024-05-31 00:00,M1 5LJ,F,Y,L,42,FLAT 1404,GREAT BRIDGEWATER STREET,,MANCHESTER,MANCHESTER,GREATER MANCHESTER,A,A
{402A3A66-15BF-A7DF-E063-4804A8C0B80D},389935,2024-05-31 00:00,M1 5LJ,F,Y,L,42,FLAT 1204,GREAT BRIDGEWATER STREET,,MANCHESTER,MANCHESTER,GREATER MANCHESTER,A,A
{402A3A66-15C0-A7DF-E063-4804A8C0B80D},275590,2024-06-05 00:00,M1 5LJ,F,Y,L,42,FLAT 1008,GREAT BRIDGEWATER STREET,,MANCHESTER,MANCHESTER,GREATER MANCHESTER,A,A
{402A3A66-15C1-A7DF-E063-4804A8C0B80D},250000,2024-06-07 00:00,M1 5LG,F,Y,L,42,FLAT 507,GREAT BRIDGEWATER STREET,,MANCHESTER,MANCHESTER,GREATER MANCHESTER,A,A
{402A3A66-15C2-A7DF-E063-4804A8C0B80D},420861,2024-05-24 00:00,M1 5LG,F,Y,L,42,FLAT 502,GREAT BRIDGEWATER STREET,,MANCHESTER,MANCHESTER,GREATER MANCHESTER,A,A
{402A3A66-15C3-A7DF-E063-4804A8C0B80D},286736,2024-05-30 00:00,M1 5LJ,F,Y,L,42,FLAT 1509,GREAT BRIDGEWATER STREET,,MANCHESTER,MANCHESTER,GREATER MANCHESTER,A,A
{402A3A66-15C4-A7DF-E063-4804A8C0B80D},234334,2024-06-07 00:00,M1 5LG,F,Y,L,42,FLAT 203,GREAT BRIDGEWATER STREET,,MANCHESTER,MANCHESTER,GREATER MANCHESTER,A,A
{402A3A66-15C5-A7DF-E063-4804A8C0B80D},449110,2024-06-07 00:00,M1 5LP,F,Y,L,42,FLAT 2005,GREAT BRIDGEWATER STREET,,MANCHESTER,MANCHESTER,GREATER MANCHESTER,A,A
{402A3A66-15C6-A7DF-E063-4804A8C0B80D},447615,2024-06-10 00:00,M1 5LP,F,Y,L,42,FLAT 1803,GREAT BRIDGEWATER STREET,,MANCHESTER,MANCHESTER,GREATER MANCHESTER,A,A
{402A3A66-15C7-A7DF-E063-4804A8C0B80D},380000,2024-06-06 00:00,M1 5LJ,F,Y,L,42,FLAT 1406,GREAT BRIDGEWATER STREET,,MANCHESTER,MANCHESTER,GREATER MANCHESTER,A,A
{402A3A66-15C8-A7DF-E063-4804A8C0B80D},275190,2024-05-31 00:00,M1 5LG,F,Y,L,42,FLAT 809,GREAT BRIDGEWATER STREET,,MANCHESTER,MANCHESTER,GREATER MANCHESTER,A,A
{402A3A66-15C9-A7DF-E063-4804A8C0B80D},404490,2024-06-03 00:00,M1 5LJ,F,Y,L,42,FLAT 1104,GREAT BRIDGEWATER STREET,,MANCHESTER,MANCHESTER,GREATER MANCHESTER,A,A
{402A3A66-15CA-A7DF-E063-4804A8C0B80D},442960,2024-06-19 00:00,M1 5LP,F,Y,L,42,FLAT 2203,GREAT BRIDGEWATER STREET,,MANCHESTER,MANCHESTER,GREATER MANCHESTER,A,A
{402A3A66-15CB-A7DF-E063-4804A8C0B80D},468195,2024-06-20 00:00,M1 5LP,F,Y,L,42,FLAT 2404,GREAT BRIDGEWATER STREET,,MANCHESTER,MANCHESTER,GREATER MANCHESTER,A,A
{402A3A66-15CC-A7DF-E063-4804A8C0B80D},296633,2024-06-17 00:00,M1 5LP,F,Y,L,42,FLAT 2009,GREAT BRIDGEWATER STREET,,MANCHESTER,MANCHESTER,GREATER MANCHESTER,A,A
{402A3A66-15CD-A7DF-E063-4804A8C0B80D},376445,2024-05-31 00:00,M1 5LG,F,Y,L,42,FLAT 906,GREAT BRIDGEWATER STREET,,MANCHESTER,MANCHESTER,GREATER MANCHESTER,A,A
{402A3A66-15CE-A7DF-E063-4804A8C0B80D},295298,2024-06-18 00:00,M1 5LP,F,Y,L,42,FLAT 2109,GREAT BRIDGEWATER STREET,,MANCHESTER,MANCHESTER,GREATER MANCHESTER,A,A
{402A3A66-15CF-A7DF-E063-4804A8C0B80D},272413,2024-06-21 00:00,M1 5LJ,F,Y,L,42,FLAT 1107,GREAT BRIDGEWATER STREET,,MANCHESTER,MANCHESTER,GREATER MANCHESTER,A,A
{402A3A66-15D0-A7DF-E063-4804A8C0B80D},264048,2024-06-06 00:00,M1 5LG,F,Y,L,42,FLAT 407,GREAT BRIDGEWATER STREET,,MANCHESTER,MANCHESTER,GREATER MANCHESTER,A,A
{402A3A66-15D1-A7DF-E063-4804A8C0B80D},268074,2024-06-06 00:00,M1 5LJ,F,Y,L,42,FLAT 1007,GREAT BRIDGEWATER STREET,,MANCHESTER,MANCHESTER,GREATER MANCHESTER,A,A
{402A3A66-15D2-A7DF-E063-4804A8C0B80D},452760,2024-06-06 00:00,M1 5LP,F,Y,L,42,FLAT 1802,GREAT BRIDGEWATER STREET,,MANCHESTER,MANCHESTER,GREATER MANCHESTER,A,A
{402A3A66-15D3-A7DF-E063-4804A8C0B80D},252450,2024-06-14 00:00,M1 5LG,F,Y,L,42,FLAT 508,GREAT BRIDGEWATER STREET,,MANCHESTER,MANCHESTER,GREATER MANCHESTER,A,A
{402A3A66-15D4-A7DF-E063-4804A8C0B80D},277142,2024-05-31 00:00,M1 5LJ,F,Y,L,42,FLAT 1407,GREAT BRIDGEWATER STREET,,MANCHESTER,MANCHESTER,GREATER MANCHESTER,A,A
{402A3A66-15D5-A7DF-E063-4804A8C0B80D},267685,2024-05-31 00:00,M1 5LG,F,Y,L,42,FLAT 807,GREAT BRIDGEWATER STREET,,MANCHESTER,MANCHESTER,GREATER MANCHESTER,A,A
{402A3A66-15D6-A7DF-E063-4804A8C0B80D},373217,2024-06-06 00:00,M1 5LP,F,Y,L,42,FLAT 1710,GREAT BRIDGEWATER STREET,,MANCHESTER,MANCHESTER,GREATER MANCHESTER,A,A
{402A3A66-15D7-A7DF-E063-4804A8C0B80D},347231,2024-05-28 00:00,M1 5LG,F,Y,L,42,FLAT 510,GREAT BRIDGEWATER STREET,,MANCHESTER,MANCHESTER,GREATER MANCHESTER,A,A
{402A3A66-15D8-A7DF-E063-4804A8C0B80D},360224,2024-05-31 00:00,M1 5LJ,F,Y,L,42,FLAT 1110,GREAT BRIDGEWATER STREET,,MANCHESTER,MANCHESTER,GREATER MANCHESTER,A,A
{402A3A66-15D9-A7DF-E063-4804A8C0B80D},361486,2024-06-14 00:00,M1 5LJ,F,Y,L,42,FLAT 1206,GREAT BRIDGEWATER STREET,,MANCHESTER,MANCHESTER,GREATER MANCHESTER,B,A
{402A3A66-15DA-A7DF-E063-4804A8C0B80D},284406,2024-05-31 00:00,M1 5LJ,F,Y,L,42,FLAT 1507,GREAT BRIDGEWATER STREET,,MANCHESTER,MANCHESTER,GREATER MANCHESTER,B,A
{402A3A66-15DB-A7DF-E063-4804A8C0B80D},271891,2024-05-31 00:00,M1 5LG,F,Y,L,42,FLAT 609,GREAT BRIDGEWATER STREET,,MANCHESTER,MANCHESTER,GREATER MANCHESTER,A,A
{31C68072-D69E-FEE3-E063-4804A8C04F37},280000,2024-07-12 00:00,LS6 1DF,S,N,F,49,,RICHMOND MOUNT,HEADINGLEY,LEEDS,LEEDS,WEST YORKSHIRE,A,A
{38EDC0C3-693B-0F63-E063-4704A8C00424},420000,2024-08-19 00:00,NE6 5AJ,T,N,F,20,,HOLMSIDE PLACE,,NEWCASTLE UPON TYNE,NEWCASTLE UPON TYNE,TYNE AND WEAR,A,A
{38EDC0C3-6949-0F63-E063-4704A8C00424},195000,2024-12-05 00:00,NE6 3UD,T,N,F,9,,ANDROMEDA COURT,,NEWCASTLE UPON TYNE,NEWCASTLE UPON TYNE,TYNE AND WEAR,A,A
{402A3A65-A0BB-A7DF-E063-4804A8C0B80D},120000,2024-08-23 00:00,CF24 2TX,F,N,L,129,,BEAUFORT SQUARE,,CARDIFF,CARDIFF,CARDIFF,A,A
{36A61A95-4861-DEF2-E063-4704A8C046AE},150000,2024-07-17 00:00,M1 3PW,F,N,L,"BRAZIL HOUSE, 2",FLAT 6,BRAZIL STREET,,MANCHESTER,MANCHESTER,GREATER MANCHESTER,B,A
{31C68072-AF44-FEE3-E063-4804A8C04F37},146000,2024-06-03 00:00,NE6 2RX,S,N,F,191,,SCARBOROUGH ROAD,,NEWCASTLE UPON TYNE,NEWCASTLE UPON TYNE,TYNE AND WEAR,A,A
{402A3A65-D581-A7DF-E063-4804A8C0B80D},198000,2024-10-31 00:00,M1 2WE,F,N,L,6,FLAT 4,WHARF CLOSE,,MANCHESTER,MANCHESTER,GREATER MANCHESTER,A,A
{402A3A66-15DC-A7DF-E063-4804A8C0B80D},318180,2024-06-25 00:00,M1 5LR,F,Y,L,42,FLAT 3709,GREAT BRIDGEWATER STREET,,MANCHESTER,MANCHESTER,GREATER MANCHESTER,A,A
{402A3A66-15DD-A7DF-E063-4804A8C0B80D},288569,2024-06-10 00:00,M1 5LP,F,Y,L,42,FLAT 1808,GREAT BRIDGEWATER STREET,,MANCHESTER,MANCHESTER,GREATER MANCHESTER,A,A
{402A3A66-15DE-A7DF-E063-4804A8C0B80D},438354,2024-06-21 00:00,M1 5LJ,F,Y,L,42,FLAT 1403,GREAT BRIDGEWATER STREET,,MANCHESTER,MANCHESTER,GREATER MANCHESTER,A,A
{402A3A66-15DF-A7DF-E063-4804A8C0B80D},467166,2024-06-19 00:00,M1 5LP,F,Y,L,42,FLAT 2102,GREAT BRIDGEWATER STREET,,MANCHESTER,MANCHESTER,GREATER MANCHESTER,A,A
{402A3A66-15E0-A7DF-E063-4804A8C0B80D},452160,2024-06-19 00:00,M1 5LP,F,Y,L,42,FLAT 2305,GREAT BRIDGEWATER STREET,,MANCHESTER,MANCHESTER,GREATER MANCHESTER,A,A
{402A3A66-15E1-A7DF-E063-4804A8C0B80D},432180,2024-06-18 00:00,M1 5LP,F,Y,L,42,FLAT 1901,GREAT BRIDGEWATER STREET,,MANCHESTER,MANCHESTER,GREATER MANCHESTER,B,A
{402A3A66-15E2-A7DF-E063-4804A8C0B80D},241589,2024-06-21 00:00,M1 5LG,F,Y,L,42,FLAT 607,GREAT BRIDGEWATER STREET,,MANCHESTER,MANCHESTER,GREATER MANCHESTER,B,A
{402A3A66-15E3-A7DF-E063-4804A8C0B80D},273989,2024-06-06 00:00,M1 5LJ,F,Y,L,42,FLAT 1207,GREAT BRIDGEWATER STREET,,MANCHESTER,MANCHESTER,GREATER MANCHESTER,A,A
{402A3A66-15E4-A7DF-E063-4804A8C0B80D},297687,2024-06-18 00:00,M1 5LR,F,Y,L,42,FLAT 3407,GREAT BRIDGEWATER STREET,,MANCHESTER,MANCHESTER,GREATER MANCHESTER,A,A
{402A3A66-15E5-A7DF-E063-4804A8C0B80D},261000,2024-07-03 00:00,M1 5LG,F,Y,L,42,FLAT 808,GREAT BRIDGEWATER STREET,,MANCHESTER,MANCHESTER,GREATER MANCHESTER,A,A
{402A3A66-15E6-A7DF-E063-4804A8C0B80D},414236,2024-06-18 00:00,M1 5LP,F,Y,L,42,FLAT 2101,GREAT BRIDGEWATER STREET,,MANCHESTER,MANCHESTER,GREATER MANCHESTER,A,A
{402A3A66-15E7-A7DF-E063-4804A8C0B80D},389627,2024-06-20 00:00,M1 5LQ,F,Y,L,42,FLAT 2510,GREAT BRIDGEWATER STREET,,MANCHESTER,MANCHESTER,GREATER MANCHESTER,A,A
{31C68072-DBFA-FEE3-E063-4804A8C04F37},204950,2024-06-25 00:00,LS6 3FB,F,Y,L,"VICTORIA COURT, 224",11,KIRKSTALL LANE,,LEEDS,LEEDS,WEST YORKSHIRE,A,A
{402A3A66-15E8-A7DF-E063-4804A8C0B80D},389762,2024-06-14 00:00,M1 5LR,F,Y,L,42,FLAT 3601,GREAT BRIDGEWATER STREET,,MANCHESTER,MANCHESTER,GREATER MANCHESTER,A,A
{402A3A66-15E9-A7DF-E063-4804A8C0B80D},292447,2024-06-18 00:00,M1 5LP,F,Y,L,42,FLAT 2107,GREAT BRIDGEWATER STREET,,MANCHESTER,MANCHESTER,GREATER MANCHESTER,A,A
{402A3A66-15EA-A7DF-E063-4804A8C0B80D},301580,2024-06-28 00:00,M1 5LP,F,Y,L,42,FLAT 2309,GREAT BRIDGEWATER STREET,,MANCHESTER,MANCHESTER,GREATER MANCHESTER,A,A
{402A3A66-15EB-A7DF-E063-4804A8C0B80D},286338,2024-06-20 00:00,M1 5LP,F,Y,L,42,FLAT 1807,GREAT BRIDGEWATER STREET,,MANCHESTER,MANCHESTER,GREATER MANCHESTER,A,A
{402A3A66-15EC-A7DF-E063-4804A8C0B80D},444920,2024-06-07 00:00,M1 5LJ,F,Y,L,42,FLAT 1605,GREAT BRIDGEWATER STREET,,MANCHESTER,MANCHESTER,GREATER MANCHESTER,A,A
{402A3A66-15ED-A7DF-E063-4804A8C0B80D},275565,2024-06-21 00:00,M1 5LJ,F,Y,L,42,FLAT 1307,GREAT BRIDGEWATER STREET,,MANCHESTER,MANCHESTER,GREATER MANCHESTER,A,A
{402A3A66-15EE-A7DF-E063-4804A8C0B80D},400527,2024-06-20 00:00,M1 5LP,F,Y,L,42,FLAT 2106,GREAT BRIDGEWATER STREET,,MANCHESTER,MANCHESTER,GREATER MANCHESTER,A,A
{402A3A66-15EF-A7DF-E063-4804A8C0B80D},452760,2024-06-19 00:00,M1 5LP,F,Y,L,42,FLAT 2002,GREAT BRIDGEWATER STREET,,MANCHESTER,MANCHESTER,GREATER MANCHESTER,A,A
{402A3A66-15F0-A7DF-E063-4804A8C0B80D},467520,2024-06-19 00:00,M1 5LQ,F,Y,L,42,FLAT 3005,GREAT BRIDGEWATER STREET,,MANCHESTER,MANCHESTER,GREATER MANCHESTER,A,A
{402A3A66-15F1-A7DF-E063-4804A8C0B80D},427128,2024-06-25 00:00,M1 5LQ,F,Y,L,42,FLAT 2504,GREAT BRIDGEWATER STREET,,MANCHESTER,MANCHESTER,GREATER MANCHESTER,A,A
{402A3A66-15F2-A7DF-E063-4804A8C0B80D},302739,2024-06-27 00:00,M1 5LP,F,Y,L,42,FLAT 2308,GREAT BRIDGEWATER STREET,,MANCHESTER,MANCHESTER,GREATER MANCHESTER,A,A
{402A3A66-15F3-A7DF-E063-4804A8C0B80D},513000,2024-06-26 00:00,M1 5LR,F,Y,L,42,FLAT 3605,GREAT BRIDGEWATER STREET,,MANCHESTER,MANCHESTER,GREATER MANCHESTER,A,A
{402A3A66-15F4-A7DF-E063-4804A8C0B80D},340439,2024-05-21 00:00,M1 5LG,F,Y,L,42,FLAT 206,GREAT BRIDGEWATER STREET,,MANCHESTER,MANCHESTER,GREATER MANCHESTER,A,A
{402A3A66-15F5-A7DF-E063-4804A8C0B80D},367733,2024-05-28 00:00,M1 5LG,F,Y,L,42,FLAT 506,GREAT BRIDGEWATER STREET,,MANCHESTER,MANCHESTER,GREATER MANCHESTER,A,A
{402A3A66-15F6-A7DF-E063-4804A8C0B80D},271845,2024-06-03 00:00,M1 5LG,F,Y,L,42,FLAT 608,GREAT BRIDGEWATER STREET,,MANCHESTER,MANCHESTER,GREATER MANCHESTER,A,A
{402A3A66-15F7-A7DF-E063-4804A8C0B80D},263180,2024-06-20 00:00,M1 5LP,F,Y,L,42,FLAT 2207,GREAT BRIDGEWATER STREET,,MANCHESTER,MANCHESTER,GREATER MANCHESTER,B,A
{402A3A66-15F8-A7DF-E063-4804A8C0B80D},423606,2024-06-20 00:00,M1 5LQ,F,Y,L,42,FLAT 2501,GREAT BRIDGEWATER STREET,,MANCHESTER,MANCHESTER,GREATER MANCHESTER,A,A
{402A3A66-15F9-A7DF-E063-4804A8C0B80D},249950,2024-06-28 00:00,M1 5LG,F,Y,L,42,FLAT 509,GREAT BRIDGEWATER STREET,,MANCHESTER,MANCHESTER,GREATER MANCHESTER,A,A
{402A3A65-A280-A7DF-E063-4804A8C0B80D},99950,2024-06-06 00:00,CF24 5FD,F,N,L,112,,MOORHEAD CLOSE,SPLOTT,CARDIFF,CARDIFF,CARDIFF,A,A
{36A61A95-4D09-DEF2-E063-4704A8C046AE},340000,2024-09-06 00:00,M14 4DQ,T,N,F,8,,RUSKIN AVENUE,,MANCHESTER,MANCHESTER,GREATER MANCHESTER,B,A
{36A61A95-5173-DEF2-E063-4704A8C046AE},350000,2024-08-16 00:00,M14 6WP,S,N,F,24,,LADYBARN LANE,,MANCHESTER,MANCHESTER,GREATER MANCHESTER,B,A
{31C68072-AFF0-FEE3-E063-4804A8C04F37},58880,2024-02-19 00:00,NE6 5PH,F,N,L,61,,BOLINGBROKE STREET,,NEWCASTLE UPON TYNE,NEWCASTLE UPON TYNE,TYNE AND WEAR,A,A
{402A3A66-15FA-A7DF-E063-4804A8C0B80D},383497,2024-06-19 00:00,M1 5LP,F,Y,L,42,FLAT 2410,GREAT BRIDGEWATER STREET,,MANCHESTER,MANCHESTER,GREATER MANCHESTER,A,A
{402A3A66-15FB-A7DF-E063-4804A8C0B80D},472311,2024-06-19 00:00,M1 5LP,F,Y,L,42,FLAT 2302,GREAT BRIDGEWATER STREET,,MANCHESTER,MANCHESTER,GREATER MANCHESTER,A,A
{402A3A66-15FD-A7DF-E063-4804A8C0B80D},270364,2024-06-04 00:00,M1 5LP,F,Y,L,42,FLAT 1707,GREAT BRIDGEWATER STREET,,MANCHESTER,MANCHESTER,GREATER MANCHESTER,A,A
{402A3A66-15FE-A7DF-E063-4804A8C0B80D},408949,2024-07-03 00:00,M1 5LR,F,Y,L,42,FLAT 3310,GREAT BRIDGEWATER STREET,,MANCHESTER,MANCHESTER,GREATER MANCHESTER,A,A
{402A3A66-15FF-A7DF-E063-4804A8C0B80D},266926,2024-05-24 00:00,M1 5LG,F,Y,L,42,FLAT 308,GREAT BRIDGEWATER STREET,,MANCHESTER,MANCHESTER,GREATER MANCHESTER,B,A
{402A3A66-1600-A7DF-E063-4804A8C0B80D},345831,2024-06-17 00:00,M1 5LG,F,Y,L,42,FLAT 610,GREAT BRIDGEWATER STREET,,MANCHESTER,MANCHESTER,GREATER MANCHESTER,B,A
{402A3A66-1601-A7DF-E063-4804A8C0B80D},440000,2024-06-26 00:00,M1 5LR,F,Y,L,42,FLAT 3201,GREAT BRIDGEWATER STREET,,MANCHESTER,MANCHESTER,GREATER MANCHESTER,A,A
{402A3A66-1602-A7DF-E063-4804A8C0B80D},342216,2024-07-08 00:00,M1 5LQ,F,Y,L,42,FLAT 3008,GREAT BRIDGEWATER STREET,,MANCHESTER,MANCHESTER,GREATER MANCHESTER,A,A
{402A3A66-1603-A7DF-E063-4804A8C0B80D},456680,2024-07-08 00:00,M1 5LQ,F,Y,L,42,FLAT 2803,GREAT BRIDGEWATER STREET,,MANCHESTER,MANCHESTER,GREATER MANCHESTER,A,A
{402A3A66-1604-A7DF-E063-4804A8C0B80D},420005,2024-07-08 00:00,M1 5LQ,F,Y,L,42,FLAT 2906,GREAT BRIDGEWATER STREET,,MANCHESTER,MANCHESTER,GREATER MANCHESTER,A,A
{402A3A66-1605-A7DF-E063-4804A8C0B80D},349345,2024-07-11 00:00,M1 5LR,F,Y,L,42,FLAT 3509,GREAT BRIDGEWATER STREET,,MANCHESTER,MANCHESTER,GREATER MANCHESTER,A,A
{402A3A66-1606-A7DF-E063-4804A8C0B80D},312673,2024-07-08 00:00,M1 5LQ,F,Y,L,42,FLAT 2908,GREAT BRIDGEWATER STREET,,MANCHESTER,MANCHESTER,GREATER MANCHESTER,A,A
{402A3A66-1607-A7DF-E063-4804A8C0B80D},416500,2024-07-03 00:00,M1 5LJ,F,Y,L,42,FLAT 1202,GREAT BRIDGEWATER STREET,,MANCHESTER,MANCHESTER,GREATER MANCHESTER,A,A
{402A3A66-1608-A7DF-E063-4804A8C0B80D},307706,2024-07-08 00:00,M1 5LQ,F,Y,L,42,FLAT 2608,GREAT BRIDGEWATER STREET,,MANCHESTER,MANCHESTER,GREATER MANCHESTER,A,A
{402A3A66-1609-A7DF-E063-4804A8C0B80D},425080,2024-06-28 00:00,M1 5LP,F,Y,L,42,FLAT 2201,GREAT BRIDGEWATER STREET,,MANCHESTER,MANCHESTER,GREATER MANCHESTER,A,A
{402A3A66-160A-A7DF-E063-4804A8C0B80D},435000,2024-06-04 00:00,M1 5LP,F,Y,L,42,FLAT 2001,GREAT BRIDGEWATER STREET,,MANCHESTER,MANCHESTER,GREATER MANCHESTER,A,A
{402A3A66-160C-A7DF-E063-4804A8C0B80D},300000,2024-07-11 00:00,M1 5LR,F,Y,L,42,FLAT 3507,GREAT BRIDGEWATER STREET,,MANCHESTER,MANCHESTER,GREATER MANCHESTER,A,A
{402A3A66-160E-A7DF-E063-4804A8C0B80D},370768,2024-06-17 00:00,M1 5LG,F,Y,L,42,FLAT 303,GREAT BRIDGEWATER STREET,,MANCHESTER,MANCHESTER,GREATER MANCHESTER,A,A
{402A3A66-160F-A7DF-E063-4804A8C0B80D},423360,2024-07-08 00:00,M1 5LQ,F,Y,L,42,FLAT 3010,GREAT BRIDGEWATER STREET,,MANCHESTER,MANCHESTER,GREATER MANCHESTER,B,A
{402A3A66-1610-A7DF-E063-4804A8C0B80D},375442,2024-06-05 00:00,M1 5LG,F,Y,L,42,FLAT 901,GREAT BRIDGEWATER STREET,,MANCHESTER,MANCHESTER,GREATER MANCHESTER,A,A
{402A3A66-1611-A7DF-E063-4804A8C0B80D},373686,2024-06-17 00:00,M1 5LG,F,Y,L,42,FLAT 606,GREAT BRIDGEWATER STREET,,MANCHESTER,MANCHESTER,GREATER MANCHESTER,A,A
{402A3A66-1612-A7DF-E063-4804A8C0B80D},446500,2024-06-21 00:00,M1 5LQ,F,Y,L,42,FLAT 2505,GREAT BRIDGEWATER STREET,,MANCHESTER,MANCHESTER,GREATER MANCHESTER,A,A
{402A3A66-1613-A7DF-E063-4804A8C0B80D},465600,2024-07-08 00:00,M1 5LQ,F,Y,L,42,FLAT 2705,GREAT BRIDGEWATER STREET,,MANCHESTER,MANCHESTER,GREATER MANCHESTER,A,A
{402A3A66-1614-A7DF-E063-4804A8C0B80D},476784,2024-06-20 00:00,M1 5LP,F,Y,L,42,FLAT 2405,GREAT BRIDGEWATER STREET,,MANCHESTER,MANCHESTER,GREATER MANCHESTER,A,A
{402A3A66-1615-A7DF-E063-4804A8C0B80D},434430,2024-05-21 00:00,M1 5LR,F,Y,L,42,FLAT 3701,GREAT BRIDGEWATER STREET,,MANCHESTER,MANCHESTER,GREATER MANCHESTER,A,A
{402A3A66-1616-A7DF-E063-4804A8C0B80D},297631,2024-07-08 00:00,M1 5LQ,F,Y,L,42,FLAT 2807,GREAT BRIDGEWATER STREET,,MANCHESTER,MANCHESTER,GREATER MANCHESTER,A,A
{402A3A66-1617-A7DF-E063-4804A8C0B80D},411361,2024-07-08 00:00,M1 5LQ,F,Y,L,42,FLAT 2606,GREAT BRIDGEWATER STREET,,MANCHESTER,MANCHESTER,GREATER MANCHESTER,A,A
{402A3A66-1618-A7DF-E063-4804A8C0B80D},437660,2024-07-09 00:00,M1 5LQ,F,Y,L,42,FLAT 3101,GREAT BRIDGEWATER STREET,,MANCHESTER,MANCHESTER,GREATER MANCHESTER,A,A
{402A3A66-1619-A7DF-E063-4804A8C0B80D},444688,2024-07-10 00:00,M1 5LR,F,Y,L,42,FLAT 3401,GREAT BRIDGEWATER STREET,,MANCHESTER,MANCHESTER,GREATER MANCHESTER,A,A
{36A61A95-4D3F-DEF2-E063-4704A8C046AE},13078880,2024-08-13 00:00,M1 3HY,O,N,F,"BOULTON HOUSE, 17 - 21",,CHORLTON STREET,,MANCHESTER,MANCHESTER,GREATER MANCHESTER,B,A
{31C68072-E7C3-FEE3-E063-4804A8C04F37},165000,2024-08-02 00:00,CF24 1NX,T,N,L,10,,BERTRAM STREET,,CARDIFF,CARDIFF,CARDIFF,B,A
{402A3A66-161A-A7DF-E063-4804A8C0B80D},373436,2024-06-28 00:00,M1 5LG,F,Y,L,42,FLAT 401,GREAT BRIDGEWATER STREET,,MANCHESTER,MANCHESTER,GREATER MANCHESTER,A,A
{402A3A66-161B-A7DF-E063-4804A8C0B80D},363498,2024-07-02 00:00,M1 5LJ,F,Y,L,42,FLAT 1410,GREAT BRIDGEWATER STREET,,MANCHESTER,MANCHESTER,GREATER MANCHESTER,A,A
{402A3A66-161C-A7DF-E063-4804A8C0B80D},418921,2024-05-29 00:00,M1 5LP,F,Y,L,42,FLAT 2301,GREAT BRIDGEWATER STREET,,MANCHESTER,MANCHESTER,GREATER MANCHESTER,A,A
{402A3A66-161D-A7DF-E063-4804A8C0B80D},424362,2024-07-09 00:00,M1 5LQ,F,Y,L,42,FLAT 3106,GREAT BRIDGEWATER STREET,,MANCHESTER,MANCHESTER,GREATER MANCHESTER,A,A
{402A3A66-161E-A7DF-E063-4804A8C0B80D},433096,2024-07-09 00:00,M1 5LQ,F,Y,L,42,FLAT 3001,GREAT BRIDGEWATER STREET,,MANCHESTER,MANCHESTER,GREATER MANCHESTER,A,A
{402A3A66-161F-A7DF-E063-4804A8C0B80D},435251,2024-07-11 00:00,M1 5LR,F,Y,L,42,FLAT 3606,GREAT BRIDGEWATER STREET,,MANCHESTER,MANCHESTER,GREATER MANCHESTER,A,A
{402A3A66-1620-A7DF-E063-4804A8C0B80D},417480,2024-05-24 00:00,M1 5LJ,F,Y,L,42,FLAT 1301,GREAT BRIDGEWATER STREET,,MANCHESTER,MANCHESTER,GREATER MANCHESTER,A,A
{402A3A66-1621-A7DF-E063-4804A8C0B80D},421263,2024-06-19 00:00,M1 5LP,F,Y,L,42,FLAT 2401,GREAT BRIDGEWATER STREET,,MANCHESTER,MANCHESTER,GREATER MANCHESTER,A,A
{402A3A66-1622-A7DF-E063-4804A8C0B80D},348075,2024-07-10 00:00,M1 5LR,F,Y,L,42,FLAT 3707,GREAT BRIDGEWATER STREET,,MANCHESTER,MANCHESTER,GREATER MANCHESTER,A,A
{402A3A66-1623-A7DF-E063-4804A8C0B80D},382613,2024-06-06 00:00,M1 5LG,F,Y,L,42,FLAT 701,GREAT BRIDGEWATER STREET,,MANCHESTER,MANCHESTER,GREATER MANCHESTER,A,A
{402A3A66-1624-A7DF-E063-4804A8C0B80D},386340,2024-05-29 00:00,M1 5LG,F,Y,L,42,FLAT 602,GREAT BRIDGEWATER STREET,,MANCHESTER,MANCHESTER,GREATER MANCHESTER,A,A
{402A3A66-1625-A7DF-E063-4804A8C0B80D},335790,2024-05-29 00:00,M1 5LQ,F,Y,L,42,FLAT 2609,GREAT BRIDGEWATER STREET,,MANCHESTER,MANCHESTER,GREATER MANCHESTER,A,A
{402A3A66-1626-A7DF-E063-4804A8C0B80D},280456,2024-05-31 00:00,M1 5LJ,F,Y,L,42,FLAT 1308,GREAT BRIDGEWATER STREET,,MANCHESTER,MANCHESTER,GREATER MANCHESTER,A,A
{402A3A66-1627-A7DF-E063-4804A8C0B80D},273965,2024-05-15 00:00,M1 5LG,F,Y,L,42,FLAT 908,GREAT BRIDGEWATER STREET,,MANCHESTER,MANCHESTER,GREATER MANCHESTER,A,A
{402A3A66-162A-A7DF-E063-4804A8C0B80D},286947,2024-06-13 00:00,M1 5LP,F,Y,L,42,FLAT 1708,GREAT BRIDGEWATER STREET,,MANCHESTER,MANCHESTER,GREATER MANCHESTER,A,A
{402A3A66-162B-A7DF-E063-4804A8C0B80D},451780,2024-07-10 00:00,M1 5LR,F,Y,L,42,FLAT 3406,GREAT BRIDGEWATER STREET,,MANCHESTER,MANCHESTER,GREATER MANCHESTER,B,A
{402A3A66-162C-A7DF-E063-4804A8C0B80D},385157,2024-07-15 00:00,M1 5LJ,F,Y,L,42,FLAT 1306,GREAT BRIDGEWATER STREET,,MANCHESTER,MANCHESTER,GREATER MANCHESTER,B,A
{402A3A66-162D-A7DF-E063-4804A8C0B80D},501900,2024-07-10 00:00,M1 5LR,F,Y,L,42,FLAT 3303,GREAT BRIDGEWATER STREET,,MANCHESTER,MANCHESTER,GREATER MANCHESTER,A,A
{402A3A66-162E-A7DF-E063-4804A8C0B80D},449820,2024-06-25 00:00,M1 5LQ,F,Y,L,42,FLAT 2503,GREAT BRIDGEWATER STREET,,MANCHESTER,MANCHESTER,GREATER MANCHESTER,A,A
{402A3A66-162F-A7DF-E063-4804A8C0B80D},373705,2024-07-17 00:00,M1 5LJ,F,Y,L,42,FLAT 1606,GREAT BRIDGEWATER STREET,,MANCHESTER,MANCHESTER,GREATER MANCHESTER,A,A
{402A3A66-1630-A7DF-E063-4804A8C0B80D},453800,2024-07-08 00:00,M1 5LP,F,Y,L,42,FLAT 2105,GREAT BRIDGEWATER STREET,,MANCHESTER,MANCHESTER,GREATER MANCHESTER,A,A
{402A3A66-1631-A7DF-E063-4804A8C0B80D},341544,2024-07-18 00:00,M1 5LG,F,Y,L,42,FLAT 410,GREAT BRIDGEWATER STREET,,MANCHESTER,MANCHESTER,GREATER MANCHESTER,A,A
{402A3A66-1632-A7DF-E063-4804A8C0B80D},369785,2024-07-09 00:00,M1 5LJ,F,Y,L,42,FLAT 1210,GREAT BRIDGEWATER STREET,,MANCHESTER,MANCHESTER,GREATER MANCHESTER,B,A
{402A3A66-1633-A7DF-E063-4804A8C0B80D},331632,2024-07-09 00:00,M1 5LQ,F,Y,L,42,FLAT 3109,GREAT BRIDGEWATER STREET,,MANCHESTER,MANCHESTER,GREATER MANCHESTER,A,A
{402A3A66-1635-A7DF-E063-4804A8C0B80D},428260,2024-07-09 00:00,M1 5LR,F,Y,L,42,FLAT 3210,GREAT BRIDGEWATER STREET,,MANCHESTER,MANCHESTER,GREATER MANCHESTER,A,A
{402A3A66-1636-A7DF-E063-4804A8C0B80D},303230,2024-06-28 00:00,M1 5LP,F,Y,L,42,FLAT 2409,GREAT BRIDGEWATER STREET,,MANCHESTER,MANCHESTER,GREATER MANCHESTER,A,A
{402A3A66-1637-A7DF-E063-4804A8C0B80D},395685,2024-07-10 00:00,M1 5LG,F,Y,L,42,FLAT 803,GREAT BRIDGEWATER STREET,,MANCHESTER,MANCHESTER,GREATER MANCHESTER,A,A
{402A3A66-1638-A7DF-E063-4804A8C0B80D},421400,2024-06-18 00:00,M1 5LG,F,Y,L,42,FLAT 605,GREAT BRIDGEWATER STREET,,MANCHESTER,MANCHESTER,GREATER MANCHESTER,A,A
{402A3A66-1639-A7DF-E063-4804A8C0B80D},331240,2024-07-30 00:00,M1 5LR,F,Y,L,42,FLAT 3607,GREAT BRIDGEWATER STREET,,MANCHESTER,MANCHESTER,GREATER MANCHESTER,B,A
{36A61A95-3506-DEF2-E063-4704A8C046AE},165000,2024-08-30 00:00,LS6 2RD,T,N,F,22,,HOLBORN VIEW,,LEEDS,LEEDS,WEST YORKSHIRE,A,A
{36A61A95-4034-DEF2-E063-4704A8C046AE},172340,2024-10-28 00:00,CF24 1PD,T,N,F,50,,THEODORA STREET,,CARDIFF,CARDIFF,CARDIFF,B,A
{36A61A95-51AF-DEF2-E063-4704A8C046AE},295000,2024-12-05 00:00,M1 2EY,F,Y,L,72,FLAT 803,CHAPELTOWN STREET,,MANCHESTER,MANCHESTER,GREATER MANCHESTER,B,A
{31C68072-D007-FEE3-E063-4804A8C04F37},92000,2024-10-08 00:00,LS6 1RA,T,N,F,9,,KELSALL PLACE,,LEEDS,LEEDS,WEST YORKSHIRE,A,A
{36A61A95-358C-DEF2-E063-4704A8C046AE},240000,2024-03-06 00:00,LS6 2DD,F,N,L,"HEADINGLEY HALL, 5",APARTMENT 26,SHIRE OAK ROAD,,LEEDS,LEEDS,WEST YORKSHIRE,A,A
{36A61A95-4E3B-DEF2-E063-4704A8C046AE},325000,2024-06-28 00:00,M14 5QG,T,N,F,8,,PINE GROVE,,MANCHESTER,MANCHESTER,GREATER MANCHESTER,B,A
{42C129E5-A3D1-60A9-E063-4804A8C0C25D},97000,2024-12-06 00:00,NE6 1SA,O,N,F,25,,HEATON ROAD,,NEWCASTLE UPON TYNE,NEWCASTLE UPON TYNE,TYNE AND WEAR,B,A
{42C129E5-A3E2-60A9-E063-4804A8C0C25D},155000,2024-03-06 00:00,NE6 5SL,O,N,F,51,,BIDDLESTONE ROAD,HEATON,NEWCASTLE UPON TYNE,NEWCASTLE UPON TYNE,TYNE AND WEAR,B,A
{31C68072-B082-FEE3-E063-4804A8C04F37},324995,2024-08-23 00:00,NE6 5BZ,S,Y,F,22,,MURRAY CLOSE,,NEWCASTLE UPON TYNE,NEWCASTLE UPON TYNE,TYNE AND WEAR,A,A
{44F406B6-F59E-1095-E063-4704A8C048D4},116000,2024-10-09 00:00,NE6 1UG,F,N,L,44,,FOUNDRY COURT,,NEWCASTLE UPON TYNE,NEWCASTLE UPON TYNE,TYNE AND WEAR,A,A
{42C129E5-A3FC-60A9-E063-4804A8C0C25D},110000,2024-11-26 00:00,NE6 5DN,O,N,L,2,,MARLEEN AVENUE,,NEWCASTLE UPON TYNE,NEWCASTLE UPON TYNE,TYNE AND WEAR,B,A
{31C68072-B093-FEE3-E063-4804A8C04F37},55000,2024-09-27 00:00,NE6 4HL,F,N,L,56,,BORROWDALE AVENUE,,NEWCASTLE UPON TYNE,NEWCASTLE UPON TYNE,TYNE AND WEAR,A,A
{31C68072-B095-FEE3-E063-4804A8C04F37},339995,2024-09-27 00:00,NE6 5BZ,S,Y,F,5,,MURRAY CLOSE,,NEWCASTLE UPON TYNE,NEWCASTLE UPON TYNE,TYNE AND WEAR,A,A
{31C68072-B09D-FEE3-E063-4804A8C04F37},339995,2024-09-27 00:00,NE6 5BZ,S,Y,F,4,,MURRAY CLOSE,,NEWCASTLE UPON TYNE,NEWCASTLE UPON TYNE,TYNE AND WEAR,A,A
{31C68072-B09F-FEE3-E063-4804A8C04F37},312995,2024-10-25 00:00,NE6 5BZ,S,Y,F,23,,MURRAY CLOSE,,NEWCASTLE UPON TYNE,NEWCASTLE UPON TYNE,TYNE AND WEAR,A,A
{31C68072-B0A2-FEE3-E063-4804A8C04F37},318995,2024-10-31 00:00,NE6 5BZ,S,Y,F,25,,MURRAY CLOSE,,NEWCASTLE UPON TYNE,NEWCASTLE UPON TYNE,TYNE AND WEAR,A,A
{31C68072-B0A5-FEE3-E063-4804A8C04F37},394995,2024-11-29 00:00,NE6 5BW,D,Y,F,3,,WATSON DRIVE,,NEWCASTLE UPON TYNE,NEWCASTLE UPON TYNE,TYNE AND WEAR,A,A
{44F406B6-F5B0-1095-E063-4704A8C048D4},190000,2024-12-12 00:00,NE6 5SQ,F,N,L,121,,ADDYCOMBE TERRACE,,NEWCASTLE UPON TYNE,NEWCASTLE UPON TYNE,TYNE AND WEAR,A,A
{44F406B6-F644-1095-E063-4704A8C048D4},90000,2024-08-13 00:00,NE6 4QN,F,N,L,788,,SHIELDS ROAD,,NEWCASTLE UPON TYNE,NEWCASTLE UPON TYNE,TYNE AND WEAR,A,A
{237B17FE-5280-22AC-E063-4804A8C0EA3A},340000,2024-05-02 00:00,NG7 1QF,D,N,F,298,,DERBY ROAD,,NOTTINGHAM,CITY OF NOTTINGHAM,CITY OF NOTTINGHAM,A,A
{42C129E5-A47F-60A9-E063-4804A8C0C25D},240000,2024-11-20 00:00,CF24 0HU,T,N,F,15,,CLYDE STREET,,CARDIFF,CARDIFF,CARDIFF,B,A
{42C129E5-A487-60A9-E063-4804A8C0C25D},181000,2024-12-06 00:00,CF24 4RW,T,N,F,107,,INVERNESS PLACE,,CARDIFF,CARDIFF,CARDIFF,B,A
{44F406B6-3FE1-1095-E063-4704A8C048D4},96000,2024-12-13 00:00,CF24 3FX,F,N,L,STEPHENSON COURT,FLAT 42,WORDSWORTH AVENUE,,CARDIFF,CARDIFF,CARDIFF,A,A
{42C129E5-AA81-60A9-E063-4804A8C0C25D},510000,2024-10-22 00:00,LS6 1DE,T,N,F,6,,MANOR DRIVE,HEADINGLEY,LEEDS,LEEDS,WEST YORKSHIRE,B,A
{42C129E5-AAD0-60A9-E063-4804A8C0C25D},222000,2024-12-13 00:00,LS6 1AU,T,N,F,11,,EBBERSTON TERRACE,,LEEDS,LEEDS,WEST YORKSHIRE,B,A
{44F406B6-A2E5-1095-E063-4704A8C048D4},200000,2024-08-13 00:00,L15 7JE,S,N,L,7,,ABBEYSTEAD ROAD,,LIVERPOOL,LIVERPOOL,MERSEYSIDE,A,A
{31C68072-B130-FEE3-E063-4804A8C04F37},143500,2024-08-23 00:00,CF24 1PZ,T,N,F,44,,SAPPHIRE STREET,,CARDIFF,CARDIFF,CARDIFF,A,A
{31C68072-B181-FEE3-E063-4804A8C04F37},280000,2024-10-28 00:00,CF24 4JY,T,N,F,25,,CWMDARE STREET,,CARDIFF,CARDIFF,CARDIFF,A,A
{1C3E72FE-E2D3-F410-E063-4804A8C0DFA6},180000,2024-02-02 00:00,LS6 2UB,S,N,F,15,,MARIAN TERRACE,,LEEDS,LEEDS,WEST YORKSHIRE,A,A
{1C3E72FE-E2DF-F410-E063-4804A8C0DFA6},225000,2024-06-11 00:00,LS6 4EZ,T,N,F,7,,HIGHBURY STREET,,LEEDS,LEEDS,WEST YORKSHIRE,A,A
{1C3E72FE-E6DF-F410-E063-4804A8C0DFA6},120000,2024-05-13 00:00,LS6 2DY,F,N,L,1,FLAT 5,GROSVENOR TERRACE,,LEEDS,LEEDS,WEST YORKSHIRE,A,A
{31C68072-DDB3-FEE3-E063-4804A8C04F37},121000,2024-10-18 00:00,LS6 4AE,F,N,L,28,,GROVE COURT,,LEEDS,LEEDS,WEST YORKSHIRE,A,A
{1C3E72FE-E774-F410-E063-4804A8C0DFA6},169950,2024-01-30 00:00,LS6 2DD,F,N,L,"MOORBANK COURT, 31",FLAT 5,SHIRE OAK ROAD,,LEEDS,LEEDS,WEST YORKSHIRE,A,A
{42C129E5-A562-60A9-E063-4804A8C0C25D},600000,2024-11-14 00:00,CF24 1DH,O,N,F,"THE COACH HOUSE, 128",,NEWPORT ROAD,,CARDIFF,CARDIFF,CARDIFF,B,A
{42C129E5-AAFF-60A9-E063-4804A8C0C25D},470000,2024-10-22 00:00,LS6 1HZ,T,N,F,17,,PEARSON TERRACE,,LEEDS,LEEDS,WEST YORKSHIRE,B,A
{1C3E72FE-E7CA-F410-E063-4804A8C0DFA6},324000,2024-05-28 00:00,LS6 3JW,S,N,F,28,,TRELAWN CRESCENT,,LEEDS,LEEDS,WEST YORKSHIRE,A,A
{1C3E72FE-DEC3-F410-E063-4804A8C0DFA6},121000,2024-01-31 00:00,LS6 3LX,T,N,F,45,,WOODBRIDGE FOLD,,LEEDS,LEEDS,WEST YORKSHIRE,A,A
{1C3E72FE-E121-F410-E063-4804A8C0DFA6},162000,2024-05-07 00:00,LS6 3LT,T,N,F,44,,WOODBRIDGE VALE,,LEEDS,LEEDS,WEST YORKSHIRE,A,A
{1C3E72FE-E805-F410-E063-4804A8C0DFA6},122000,2024-05-31 00:00,LS6 3LS,T,N,F,27,,WOODBRIDGE GREEN,,LEEDS,LEEDS,WEST YORKSHIRE,A,A
{1C3E72FE-DEF7-F410-E063-4804A8C0DFA6},135000,2024-06-03 00:00,LS6 2NH,T,N,F,5,,ELM STREET,,LEEDS,LEEDS,WEST YORKSHIRE,A,A
{1C3E72FE-E161-F410-E063-4804A8C0DFA6},354000,2024-03-07 00:00,LS6 4LE,S,N,F,63,,GREEN ROAD,MEANWOOD,LEEDS,LEEDS,WEST YORKSHIRE,A,A
{237B17FE-4F22-22AC-E063-4804A8C0EA3A},235000,2024-08-12 00:00,NG7 1SD,T,N,F,10,,OSMASTON STREET,,NOTTINGHAM,CITY OF NOTTINGHAM,CITY OF NOTTINGHAM,A,A
{3DCCB7CA-BC26-5B9D-E063-4704A8C0331E},200000,2024-09-20 00:00,L15 3HH,T,N,F,18,,CLAREMONT ROAD,WAVERTREE,LIVERPOOL,LIVERPOOL,MERSEYSIDE,B,A
{42C129E5-A5BD-60A9-E063-4804A8C0C25D},112000,2024-11-11 00:00,CF24 1QG,T,N,F,121,,BROADWAY,,CARDIFF,CARDIFF,CARDIFF,B,A
{42C129E5-AB41-60A9-E063-4804A8C0C25D},517000,2024-10-22 00:00,LS6 1DE,T,N,F,5,,MANOR DRIVE,HEADINGLEY,LEEDS,LEEDS,WEST YORKSHIRE,B,A
{42C129E5-AB4F-60A9-E063-4804A8C0C25D},410500,2024-11-01 00:00,LS6 2QH,F,N,L,UNIT 7,GROUND FLOOR,NORTHWEST BUSINESS PARK,,LEEDS,LEEDS,WEST YORKSHIRE,B,A
{42C129E5-AB6C-60A9-E063-4804A8C0C25D},537000,2024-10-22 00:00,LS6 1DE,T,N,F,3,,MANOR DRIVE,HEADINGLEY,LEEDS,LEEDS,WEST YORKSHIRE,B,A
{44F406B6-A6ED-1095-E063-4704A8C048D4},213000,2024-03-28 00:00,L15 7JS,S,N,F,34,,HUDLESTON ROAD,,LIVERPOOL,LIVERPOOL,MERSEYSIDE,A,A
{44F406B6-B8B7-1095-E063-4704A8C048D4},366220,2024-12-06 00:00,NG7 1DJ,T,N,F,8,,PARK RAVINE,THE PARK,NOTTINGHAM,CITY OF NOTTINGHAM,CITY OF NOTTINGHAM,A,A
{3DCCB7CA-D38A-5B9D-E063-4704A8C0331E},110000,2024-09-17 00:00,NE6 2HU,T,N,F,101,,WELBECK ROAD,,NEWCASTLE UPON TYNE,NEWCASTLE UPON TYNE,TYNE AND WEAR,B,A
{3DCCB7CA-D3A6-5B9D-E063-4704A8C0331E},110000,2024-09-20 00:00,NE6 3TP,T,N,F,31,,OLDFIELD ROAD,,NEWCASTLE UPON TYNE,NEWCASTLE UPON TYNE,TYNE AND WEAR,B,A
{1C3E72FE-E19C-F410-E063-4804A8C0DFA6},255000,2024-05-31 00:00,LS6 4PG,S,N,F,11,,PARKLAND GARDENS,,LEEDS,LEEDS,WEST YORKSHIRE,A,A
{1C3E72FE-E4A2-F410-E063-4804A8C0DFA6},330000,2024-06-10 00:00,LS6 4NF,S,N,F,7,,HOLMWOOD DRIVE,,LEEDS,LEEDS,WEST YORKSHIRE,A,A
{1C3E72FE-DF8D-F410-E063-4804A8C0DFA6},284000,2024-05-17 00:00,LS6 4EY,T,N,F,25,,SPRING HILL TERRACE,,LEEDS,LEEDS,WEST YORKSHIRE,A,A
{1C3E72FE-E4D4-F410-E063-4804A8C0DFA6},365500,2024-01-30 00:00,LS6 4BS,S,N,F,23,,CASTLE GROVE AVENUE,,LEEDS,LEEDS,WEST YORKSHIRE,A,A
{42C129E5-ABA0-60A9-E063-4804A8C0C25D},537000,2024-10-22 00:00,LS6 1DE,T,N,F,25,,MANOR DRIVE,HEADINGLEY,LEEDS,LEEDS,WEST YORKSHIRE,B,A
{44F406B6-BB94-1095-E063-4704A8C048D4},180000,2024-11-27 00:00,NG7 6BA,S,N,F,79,,BURFORD ROAD,,NOTTINGHAM,CITY OF NOTTINGHAM,CITY OF NOTTINGHAM,A,A
{44F406B6-BBB2-1095-E063-4704A8C048D4},190000,2024-09-23 00:00,NG7 5GG,T,N,F,3,,BATEMAN GARDENS,,NOTTINGHAM,CITY OF NOTTINGHAM,CITY OF NOTTINGHAM,A,A
{44F406B6-BBFE-1095-E063-4704A8C048D4},70000,2024-12-13 00:00,NG7 1GF,F,N,L,41,,HERON WHARF,CASTLE MARINA,NOTTINGHAM,CITY OF NOTTINGHAM,CITY OF NOTTINGHAM,A,A
{1C3E72FE-E282-F410-E063-4804A8C0DFA6},47000,2024-06-14 00:00,LS6 3PP,F,N,L,1,FLAT 10,CHAPEL LANE,,LEEDS,LEEDS,WEST YORKSHIRE,A,A
{1C3E72FE-E546-F410-E063-4804A8C0DFA6},387500,2024-06-19 00:00,LS6 4HZ,S,N,F,83,,STONEGATE ROAD,,LEEDS,LEEDS,WEST YORKSHIRE,A,A
{44F406B6-A749-1095-E063-4704A8C048D4},160000,2024-02-17 00:00,L15 3JE,T,N,F,10,,BROOKDALE ROAD,,LIVERPOOL,LIVERPOOL,MERSEYSIDE,A,A
{3DCCB7CA-D427-5B9D-E063-4704A8C0331E},120000,2024-10-18 00:00,NE6 5HP,O,N,L,198A,,HEATON ROAD,,NEWCASTLE UPON TYNE,NEWCASTLE UPON TYNE,TYNE AND WEAR,B,A
{3DCCB7CA-D42B-5B9D-E063-4704A8C0331E},80000,2024-11-13 00:00,NE6 5DU,F,N,L,41,,WHITEFIELD TERRACE,,NEWCASTLE UPON TYNE,NEWCASTLE UPON TYNE,TYNE AND WEAR,B,A
{3DCCB7CA-A2FC-5B9D-E063-4704A8C0331E},283000,2024-09-27 00:00,LS6 3FD,S,N,F,7,,QUEENSWOOD GATE,,LEEDS,LEEDS,WEST YORKSHIRE,A,A
{1C3E72FF-29AA-F410-E063-4804A8C0DFA6},405000,2024-06-06 00:00,LS6 4JQ,S,N,F,23,,ALDER HILL AVENUE,,LEEDS,LEEDS,WEST YORKSHIRE,B,A
{3DCCB7CA-BD34-5B9D-E063-4704A8C0331E},4300000,2024-09-20 00:00,M1 6DD,O,N,F,101,,PRINCESS STREET,,MANCHESTER,MANCHESTER,GREATER MANCHESTER,B,A
{1C3E72FF-2A85-F410-E063-4804A8C0DFA6},86000,2024-01-22 00:00,LS6 2FD,F,N,L,TRINITY HALL,FLAT 76,HOLBORN APPROACH,,LEEDS,LEEDS,WEST YORKSHIRE,B,A
{1C3E72FF-2A88-F410-E063-4804A8C0DFA6},65000,2024-01-22 00:00,LS6 2FD,F,N,L,TRINITY HALL,FLAT 20,HOLBORN APPROACH,,LEEDS,LEEDS,WEST YORKSHIRE,B,A
{1C3E72FF-2A89-F410-E063-4804A8C0DFA6},65000,2024-01-22 00:00,LS6 2FD,F,N,L,TRINITY HALL,FLAT 70,HOLBORN APPROACH,,LEEDS,LEEDS,WEST YORKSHIRE,B,A
{1C3E72FF-2A91-F410-E063-4804A8C0DFA6},70000,2024-01-22 00:00,LS6 2FD,F,N,L,TRINITY HALL,FLAT 44,HOLBORN APPROACH,,LEEDS,LEEDS,WEST YORKSHIRE,B,A
{1C3E72FF-2A92-F410-E063-4804A8C0DFA6},70000,2024-01-22 00:00,LS6 2FD,F,N,L,TRINITY HALL,FLAT 39,HOLBORN APPROACH,,LEEDS,LEEDS,WEST YORKSHIRE,B,A
{3DCCB7CA-D441-5B9D-E063-4704A8C0331E},225000,2024-10-11 00:00,NE6 5NR,O,N,F,146,,HEATON PARK ROAD,,NEWCASTLE UPON TYNE,NEWCASTLE UPON TYNE,TYNE AND WEAR,B,A
{3DCCB7CA-D9B5-5B9D-E063-4704A8C0331E},380000,2024-11-04 00:00,LS6 3HB,S,N,F,25,,LANGDALE GARDENS,,LEEDS,LEEDS,WEST YORKSHIRE,B,A
{3DCCB7CA-D9C6-5B9D-E063-4704A8C0331E},380000,2024-12-10 00:00,LS6 1AS,T,N,F,51,,VICTORIA ROAD,,LEEDS,LEEDS,WEST YORKSHIRE,B,A
{2D4D7608-F0E1-BDF9-E063-4804A8C0672F},215000,2024-12-06 00:00,M1 5BY,F,N,L,"CHORLTON MILL, 3",201,CAMBRIDGE STREET,,MANCHESTER,MANCHESTER,GREATER MANCHESTER,A,A
{2D4D7608-F0F5-BDF9-E063-4804A8C0672F},130000,2024-12-20 00:00,M14 5RH,F,N,L,ELLERSLIE COURT,APARTMENT 14,UPPER PARK ROAD,,MANCHESTER,MANCHESTER,GREATER MANCHESTER,A,A
{3DCCB7CA-AE07-5B9D-E063-4704A8C0331E},270000,2024-09-20 00:00,CF24 4PH,S,N,F,2,,GWENNYTH STREET,,CARDIFF,CARDIFF,CARDIFF,B,A
{3DCCB7CA-D4C1-5B9D-E063-4704A8C0331E},300000,2024-09-16 00:00,CF24 3BX,T,N,F,146,,RICHMOND ROAD,,CARDIFF,CARDIFF,CARDIFF,B,A
{3DCCB7CA-DA36-5B9D-E063-4704A8C0331E},495000,2024-11-04 00:00,LS6 3EW,T,N,F,83,,HEADINGLEY MOUNT,,LEEDS,LEEDS,WEST YORKSHIRE,B,A
{3DCCB7CA-DA4D-5B9D-E063-4704A8C0331E},280000,2024-10-30 00:00,LS6 1LT,T,N,F,20,,ASHVILLE VIEW,,LEEDS,LEEDS,WEST YORKSHIRE,B,A
{3DCCB7CA-DA7A-5B9D-E063-4704A8C0331E},630000,2024-11-04 00:00,LS6 3EP,D,N,F,4,,HEADINGLEY AVENUE,,LEEDS,LEEDS,WEST YORKSHIRE,B,A
{2D4D7608-F0F8-BDF9-E063-4804A8C0672F},185000,2024-12-18 00:00,M1 5BZ,F,N,L,"CHORLTON MILL, 3",308,CAMBRIDGE STREET,,MANCHESTER,MANCHESTER,GREATER MANCHESTER,A,A
{2D4D7608-F0FD-BDF9-E063-4804A8C0672F},190000,2024-11-22 00:00,M1 1BY,F,N,L,"CHATSWORTH HOUSE, 19",APARTMENT 506,LEVER STREET,,MANCHESTER,MANCHESTER,GREATER MANCHESTER,A,A
{237B17FE-4FE5-22AC-E063-4804A8C0EA3A},170000,2024-08-27 00:00,NG7 1GA,F,N,L,33,,KINGFISHER WHARF,,NOTTINGHAM,CITY OF NOTTINGHAM,CITY OF NOTTINGHAM,A,A
{237B17FE-4FE8-22AC-E063-4804A8C0EA3A},340000,2024-05-17 00:00,NG7 1DE,F,N,L,1A,FLAT 2,PEVERIL DRIVE,,NOTTINGHAM,CITY OF NOTTINGHAM,CITY OF NOTTINGHAM,A,A
{44F406B6-9E1A-1095-E063-4704A8C048D4},452775,2024-01-05 00:00,M1 3BD,F,Y,L,"CALICO BUILDING, 46",FLAT 802,WHITWORTH STREET,,MANCHESTER,MANCHESTER,GREATER MANCHESTER,A,A
{3DCCB7CA-C793-5B9D-E063-4704A8C0331E},125000,2024-10-11 00:00,NG7 5AW,T,N,F,95,,BIRKIN AVENUE,,NOTTINGHAM,CITY OF NOTTINGHAM,CITY OF NOTTINGHAM,B,A
{3DCCB7CA-C795-5B9D-E063-4704A8C0331E},109000,2024-07-19 00:00,NG7 5AU,T,N,F,3,,THURMAN STREET,,NOTTINGHAM,CITY OF NOTTINGHAM,CITY OF NOTTINGHAM,B,A
{3DCCB7CA-C7A1-5B9D-E063-4704A8C0331E},195000,2024-10-25 00:00,NG7 2PJ,S,N,F,8,,WARWICK STREET,,NOTTINGHAM,CITY OF NOTTINGHAM,CITY OF NOTTINGHAM,B,A
{3DCCB7CA-C7AA-5B9D-E063-4704A8C0331E},235000,2024-10-11 00:00,NG7 1BP,O,N,L,CEDAR LODGE,1D,TUNNEL ROAD,,NOTTINGHAM,CITY OF NOTTINGHAM,CITY OF NOTTINGHAM,B,A
{3DCCB7CA-C7AF-5B9D-E063-4704A8C0331E},225000,2024-10-11 00:00,NG7 1BP,F,N,L,CEDAR LODGE,2B,TUNNEL ROAD,,NOTTINGHAM,CITY OF NOTTINGHAM,CITY OF NOTTINGHAM,B,A
{3DCCB7CA-D560-5B9D-E063-4704A8C0331E},280000,2024-10-31 00:00,CF24 4JP,T,N,F,14,,TREORCHY STREET,,CARDIFF,CARDIFF,CARDIFF,B,A
{3DCCB7CA-DA8C-5B9D-E063-4704A8C0331E},240000,2024-10-15 00:00,LS6 3BB,T,N,F,3,,GRANBY TERRACE,,LEEDS,LEEDS,WEST YORKSHIRE,B,A
{3DCCB7CA-DA8D-5B9D-E063-4704A8C0331E},610000,2024-11-04 00:00,LS6 3EP,S,N,F,13,,HEADINGLEY AVENUE,,LEEDS,LEEDS,WEST YORKSHIRE,B,A
{3DCCB7CA-DAB7-5B9D-E063-4704A8C0331E},560000,2024-11-04 00:00,LS6 3EL,D,N,F,27,,HEADINGLEY MOUNT,,LEEDS,LEEDS,WEST YORKSHIRE,B,A
{3DCCB7CA-DAC1-5B9D-E063-4704A8C0331E},375000,2024-11-04 00:00,LS6 3PG,F,N,L,2,,BECKETTS PARK ROAD,,LEEDS,LEEDS,WEST YORKSHIRE,B,A
{237B17FE-501E-22AC-E063-4804A8C0EA3A},183000,2024-08-02 00:00,NG7 1TJ,F,N,L,14,,DUNLIN WHARF,CASTLE MARINA,NOTTINGHAM,CITY OF NOTTINGHAM,CITY OF NOTTINGHAM,A,A
{44F406B6-9E28-1095-E063-4704A8C048D4},375000,2024-01-31 00:00,M1 3AX,F,Y,L,"CALICO BUILDING, 46",FLAT 302,WHITWORTH STREET,,MANCHESTER,MANCHESTER,GREATER MANCHESTER,A,A
{44F406B6-9E2F-1095-E063-4704A8C048D4},381494,2024-05-28 00:00,M1 5LG,F,Y,L,42,FLAT 504,GREAT BRIDGEWATER STREET,,MANCHESTER,MANCHESTER,GREATER MANCHESTER,A,A
{44F406B6-9E32-1095-E063-4704A8C048D4},435000,2024-02-02 00:00,M1 2EX,F,Y,L,"CRUSADER MILL, 70",FLAT 503,CHAPELTOWN STREET,,MANCHESTER,MANCHESTER,GREATER MANCHESTER,A,A
{3DCCB7CA-C319-5B9D-E063-4704A8C0331E},675000,2024-10-30 00:00,L15 2LQ,O,N,F,SEFTON PARK MEDICAL CENTRE,,SMITHDOWN ROAD,,LIVERPOOL,LIVERPOOL,MERSEYSIDE,B,A
{3DCCB7CA-C7F5-5B9D-E063-4704A8C0331E},350000,2024-10-29 00:00,NG7 1JH,O,N,F,142,,HARRINGTON DRIVE,,NOTTINGHAM,CITY OF NOTTINGHAM,CITY OF NOTTINGHAM,B,A
{3DCCB7CA-C824-5B9D-E063-4704A8C0331E},160000,2024-10-23 00:00,NG7 7HS,O,N,F,UNIT F,,PALM STREET,NEW BASFORD,NOTTINGHAM,CITY OF NOTTINGHAM,CITY OF NOTTINGHAM,B,A
{3DCCB7CA-C834-5B9D-E063-4704A8C0331E},70000,2024-10-07 00:00,NG7 6BP,F,N,L,HIGH POINT,FLAT 95,NOEL STREET,,NOTTINGHAM,CITY OF NOTTINGHAM,CITY OF NOTTINGHAM,B,A
{3DCCB7CA-DADA-5B9D-E063-4704A8C0331E},268000,2024-11-20 00:00,LS6 3JL,S,N,F,2,,DERWENTWATER TERRACE,,LEEDS,LEEDS,WEST YORKSHIRE,B,A
{3DCCB7CA-DAF5-5B9D-E063-4704A8C0331E},237500,2024-07-04 00:00,LS6 4AZ,O,N,F,MEANWOOD CONSERVATIVE CLUB,,MEANWOOD ROAD,,LEEDS,LEEDS,WEST YORKSHIRE,B,A
{2D4D7608-EEBA-BDF9-E063-4804A8C0672F},245000,2024-11-27 00:00,M1 3WE,F,N,L,"VELVET HOUSE, 60",APARTMENT 23,SACKVILLE STREET,,MANCHESTER,MANCHESTER,GREATER MANCHESTER,A,A
{2D4D7608-F15A-BDF9-E063-4804A8C0672F},200000,2024-11-29 00:00,M1 7EP,F,N,L,"PRINCESS HOUSE, 144",FLAT 10,PRINCESS STREET,,MANCHESTER,MANCHESTER,GREATER MANCHESTER,A,A
{2D4D7608-F165-BDF9-E063-4804A8C0672F},302000,2024-07-31 00:00,M1 2FJ,F,N,L,"JACKSONS WAREHOUSE, 20",APARTMENT 36,TARIFF STREET,,MANCHESTER,MANCHESTER,GREATER MANCHESTER,A,A
{42C129E5-AD2E-60A9-E063-4804A8C0C25D},135000,2024-12-13 00:00,LS6 1PW,T,N,F,40,,HAROLD MOUNT,,LEEDS,LEEDS,WEST YORKSHIRE,B,A
{42C129E5-AD2F-60A9-E063-4804A8C0C25D},136250,2024-10-03 00:00,LS6 1PW,T,N,F,42,,HAROLD MOUNT,,LEEDS,LEEDS,WEST YORKSHIRE,B,A
{3DCCB7CA-C889-5B9D-E063-4704A8C0331E},210000,2024-11-15 00:00,NG7 4EQ,O,N,L,26,,FOREST ROAD WEST,,NOTTINGHAM,CITY OF NOTTINGHAM,CITY OF NOTTINGHAM,B,A
{44F406B6-9E74-1095-E063-4704A8C048D4},370000,2024-11-01 00:00,M1 3AX,F,Y,L,"CALICO BUILDING, 46",FLAT 402,WHITWORTH STREET,,MANCHESTER,MANCHESTER,GREATER MANCHESTER,A,A
{2D4D7608-EEE3-BDF9-E063-4804A8C0672F},232000,2024-12-19 00:00,M14 7QE,T,N,F,193,,HORTON ROAD,,MANCHESTER,MANCHESTER,GREATER MANCHESTER,A,A
{2D4D7608-EEEF-BDF9-E063-4804A8C0672F},222000,2024-12-13 00:00,M14 7JQ,T,N,F,22,,REGENT AVENUE,,MANCHESTER,MANCHESTER,GREATER MANCHESTER,A,A
{237B17FE-504B-22AC-E063-4804A8C0EA3A},310000,2024-05-03 00:00,NG7 1QU,S,N,F,4,,HENTON ROW,,NOTTINGHAM,CITY OF NOTTINGHAM,CITY OF NOTTINGHAM,A,A
{237B17FE-504D-22AC-E063-4804A8C0EA3A},70000,2024-02-29 00:00,NG7 2HY,F,N,L,5,,THE VICTOR,,NOTTINGHAM,CITY OF NOTTINGHAM,CITY OF NOTTINGHAM,A,A
{237B17FE-505F-22AC-E063-4804A8C0EA3A},135000,2024-04-19 00:00,NG7 6QA,S,N,F,46,,HARCOURT ROAD,,NOTTINGHAM,CITY OF NOTTINGHAM,CITY OF NOTTINGHAM,A,A
{42C129E5-A2BB-60A9-E063-4804A8C0C25D},220000,2024-10-30 00:00,NE6 1XH,T,N,F,3,,LANGHORN CLOSE,,NEWCASTLE UPON TYNE,NEWCASTLE UPON TYNE,TYNE AND WEAR,B,A
{3DCCB7CA-C88A-5B9D-E063-4704A8C0331E},160000,2024-11-15 00:00,NG7 1HB,T,N,F,15,,CHIPPENDALE STREET,,NOTTINGHAM,CITY OF NOTTINGHAM,CITY OF NOTTINGHAM,B,A
{3DCCB7CA-C88E-5B9D-E063-4704A8C0331E},325000,2024-11-08 00:00,NG7 2DQ,D,N,F,34,,GLOUCESTER AVENUE,,NOTTINGHAM,CITY OF NOTTINGHAM,CITY OF NOTTINGHAM,B,A
{44F406B6-9E9E-1095-E063-4704A8C048D4},411875,2024-09-03 00:00,M1 3BD,F,Y,L,"CALICO BUILDING, 46",FLAT 604,WHITWORTH STREET,,MANCHESTER,MANCHESTER,GREATER MANCHESTER,A,A
{2D4D7608-EF15-BDF9-E063-4804A8C0672F},190000,2024-12-19 00:00,M1 3NT,F,N,L,55 - 57,APARTMENT 30,WHITWORTH STREET,,MANCHESTER,MANCHESTER,GREATER MANCHESTER,A,A
{44F406B6-F248-1095-E063-4704A8C048D4},110000,2024-12-20 00:00,NE6 3PB,T,N,F,67,,MIDWAY,,NEWCASTLE UPON TYNE,NEWCASTLE UPON TYNE,TYNE AND WEAR,A,A
{44F406B6-F303-1095-E063-4704A8C048D4},187500,2024-12-20 00:00,NE6 5SR,F,N,L,94,,WHITEFIELD TERRACE,,NEWCASTLE UPON TYNE,NEWCASTLE UPON TYNE,TYNE AND WEAR,A,A
{44F406B6-644B-1095-E063-4704A8C048D4},370000,2024-11-12 00:00,M14 6PH,S,N,F,72,,BIRCHFIELDS ROAD,,MANCHESTER,MANCHESTER,GREATER MANCHESTER,A,A
{44F406B6-653A-1095-E063-4704A8C048D4},322500,2024-12-06 00:00,M14 6RW,T,N,L,178,,LADYBARN LANE,,MANCHESTER,MANCHESTER,GREATER MANCHESTER,A,A
{42C129E5-A32F-60A9-E063-4804A8C0C25D},110000,2024-11-21 00:00,NE6 1TZ,O,N,L,TERRACE LEVEL,UNIT 3,ST PETERS WHARF,,NEWCASTLE UPON TYNE,NEWCASTLE UPON TYNE,TYNE AND WEAR,B,A
{3DCCB7CA-C3CF-5B9D-E063-4704A8C0331E},270000,2024-09-18 00:00,L15 1HN,F,N,L,1A,,SALISBURY ROAD,WAVERTREE,LIVERPOOL,LIVERPOOL,MERSEYSIDE,B,A
{3DCCB7CA-C3EB-5B9D-E063-4704A8C0331E},80000,2024-10-01 00:00,L15 4NG,T,N,F,3,,COLINTON STREET,,LIVERPOOL,LIVERPOOL,MERSEYSIDE,B,A
{402A3A66-16A5-A7DF-E063-4804A8C0B80D},351561,2024-05-29 00:00,M1 5LG,F,Y,L,42,FLAT 710,GREAT BRIDGEWATER STREET,,MANCHESTER,MANCHESTER,GREATER MANCHESTER,A,A
{402A3A66-16AB-A7DF-E063-4804A8C0B80D},417827,2024-06-14 00:00,M1 5LQ,F,Y,L,42,FLAT 2806,GREAT BRIDGEWATER STREET,,MANCHESTER,MANCHESTER,GREATER MANCHESTER,A,A
{402A3A66-16AE-A7DF-E063-4804A8C0B80D},400287,2024-07-08 00:00,M1 5LQ,F,Y,L,42,FLAT 2910,GREAT BRIDGEWATER STREET,,MANCHESTER,MANCHESTER,GREATER MANCHESTER,A,A
{402A3A66-16C9-A7DF-E063-4804A8C0B80D},314532,2024-10-29 00:00,M1 5LR,F,Y,L,42,FLAT 3408,GREAT BRIDGEWATER STREET,,MANCHESTER,MANCHESTER,GREATER MANCHESTER,A,A
{3DCCB7CA-A24D-5B9D-E063-4704A8C0331E},600000,2024-11-29 00:00,LS6 2BA,F,Y,L,"BRAY HOUSE, 22",8,WOOD LANE,HEADINGLEY,LEEDS,LEEDS,WEST YORKSHIRE,A,A
{2D4D7609-94A3-BDF9-E063-4804A8C0672F},200000,2024-11-26 00:00,NE6 1TY,F,N,L,12,,THE ROPERY,,NEWCASTLE UPON TYNE,NEWCASTLE UPON TYNE,TYNE AND WEAR,A,A
{237B17FE-5230-22AC-E063-4804A8C0EA3A},83000,2024-04-26 00:00,NG7 7NB,T,N,F,26,,FALCON GROVE,,NOTTINGHAM,CITY OF NOTTINGHAM,CITY OF NOTTINGHAM,A,A
{3DCCB7CA-C4AB-5B9D-E063-4704A8C0331E},178000,2024-10-08 00:00,NE6 5TS,S,N,F,83,,DEBDON GARDENS,,NEWCASTLE UPON TYNE,NEWCASTLE UPON TYNE,TYNE AND WEAR,B,A
{402A3A66-16F3-A7DF-E063-4804A8C0B80D},482601,2024-08-22 00:00,M1 5LQ,F,Y,L,42,FLAT 2702,GREAT BRIDGEWATER STREET,,MANCHESTER,MANCHESTER,GREATER MANCHESTER,A,A
{3DCCB7CA-A250-5B9D-E063-4704A8C0331E},330000,2024-11-29 00:00,LS6 2BA,F,Y,L,"BRAY HOUSE, 22",6,WOOD LANE,HEADINGLEY,LEEDS,LEEDS,WEST YORKSHIRE,A,A
{3DCCB7CA-A251-5B9D-E063-4704A8C0331E},327500,2024-11-29 00:00,LS6 2BA,F,Y,L,"BRAY HOUSE, 22",1,WOOD LANE,HEADINGLEY,LEEDS,LEEDS,WEST YORKSHIRE,A,A
{3DCCB7CA-A25A-5B9D-E063-4704A8C0331E},325000,2024-11-27 00:00,LS6 2BA,F,Y,L,"BRAY HOUSE, 22",3,WOOD LANE,HEADINGLEY,LEEDS,LEEDS,WEST YORKSHIRE,A,A
{3DCCB7CA-A25E-5B9D-E063-4704A8C0331E},217500,2024-11-29 00:00,LS6 2BA,F,Y,L,"BRAY HOUSE, 22",2,WOOD LANE,HEADINGLEY,LEEDS,LEEDS,WEST YORKSHIRE,A,A
{3DCCB7CA-B59F-5B9D-E063-4704A8C0331E},1625000,2024-11-14 00:00,M1 7HL,O,N,F,120,,GROSVENOR STREET,,MANCHESTER,MANCHESTER,GREATER MANCHESTER,B,A
{3DCCB7CA-B5D8-5B9D-E063-4704A8C0331E},375000,2024-10-30 00:00,M14 6DU,S,N,F,2,,SELSIDE WALK,,MANCHESTER,MANCHESTER,GREATER MANCHESTER,B,A
{3DCCB7CA-B5E4-5B9D-E063-4704A8C0331E},265000,2024-11-01 00:00,M14 4DE,T,N,F,68,,HAYDN AVENUE,,MANCHESTER,MANCHESTER,GREATER MANCHESTER,B,A
{2D4D7609-91B6-BDF9-E063-4804A8C0672F},265000,2024-12-16 00:00,NE6 4ST,S,N,F,32,,BRIARWOOD CRESCENT,,NEWCASTLE UPON TYNE,NEWCASTLE UPON TYNE,TYNE AND WEAR,A,A
{2D4D7609-91B7-BDF9-E063-4804A8C0672F},172000,2024-08-02 00:00,NE6 5SR,F,N,L,88,,WHITEFIELD TERRACE,,NEWCASTLE UPON TYNE,NEWCASTLE UPON TYNE,TYNE AND WEAR,A,A
{2D4D7609-94F4-BDF9-E063-4804A8C0672F},134000,2024-12-18 00:00,NE6 5HT,F,N,L,26,,STANNINGTON PLACE,,NEWCASTLE UPON TYNE,NEWCASTLE UPON TYNE,TYNE AND WEAR,A,A
{402A3A66-16FA-A7DF-E063-4804A8C0B80D},493920,2024-12-06 00:00,M1 5LR,F,Y,L,42,FLAT 3403,GREAT BRIDGEWATER STREET,,MANCHESTER,MANCHESTER,GREATER MANCHESTER,A,A
{402A3A66-1702-A7DF-E063-4804A8C0B80D},282114,2024-06-04 00:00,M1 5LP,F,Y,L,42,FLAT 2007,GREAT BRIDGEWATER STREET,,MANCHESTER,MANCHESTER,GREATER MANCHESTER,A,A
{402A3A66-1705-A7DF-E063-4804A8C0B80D},350889,2024-10-11 00:00,M1 5LR,F,Y,L,42,FLAT 3409,GREAT BRIDGEWATER STREET,,MANCHESTER,MANCHESTER,GREATER MANCHESTER,A,A
{402A3A66-172A-A7DF-E063-4804A8C0B80D},511350,2024-10-22 00:00,M1 5LR,F,Y,L,42,FLAT 3703,GREAT BRIDGEWATER STREET,,MANCHESTER,MANCHESTER,GREATER MANCHESTER,A,A
{3DCCB7CA-A282-5B9D-E063-4704A8C0331E},235000,2024-12-06 00:00,LS6 2BA,F,Y,L,"BRAY HOUSE, 22",5,WOOD LANE,HEADINGLEY,LEEDS,LEEDS,WEST YORKSHIRE,A,A
{36A61A95-40CF-DEF2-E063-4704A8C046AE},178000,2024-10-11 00:00,CF24 1NY,T,N,F,44,,BERTRAM STREET,,CARDIFF,CARDIFF,CARDIFF,B,A
{2D4D7609-91E7-BDF9-E063-4804A8C0672F},255000,2024-12-05 00:00,NE6 4RY,T,N,F,8,,NORTHMOOR ROAD,,NEWCASTLE UPON TYNE,NEWCASTLE UPON TYNE,TYNE AND WEAR,A,A
{2D4D7609-9A32-BDF9-E063-4804A8C0672F},135000,2024-07-12 00:00,CF24 2AD,T,N,F,101,,SANQUHAR STREET,,CARDIFF,CARDIFF,CARDIFF,A,A
{38EDC0C3-6AC8-0F63-E063-4704A8C00424},140000,2024-04-26 00:00,NE6 5DU,F,N,L,49,,WHITEFIELD TERRACE,,NEWCASTLE UPON TYNE,NEWCASTLE UPON TYNE,TYNE AND WEAR,A,A
{3DCCB7CA-B64E-5B9D-E063-4704A8C0331E},540000,2024-04-30 00:00,M1 1PD,O,N,F,82 - 84,,MARKET STREET,,MANCHESTER,MANCHESTER,GREATER MANCHESTER,B,A
{3DCCB7CA-B684-5B9D-E063-4704A8C0331E},235000,2024-11-08 00:00,M1 6BE,F,N,L,"ASIA HOUSE, 82",406,PRINCESS STREET,,MANCHESTER,MANCHESTER,GREATER MANCHESTER,B,A
{2D4D7609-920C-BDF9-E063-4804A8C0672F},35000,2024-05-03 00:00,NE6 2RY,F,N,L,279,,SCARBOROUGH ROAD,,NEWCASTLE UPON TYNE,NEWCASTLE UPON TYNE,TYNE AND WEAR,A,A
{2D4D7609-9227-BDF9-E063-4804A8C0672F},83000,2024-06-28 00:00,NE6 4UE,T,N,F,42,,STOTTS ROAD,,NEWCASTLE UPON TYNE,NEWCASTLE UPON TYNE,TYNE AND WEAR,A,A
{2D4D7609-922C-BDF9-E063-4804A8C0672F},525000,2024-12-16 00:00,NE6 5QR,S,N,F,23,,SEFTON AVENUE,,NEWCASTLE UPON TYNE,NEWCASTLE UPON TYNE,TYNE AND WEAR,A,A
{2D4D7609-9A60-BDF9-E063-4804A8C0672F},422000,2024-11-29 00:00,CF24 3QW,T,N,F,37,,PARTRIDGE ROAD,,CARDIFF,CARDIFF,CARDIFF,A,A
{38EDC0C3-6B2A-0F63-E063-4704A8C00424},108033,2024-08-12 00:00,CF24 3RB,T,N,F,8,,SNIPE STREET,,CARDIFF,CARDIFF,CARDIFF,A,A
{3DCCB7CA-994C-5B9D-E063-4704A8C0331E},167000,2024-09-20 00:00,LS6 4DT,F,N,L,MASHAM COURT,25,SHAW LANE,,LEEDS,LEEDS,WEST YORKSHIRE,A,A
{36A61A95-3608-DEF2-E063-4704A8C046AE},284300,2024-07-02 00:00,LS6 4NA,T,N,F,97,,PARKSIDE ROAD,MEANWOOD,LEEDS,LEEDS,WEST YORKSHIRE,A,A
{2D4D7609-924A-BDF9-E063-4804A8C0672F},170000,2024-07-23 00:00,NE6 5LA,F,N,L,94,,SIMONSIDE TERRACE,,NEWCASTLE UPON TYNE,NEWCASTLE UPON TYNE,TYNE AND WEAR,A,A
{2D4D7609-924F-BDF9-E063-4804A8C0672F},130000,2024-07-23 00:00,NE6 5DS,F,N,L,301,,SIMONSIDE TERRACE,,NEWCASTLE UPON TYNE,NEWCASTLE UPON TYNE,TYNE AND WEAR,A,A
{2D4D7609-925C-BDF9-E063-4804A8C0672F},178500,2024-12-12 00:00,NE6 5TA,F,N,L,63,,SACKVILLE ROAD,,NEWCASTLE UPON TYNE,NEWCASTLE UPON TYNE,TYNE AND WEAR,A,A
{3DCCB7CA-C0F2-5B9D-E063-4704A8C0331E},287500,2024-10-30 00:00,M1 2NR,F,N,L,11,,JOHN SMEATON COURT,,MANCHESTER,MANCHESTER,GREATER MANCHESTER,B,A
{3DCCB7CA-C0FC-5B9D-E063-4704A8C0331E},445536,2024-06-07 00:00,M1 5LP,F,N,L,42,FLAT 1902,GREAT BRIDGEWATER STREET,,MANCHESTER,MANCHESTER,GREATER MANCHESTER,B,A
{38EDC0C3-6C3A-0F63-E063-4704A8C00424},495000,2024-05-03 00:00,CF24 3SH,S,N,F,37,,TIMBERS SQUARE,,CARDIFF,CARDIFF,CARDIFF,A,A
{38EDC0C3-6C67-0F63-E063-4704A8C00424},245000,2024-09-25 00:00,CF24 2LG,T,N,F,103,,MOORLAND ROAD,,CARDIFF,CARDIFF,CARDIFF,A,A
{2D4D7609-97EA-BDF9-E063-4804A8C0672F},253000,2024-11-01 00:00,CF24 3HG,T,N,F,92,,CYFARTHFA STREET,,CARDIFF,CARDIFF,CARDIFF,A,A
{2D4D7609-97EB-BDF9-E063-4804A8C0672F},250000,2024-12-17 00:00,CF24 3EH,T,N,F,48,,TALWORTH STREET,ROATH,CARDIFF,CARDIFF,CARDIFF,A,A
{42C129E4-86A3-60A9-E063-4804A8C0C25D},198000,2024-01-12 00:00,M14 7GA,T,N,F,10,,BROMPTON ROAD,,MANCHESTER,MANCHESTER,GREATER MANCHESTER,A,A
{42C129E4-86B9-60A9-E063-4804A8C0C25D},640000,2024-06-13 00:00,M14 5LA,T,N,F,78,,NORMAN ROAD,,MANCHESTER,MANCHESTER,GREATER MANCHESTER,A,A
{2D4D7609-92AA-BDF9-E063-4804A8C0672F},198000,2024-08-23 00:00,NE6 1BH,T,N,L,21,,CHURCHILL MEWS,,NEWCASTLE UPON TYNE,NEWCASTLE UPON TYNE,TYNE AND WEAR,A,A
{36A61A95-539F-DEF2-E063-4704A8C046AE},250000,2024-05-08 00:00,L15 4LP,T,N,F,254,,PICTON ROAD,WAVERTREE,LIVERPOOL,LIVERPOOL,MERSEYSIDE,B,A
{36A61A95-6335-DEF2-E063-4704A8C046AE},735000,2024-03-28 00:00,NE6 5AP,O,N,F,190,,HEATON PARK ROAD,,NEWCASTLE UPON TYNE,NEWCASTLE UPON TYNE,TYNE AND WEAR,B,A
{402A3A66-A8BD-A7DF-E063-4804A8C0B80D},93200,2024-11-12 00:00,LS6 2SQ,D,N,L,10,,NAYLOR GARTH,,LEEDS,LEEDS,WEST YORKSHIRE,A,A
{402A3A66-A8C0-A7DF-E063-4804A8C0B80D},970000,2024-10-04 00:00,LS6 4QG,D,N,F,"OAK LEE HOUSE, 36B",,PARKSIDE ROAD,,LEEDS,LEEDS,WEST YORKSHIRE,A,A
{36A61A95-636A-DEF2-E063-4704A8C046AE},70000,2024-10-28 00:00,NE6 4XH,T,N,F,28,,CAIRNSMORE CLOSE,,NEWCASTLE UPON TYNE,NEWCASTLE UPON TYNE,TYNE AND WEAR,B,A
{38EDC0C3-6E53-0F63-E063-4704A8C00424},240000,2024-12-18 00:00,CF24 4LJ,T,N,F,85,,LISVANE STREET,,CARDIFF,CARDIFF,CARDIFF,A,A
{36A61A95-3665-DEF2-E063-4704A8C046AE},161000,2024-09-16 00:00,LS6 4AQ,F,N,L,BRIDGEWATER COURT,34,GROVE LANE,,LEEDS,LEEDS,WEST YORKSHIRE,A,A
{2D4D7609-92F5-BDF9-E063-4804A8C0672F},292000,2024-12-16 00:00,NE6 5NS,T,N,F,6,,FALMOUTH ROAD,,NEWCASTLE UPON TYNE,NEWCASTLE UPON TYNE,TYNE AND WEAR,A,A
{2D4D7609-962C-BDF9-E063-4804A8C0672F},100000,2024-12-19 00:00,NE6 2DD,S,N,F,202,,AYTON STREET,,NEWCASTLE UPON TYNE,NEWCASTLE UPON TYNE,TYNE AND WEAR,A,A
{2D4D7609-9630-BDF9-E063-4804A8C0672F},239950,2024-11-28 00:00,NE6 4PP,T,N,F,2,,LABURNUM AVENUE,,NEWCASTLE UPON TYNE,NEWCASTLE UPON TYNE,TYNE AND WEAR,A,A
{36A61A95-57EB-DEF2-E063-4704A8C046AE},151000,2024-09-06 00:00,NG7 6LR,T,N,F,95,,EXETER ROAD,,NOTTINGHAM,CITY OF NOTTINGHAM,CITY OF NOTTINGHAM,B,A
{402A3A66-A8F4-A7DF-E063-4804A8C0B80D},405000,2024-11-28 00:00,LS6 2AE,F,Y,L,"BELMONT HOUSE, 20",6,WOOD LANE,HEADINGLEY,LEEDS,LEEDS,WEST YORKSHIRE,A,A
{402A3A66-1C26-A7DF-E063-4804A8C0B80D},255000,2024-11-15 00:00,L15 7JB,S,N,L,23,,NOOK RISE,,LIVERPOOL,LIVERPOOL,MERSEYSIDE,A,A
{2D4D7609-9325-BDF9-E063-4804A8C0672F},130000,2024-06-03 00:00,NE6 3RT,T,N,F,80,,EVISTONES GARDENS,,NEWCASTLE UPON TYNE,NEWCASTLE UPON TYNE,TYNE AND WEAR,A,A
{36A61A95-545B-DEF2-E063-4704A8C046AE},20000,2024-04-09 00:00,L15 4LL,O,N,L,172,,PICTON ROAD,WAVERTREE,LIVERPOOL,LIVERPOOL,MERSEYSIDE,B,A
{36A61A95-5811-DEF2-E063-4704A8C046AE},65000,2024-08-20 00:00,NG7 2JY,F,N,L,55,,MONTPELIER ROAD,,NOTTINGHAM,CITY OF NOTTINGHAM,CITY OF NOTTINGHAM,B,A
{36A61A95-5825-DEF2-E063-4704A8C046AE},770000,2024-08-08 00:00,NG7 4DT,D,N,F,12,,BURNS STREET,,NOTTINGHAM,CITY OF NOTTINGHAM,CITY OF NOTTINGHAM,B,A
{36A61A95-5827-DEF2-E063-4704A8C046AE},146500,2024-04-19 00:00,NG7 7JU,S,N,F,105,,GAWTHORNE STREET,,NOTTINGHAM,CITY OF NOTTINGHAM,CITY OF NOTTINGHAM,B,A
{36A61A95-5853-DEF2-E063-4704A8C046AE},215000,2024-11-20 00:00,NG7 1RU,F,N,L,PARK ROCK,APARTMENT 1D,CASTLE BOULEVARD,,NOTTINGHAM,CITY OF NOTTINGHAM,CITY OF NOTTINGHAM,B,A
{402A3A66-9F1C-A7DF-E063-4804A8C0B80D},222500,2024-10-31 00:00,LS6 4ES,T,N,F,42,,WILTON GROVE,,LEEDS,LEEDS,WEST YORKSHIRE,A,A
{36A61A95-63CF-DEF2-E063-4704A8C046AE},175000,2024-07-10 00:00,NE6 4HA,S,N,L,75,,SCROGG ROAD,WALKER,NEWCASTLE UPON TYNE,NEWCASTLE UPON TYNE,TYNE AND WEAR,B,A
{402A3A66-A8F7-A7DF-E063-4804A8C0B80D},365000,2024-11-28 00:00,LS6 2AE,F,Y,L,"BELMONT HOUSE, 20",3,WOOD LANE,HEADINGLEY,LEEDS,LEEDS,WEST YORKSHIRE,A,A
{402A3A66-A917-A7DF-E063-4804A8C0B80D},350000,2024-11-27 00:00,LS6 2AE,F,Y,L,"BELMONT HOUSE, 20",5,WOOD LANE,HEADINGLEY,LEEDS,LEEDS,WEST YORKSHIRE,A,A
{402A3A66-1D9D-A7DF-E063-4804A8C0B80D},286000,2024-11-08 00:00,L15 7LS,T,N,L,4,,HEYWOOD ROAD,,LIVERPOOL,LIVERPOOL,MERSEYSIDE,A,A
{36A61A95-50CB-DEF2-E063-4704A8C046AE},170000,2024-03-28 00:00,M1 2BL,F,N,L,40,APARTMENT 027,HILTON STREET,,MANCHESTER,MANCHESTER,GREATER MANCHESTER,B,A
{2D4D7609-9344-BDF9-E063-4804A8C0672F},269950,2024-04-26 00:00,NE6 4TS,T,N,F,6,,PEARTREE GARDENS,,NEWCASTLE UPON TYNE,NEWCASTLE UPON TYNE,TYNE AND WEAR,A,A
{402A3A66-A925-A7DF-E063-4804A8C0B80D},350000,2024-12-06 00:00,LS6 2AE,F,Y,L,"BELMONT HOUSE, 20",9,WOOD LANE,HEADINGLEY,LEEDS,LEEDS,WEST YORKSHIRE,A,A
{402A3A66-A929-A7DF-E063-4804A8C0B80D},297000,2024-12-18 00:00,LS6 2BA,F,Y,L,"COACH HOUSE APARTMENTS, 24",5,WOOD LANE,HEADINGLEY,LEEDS,LEEDS,WEST YORKSHIRE,A,A
{402A3A66-A92A-A7DF-E063-4804A8C0B80D},345000,2024-12-06 00:00,LS6 2AE,F,Y,L,"BELMONT HOUSE, 20",8,WOOD LANE,HEADINGLEY,LEEDS,LEEDS,WEST YORKSHIRE,A,A
{402A3A66-A92B-A7DF-E063-4804A8C0B80D},350000,2024-12-06 00:00,LS6 2AE,F,Y,L,"BELMONT HOUSE, 20",4,WOOD LANE,HEADINGLEY,LEEDS,LEEDS,WEST YORKSHIRE,A,A
{2D4D7609-9366-BDF9-E063-4804A8C0672F},147500,2024-12-11 00:00,NE6 5BH,F,N,L,102,,HOTSPUR STREET,,NEWCASTLE UPON TYNE,NEWCASTLE UPON TYNE,TYNE AND WEAR,A,A
{2D4D7609-96A8-BDF9-E063-4804A8C0672F},280000,2024-12-12 00:00,CF24 4JL,T,N,F,51,,MERTHYR STREET,CATHAYS,CARDIFF,CARDIFF,CARDIFF,A,A
{2D4D7609-96B1-BDF9-E063-4804A8C0672F},240000,2024-10-21 00:00,CF24 2NZ,T,N,F,46,,WILSON STREET,,CARDIFF,CARDIFF,CARDIFF,A,A
{402A3A66-A951-A7DF-E063-4804A8C0B80D},750000,2024-12-04 00:00,LS6 2BA,F,Y,L,"BRAY HOUSE, 22",7,WOOD LANE,HEADINGLEY,LEEDS,LEEDS,WEST YORKSHIRE,A,A
{402A3A66-3404-A7DF-E063-4804A8C0B80D},156000,2024-12-10 00:00,NG7 7EZ,S,N,F,59,,SILVERDALE ROAD,,NOTTINGHAM,CITY OF NOTTINGHAM,CITY OF NOTTINGHAM,A,A
{2D4D7609-93AC-BDF9-E063-4804A8C0672F},395000,2024-12-13 00:00,NE6 5YA,T,N,F,15,,BALMORAL TERRACE,HEATON,NEWCASTLE UPON TYNE,NEWCASTLE UPON TYNE,TYNE AND WEAR,A,A
{2D4D7609-93B4-BDF9-E063-4804A8C0672F},116000,2024-08-02 00:00,NE6 4QN,F,N,L,772,,SHIELDS ROAD,,NEWCASTLE UPON TYNE,NEWCASTLE UPON TYNE,TYNE AND WEAR,A,A
{2D4D7609-96E1-BDF9-E063-4804A8C0672F},238000,2024-12-11 00:00,CF24 0JZ,T,N,F,44,,METAL STREET,,CARDIFF,CARDIFF,CARDIFF,A,A
{2D4D7609-96EE-BDF9-E063-4804A8C0672F},285500,2024-12-20 00:00,CF24 4QU,T,N,F,28,,TEWKESBURY PLACE,,CARDIFF,CARDIFF,CARDIFF,A,A
{2D4D7609-96EF-BDF9-E063-4804A8C0672F},291500,2024-08-02 00:00,CF24 4QN,T,N,F,103,,DOGFIELD STREET,,CARDIFF,CARDIFF,CARDIFF,A,A
{2D4D7609-96F0-BDF9-E063-4804A8C0672F},325000,2024-12-19 00:00,CF24 4LA,T,N,F,4,,GELLIGAER STREET,,CARDIFF,CARDIFF,CARDIFF,A,A
{2D4D7609-96F1-BDF9-E063-4804A8C0672F},357500,2024-12-13 00:00,CF24 4LD,T,N,F,51,,GELLIGAER STREET,,CARDIFF,CARDIFF,CARDIFF,A,A
{2D4D7609-96F2-BDF9-E063-4804A8C0672F},325000,2024-12-20 00:00,CF24 4LL,T,N,F,14,,LISVANE STREET,,CARDIFF,CARDIFF,CARDIFF,A,A
{38EDC0C3-1843-0F63-E063-4704A8C00424},218000,2024-12-20 00:00,M1 2HS,F,N,L,57,4.18,DALE STREET,,MANCHESTER,MANCHESTER,GREATER MANCHESTER,A,A
{402A3A66-A98E-A7DF-E063-4804A8C0B80D},310000,2024-12-16 00:00,LS6 2BA,F,Y,L,"BRAY HOUSE, 22",4,WOOD LANE,HEADINGLEY,LEEDS,LEEDS,WEST YORKSHIRE,A,A
{402A3A66-A9D8-A7DF-E063-4804A8C0B80D},475000,2024-12-06 00:00,LS6 2AE,F,Y,L,"BELMONT HOUSE, 20",1,WOOD LANE,HEADINGLEY,LEEDS,LEEDS,WEST YORKSHIRE,A,A
{402A3A66-A9DD-A7DF-E063-4804A8C0B80D},285000,2024-08-13 00:00,LS6 3NR,S,N,F,5,,FOXCROFT GREEN,,LEEDS,LEEDS,WEST YORKSHIRE,A,A
{42C129E4-CD4B-60A9-E063-4804A8C0C25D},500000,2024-10-23 00:00,M1 3AW,F,N,L,"LINTER BUILDING, 44",FLAT 1101,WHITWORTH STREET,,MANCHESTER,MANCHESTER,GREATER MANCHESTER,A,A
{42C129E4-CD7E-60A9-E063-4804A8C0C25D},129000,2024-11-04 00:00,M14 5SA,F,N,L,"MARTIN HOUSE, 4",FLAT 4,CONYNGHAM ROAD,,MANCHESTER,MANCHESTER,GREATER MANCHESTER,A,A
{2D4D7609-90D8-BDF9-E063-4804A8C0672F},106000,2024-11-26 00:00,NE6 3UH,T,N,F,1603,,WALKER ROAD,,NEWCASTLE UPON TYNE,NEWCASTLE UPON TYNE,TYNE AND WEAR,A,A
{402A3A66-1FF9-A7DF-E063-4804A8C0B80D},75000,2024-10-11 00:00,L15 0HN,T,N,F,27,,BARTLETT STREET,,LIVERPOOL,LIVERPOOL,MERSEYSIDE,A,A
{42C129E4-CDB3-60A9-E063-4804A8C0C25D},347550,2024-08-09 00:00,M1 5LQ,F,Y,L,42,FLAT 2708,GREAT BRIDGEWATER STREET,,MANCHESTER,MANCHESTER,GREATER MANCHESTER,A,A
{42C129E4-CDB4-60A9-E063-4804A8C0C25D},475300,2024-07-22 00:00,M1 5LQ,F,Y,L,42,FLAT 2905,GREAT BRIDGEWATER STREET,,MANCHESTER,MANCHESTER,GREATER MANCHESTER,A,A
{42C129E4-CDB6-60A9-E063-4804A8C0C25D},294479,2024-07-31 00:00,M1 5LQ,F,Y,L,42,FLAT 2607,GREAT BRIDGEWATER STREET,,MANCHESTER,MANCHESTER,GREATER MANCHESTER,A,A
{42C129E4-CDB7-60A9-E063-4804A8C0C25D},426539,2024-07-31 00:00,M1 5LR,F,Y,L,42,FLAT 3206,GREAT BRIDGEWATER STREET,,MANCHESTER,BOLTON,GREATER MANCHESTER,A,A
{42C129E4-CDB8-60A9-E063-4804A8C0C25D},478485,2024-06-13 00:00,M1 5LQ,F,Y,L,42,FLAT 2804,GREAT BRIDGEWATER STREET,,MANCHESTER,MANCHESTER,GREATER MANCHESTER,A,A
{42C129E4-CDBA-60A9-E063-4804A8C0C25D},286922,2024-08-01 00:00,M1 5LQ,F,Y,L,42,FLAT 2508,GREAT BRIDGEWATER STREET,,MANCHESTER,MANCHESTER,GREATER MANCHESTER,A,A
{2D4D7609-93F6-BDF9-E063-4804A8C0672F},180000,2024-12-02 00:00,NE6 4PH,S,N,L,50,,BROOMFIELD AVENUE,,NEWCASTLE UPON TYNE,NEWCASTLE UPON TYNE,TYNE AND WEAR,A,A
{38EDC0C3-1489-0F63-E063-4704A8C00424},152000,2024-12-23 00:00,M1 1EU,F,N,L,72 - 76,APARTMENT 29,NEWTON STREET,,MANCHESTER,MANCHESTER,GREATER MANCHESTER,A,A
{38EDC0C3-1F19-0F63-E063-4704A8C00424},78750,2024-04-05 00:00,L15 8AH,F,N,L,1,,LARCH GROVE,,LIVERPOOL,LIVERPOOL,MERSEYSIDE,A,A
{2D4D7609-9746-BDF9-E063-4804A8C0672F},278000,2024-12-09 00:00,CF24 2LQ,T,N,F,150,,MOORLAND ROAD,,CARDIFF,CARDIFF,CARDIFF,A,A
{2D4D7609-9959-BDF9-E063-4804A8C0672F},202000,2024-12-09 00:00,CF24 2LW,T,N,F,28,,HORWOOD CLOSE,,CARDIFF,CARDIFF,CARDIFF,A,A
{42C129E4-B4AE-60A9-E063-4804A8C0C25D},315000,2024-11-21 00:00,L15 7LH,S,N,F,92,,WAVERTREE NOOK ROAD,,LIVERPOOL,LIVERPOOL,MERSEYSIDE,A,A
{402A3A66-2029-A7DF-E063-4804A8C0B80D},282000,2024-12-17 00:00,L15 6UQ,S,N,F,42,,DAFFODIL ROAD,,LIVERPOOL,LIVERPOOL,MERSEYSIDE,A,A
{42C129E4-CDBD-60A9-E063-4804A8C0C25D},326697,2024-07-22 00:00,M1 5LQ,F,Y,L,42,FLAT 2809,GREAT BRIDGEWATER STREET,,MANCHESTER,MANCHESTER,GREATER MANCHESTER,A,A
{42C129E4-CDBF-60A9-E063-4804A8C0C25D},484806,2024-07-24 00:00,M1 5LR,F,Y,L,42,FLAT 3203,GREAT BRIDGEWATER STREET,,MANCHESTER,MANCHESTER,GREATER MANCHESTER,A,A
{42C129E4-CDC0-60A9-E063-4804A8C0C25D},396047,2024-08-02 00:00,M1 5LP,F,Y,L,42,FLAT 1806,GREAT BRIDGEWATER STREET,,MANCHESTER,MANCHESTER,GREATER MANCHESTER,B,A
{42C129E4-CDC1-60A9-E063-4804A8C0C25D},424000,2024-07-31 00:00,M1 5LQ,F,Y,L,42,FLAT 2901,GREAT BRIDGEWATER STREET,,MANCHESTER,MANCHESTER,GREATER MANCHESTER,A,A
{42C129E4-CDC2-60A9-E063-4804A8C0C25D},507150,2024-07-31 00:00,M1 5LR,F,Y,L,42,FLAT 3302,GREAT BRIDGEWATER STREET,,MANCHESTER,MANCHESTER,GREATER MANCHESTER,A,A
{42C129E4-CDC5-60A9-E063-4804A8C0C25D},286794,2024-06-07 00:00,M1 5LP,F,Y,L,42,FLAT 2307,GREAT BRIDGEWATER STREET,,MANCHESTER,MANCHESTER,GREATER MANCHESTER,A,A
{42C129E4-CDC8-60A9-E063-4804A8C0C25D},410620,2024-08-09 00:00,M1 5LJ,F,Y,L,42,FLAT 1103,GREAT BRIDGEWATER STREET,,MANCHESTER,MANCHESTER,GREATER MANCHESTER,A,A
{42C129E4-CDCE-60A9-E063-4804A8C0C25D},470547,2024-07-30 00:00,M1 5LQ,F,Y,L,42,FLAT 2603,GREAT BRIDGEWATER STREET,,MANCHESTER,MANCHESTER,GREATER MANCHESTER,B,A
{42C129E4-CDCF-60A9-E063-4804A8C0C25D},423920,2024-08-07 00:00,M1 5LQ,F,Y,L,42,FLAT 2701,GREAT BRIDGEWATER STREET,,MANCHESTER,MANCHESTER,GREATER MANCHESTER,B,A
{42C129E4-CDD4-60A9-E063-4804A8C0C25D},287100,2024-06-13 00:00,M1 5LP,F,Y,L,42,FLAT 2407,GREAT BRIDGEWATER STREET,,MANCHESTER,MANCHESTER,GREATER MANCHESTER,A,A
{42C129E4-CDD5-60A9-E063-4804A8C0C25D},351382,2024-08-06 00:00,M1 5LR,F,Y,L,42,FLAT 3609,GREAT BRIDGEWATER STREET,,MANCHESTER,MANCHESTER,GREATER MANCHESTER,A,A
{42C129E4-CDDC-60A9-E063-4804A8C0C25D},239445,2024-09-16 00:00,M1 5LG,F,Y,L,42,FLAT 204,GREAT BRIDGEWATER STREET,,MANCHESTER,MANCHESTER,GREATER MANCHESTER,A,A
{42C129E4-EEB5-60A9-E063-4804A8C0C25D},155000,2024-11-22 00:00,NG7 2HL,S,N,F,10,,WATERSIDE GARDENS,,NOTTINGHAM,CITY OF NOTTINGHAM,CITY OF NOTTINGHAM,A,A
{2D4D7609-9417-BDF9-E063-4804A8C0672F},147000,2024-12-18 00:00,NE6 5LW,F,N,L,114,,TOSSON TERRACE,,NEWCASTLE UPON TYNE,NEWCASTLE UPON TYNE,TYNE AND WEAR,A,A
{402A3A66-77BA-A7DF-E063-4804A8C0B80D},260000,2024-11-19 00:00,NE6 4PA,S,N,F,33,,APPLETREE GARDENS,,NEWCASTLE UPON TYNE,NEWCASTLE UPON TYNE,TYNE AND WEAR,A,A
{402A3A66-7881-A7DF-E063-4804A8C0B80D},165000,2024-11-15 00:00,NE6 5XX,T,N,F,58,,NINTH AVENUE,,NEWCASTLE UPON TYNE,NEWCASTLE UPON TYNE,TYNE AND WEAR,A,A
{2D4D7609-9432-BDF9-E063-4804A8C0672F},80000,2024-11-29 00:00,NE6 3LH,F,N,L,18,,THE OVAL,WALKER,NEWCASTLE UPON TYNE,NEWCASTLE UPON TYNE,TYNE AND WEAR,A,A
{2D4D7609-9433-BDF9-E063-4804A8C0672F},80000,2024-11-29 00:00,NE6 3LH,F,N,F,20,,THE OVAL,WALKER,NEWCASTLE UPON TYNE,NEWCASTLE UPON TYNE,TYNE AND WEAR,A,A
{2D4D7609-976D-BDF9-E063-4804A8C0672F},225000,2024-10-07 00:00,CF24 4SD,T,N,F,5,,DALCROSS STREET,,CARDIFF,CARDIFF,CARDIFF,A,A
{38EDC0C3-1F57-0F63-E063-4704A8C00424},205000,2024-06-07 00:00,L15 5AT,T,N,F,6,,PATTERDALE ROAD,,LIVERPOOL,LIVERPOOL,MERSEYSIDE,A,A
{402A3A66-A554-A7DF-E063-4804A8C0B80D},159000,2024-10-18 00:00,LS6 3JU,T,N,F,14,,GRIMTHORPE STREET,,LEEDS,LEEDS,WEST YORKSHIRE,A,A
{402A3A66-20B2-A7DF-E063-4804A8C0B80D},285000,2024-09-11 00:00,L15 7JB,T,N,F,18,,NOOK RISE,,LIVERPOOL,LIVERPOOL,MERSEYSIDE,A,A
{42C129E4-CDDE-60A9-E063-4804A8C0C25D},273333,2024-06-26 00:00,M1 5LJ,F,Y,L,42,FLAT 1209,GREAT BRIDGEWATER STREET,,MANCHESTER,MANCHESTER,GREATER MANCHESTER,A,A
{42C129E4-CDDF-60A9-E063-4804A8C0C25D},449280,2024-06-19 00:00,M1 5LP,F,Y,L,42,FLAT 2205,GREAT BRIDGEWATER STREET,,MANCHESTER,MANCHESTER,GREATER MANCHESTER,A,A
{42C129E4-CDE2-60A9-E063-4804A8C0C25D},316425,2024-08-09 00:00,M1 5LR,F,Y,L,42,FLAT 3209,GREAT BRIDGEWATER STREET,,MANCHESTER,MANCHESTER,GREATER MANCHESTER,A,A
{42C129E4-CDE3-60A9-E063-4804A8C0C25D},489020,2024-07-11 00:00,M1 5LR,F,Y,L,42,FLAT 3505,GREAT BRIDGEWATER STREET,,MANCHESTER,MANCHESTER,GREATER MANCHESTER,A,A
{42C129E4-CDE5-60A9-E063-4804A8C0C25D},378330,2024-09-10 00:00,M1 5LG,F,Y,L,42,FLAT 601,GREAT BRIDGEWATER STREET,,MANCHESTER,MANCHESTER,GREATER MANCHESTER,B,A
{42C129E4-CDE6-60A9-E063-4804A8C0C25D},379233,2024-09-06 00:00,M1 5LP,F,Y,L,42,FLAT 2210,GREAT BRIDGEWATER STREET,,MANCHESTER,MANCHESTER,GREATER MANCHESTER,B,A
{42C129E4-CDE7-60A9-E063-4804A8C0C25D},430000,2024-09-23 00:00,M1 5LR,F,Y,L,42,FLAT 3506,GREAT BRIDGEWATER STREET,,MANCHESTER,MANCHESTER,GREATER MANCHESTER,A,A
{42C129E4-CDE8-60A9-E063-4804A8C0C25D},387298,2024-08-02 00:00,M1 5LP,F,Y,L,42,FLAT 2310,GREAT BRIDGEWATER STREET,,MANCHESTER,MANCHESTER,GREATER MANCHESTER,A,A
{42C129E4-CDE9-60A9-E063-4804A8C0C25D},442468,2024-08-02 00:00,M1 5LR,F,Y,L,42,FLAT 3501,GREAT BRIDGEWATER STREET,,MANCHESTER,MANCHESTER,GREATER MANCHESTER,A,A
{42C129E4-CDEA-60A9-E063-4804A8C0C25D},405720,2024-07-19 00:00,M1 5LG,F,Y,L,42,FLAT 903,GREAT BRIDGEWATER STREET,,MANCHESTER,MANCHESTER,GREATER MANCHESTER,A,A
{42C129E4-CDED-60A9-E063-4804A8C0C25D},405072,2024-09-24 00:00,M1 5LG,F,Y,L,42,FLAT 805,GREAT BRIDGEWATER STREET,,MANCHESTER,MANCHESTER,GREATER MANCHESTER,A,A
{42C129E4-CDEE-60A9-E063-4804A8C0C25D},491862,2024-07-04 00:00,M1 5LQ,F,Y,L,42,FLAT 3102,GREAT BRIDGEWATER STREET,,MANCHESTER,MANCHESTER,GREATER MANCHESTER,A,A
{42C129E4-CDEF-60A9-E063-4804A8C0C25D},334719,2024-09-26 00:00,M1 5LP,F,Y,L,42,FLAT 2209,GREAT BRIDGEWATER STREET,,MANCHESTER,MANCHESTER,GREATER MANCHESTER,A,A
{42C129E4-CDF1-60A9-E063-4804A8C0C25D},420000,2024-06-07 00:00,M1 5LJ,F,Y,L,42,FLAT 1501,GREAT BRIDGEWATER STREET,,MANCHESTER,MANCHESTER,GREATER MANCHESTER,A,A
{42C129E4-D6E9-60A9-E063-4804A8C0C25D},290000,2024-11-25 00:00,L15 7JF,T,N,L,32,,ABBEYSTEAD ROAD,,LIVERPOOL,LIVERPOOL,MERSEYSIDE,A,A
{42C129E4-EF7F-60A9-E063-4804A8C0C25D},151760,2024-10-22 00:00,NG7 4DG,F,N,L,ARAGON COURT,FLAT 6,RALEIGH STREET,,NOTTINGHAM,CITY OF NOTTINGHAM,CITY OF NOTTINGHAM,A,A
{42C129E4-EFDF-60A9-E063-4804A8C0C25D},130000,2024-11-15 00:00,NG7 1LU,F,N,L,PARK WEST,APARTMENT 82,DERBY ROAD,,NOTTINGHAM,CITY OF NOTTINGHAM,CITY OF NOTTINGHAM,B,A
{42C129E4-F020-60A9-E063-4804A8C0C25D},102000,2024-09-25 00:00,NG7 5PP,F,N,L,BROOK COURT,APARTMENT 25,PLAYER STREET,,NOTTINGHAM,CITY OF NOTTINGHAM,CITY OF NOTTINGHAM,B,A
{2D4D7609-914B-BDF9-E063-4804A8C0672F},144000,2024-12-18 00:00,NE6 3EE,S,N,F,5,,HIGHFIELD TERRACE,,NEWCASTLE UPON TYNE,NEWCASTLE UPON TYNE,TYNE AND WEAR,A,A
{2D4D7609-914E-BDF9-E063-4804A8C0672F},164500,2024-08-16 00:00,NE6 5EA,F,N,L,148,,TOSSON TERRACE,,NEWCASTLE UPON TYNE,NEWCASTLE UPON TYNE,TYNE AND WEAR,A,A
{2D4D7609-9159-BDF9-E063-4804A8C0672F},265000,2024-09-06 00:00,NE6 5NX,T,N,F,95,,CARDIGAN TERRACE,,NEWCASTLE UPON TYNE,NEWCASTLE UPON TYNE,TYNE AND WEAR,A,A
{2D4D7609-9168-BDF9-E063-4804A8C0672F},130000,2024-12-19 00:00,NE6 5DX,F,N,F,141,,WARTON TERRACE,,NEWCASTLE UPON TYNE,NEWCASTLE UPON TYNE,TYNE AND WEAR,B,A
{402A3A66-78B6-A7DF-E063-4804A8C0B80D},190150,2024-11-01 00:00,NE6 5DX,F,N,L,228,,WARTON TERRACE,,NEWCASTLE UPON TYNE,NEWCASTLE UPON TYNE,TYNE AND WEAR,A,A
{402A3A66-7951-A7DF-E063-4804A8C0B80D},89000,2024-10-31 00:00,NE6 2QE,T,N,F,39,,LEICESTER STREET,,NEWCASTLE UPON TYNE,NEWCASTLE UPON TYNE,TYNE AND WEAR,A,A
{2D4D7609-9474-BDF9-E063-4804A8C0672F},175000,2024-11-27 00:00,NE6 5UT,F,N,L,8,,ALLERTON GARDENS,,NEWCASTLE UPON TYNE,NEWCASTLE UPON TYNE,TYNE AND WEAR,A,A
{2D4D7609-979F-BDF9-E063-4804A8C0672F},237000,2024-12-12 00:00,CF24 4RY,T,N,F,195,,INVERNESS PLACE,,CARDIFF,CARDIFF,CARDIFF,A,A
{402A3A66-79DA-A7DF-E063-4804A8C0B80D},42000,2024-09-18 00:00,NE6 2RX,F,N,L,195,,SCARBOROUGH ROAD,,NEWCASTLE UPON TYNE,NEWCASTLE UPON TYNE,TYNE AND WEAR,B,A
{38EDC0C3-1635-0F63-E063-4704A8C00424},200000,2024-01-26 00:00,M1 6JB,F,Y,L,115,FLAT 205,PRINCESS STREET,,MANCHESTER,MANCHESTER,GREATER MANCHESTER,A,A
{42C129E5-59D3-60A9-E063-4804A8C0C25D},225000,2024-12-11 00:00,LS6 3DR,S,N,F,30,,GREYSHIELS AVENUE,,LEEDS,LEEDS,WEST YORKSHIRE,A,A
{402A3A66-7A31-A7DF-E063-4804A8C0B80D},123000,2024-07-11 00:00,NE6 5XR,T,N,F,26,,KING JOHN STREET,,NEWCASTLE UPON TYNE,NEWCASTLE UPON TYNE,TYNE AND WEAR,A,A
{2D4D7609-917F-BDF9-E063-4804A8C0672F},45000,2024-08-23 00:00,NE6 2JL,F,N,L,4,,DUNMORLIE STREET,,NEWCASTLE UPON TYNE,NEWCASTLE UPON TYNE,TYNE AND WEAR,B,A
{2D4D7609-9189-BDF9-E063-4804A8C0672F},132500,2024-12-18 00:00,NE6 5NY,F,N,L,37,,MOWBRAY STREET,,NEWCASTLE UPON TYNE,NEWCASTLE UPON TYNE,TYNE AND WEAR,A,A
{2D4D7609-919A-BDF9-E063-4804A8C0672F},40000,2024-08-22 00:00,NE6 2RX,F,N,F,221,,SCARBOROUGH ROAD,,NEWCASTLE UPON TYNE,NEWCASTLE UPON TYNE,TYNE AND WEAR,B,A
{2D4D7609-919F-BDF9-E063-4804A8C0672F},240000,2024-12-20 00:00,NE6 5AQ,T,N,F,41,,WARWICK STREET,,NEWCASTLE UPON TYNE,NEWCASTLE UPON TYNE,TYNE AND WEAR,A,A
{2D4D7609-91A4-BDF9-E063-4804A8C0672F},234000,2024-12-19 00:00,NE6 5UJ,S,N,F,39,,CRAYTHORNE GARDENS,,NEWCASTLE UPON TYNE,NEWCASTLE UPON TYNE,TYNE AND WEAR,A,A
{2D4D7609-9499-BDF9-E063-4804A8C0672F},198000,2024-12-12 00:00,NE6 2US,S,N,F,69,,LAWSON CLOSE,,NEWCASTLE UPON TYNE,NEWCASTLE UPON TYNE,TYNE AND WEAR,A,A
{2D4D7609-94A1-BDF9-E063-4804A8C0672F},365000,2024-07-05 00:00,NE6 1LP,T,N,L,22,,MALING STREET,,NEWCASTLE UPON TYNE,NEWCASTLE UPON TYNE,TYNE AND WEAR,A,A
{402A3A66-7AA3-A7DF-E063-4804A8C0B80D},86000,2024-11-11 00:00,NE6 4LE,F,N,L,69,,WEARDALE AVENUE,WALKER,NEWCASTLE UPON TYNE,NEWCASTLE UPON TYNE,TYNE AND WEAR,A,A
{402A3A66-7AB1-A7DF-E063-4804A8C0B80D},196000,2024-08-22 00:00,NE6 5HY,F,N,L,30,,HEATON PARK VIEW,,NEWCASTLE UPON TYNE,NEWCASTLE UPON TYNE,TYNE AND WEAR,A,A
{402A3A66-7AC9-A7DF-E063-4804A8C0B80D},158000,2024-05-10 00:00,NE6 4SS,S,N,F,1080,,SHIELDS ROAD,,NEWCASTLE UPON TYNE,NEWCASTLE UPON TYNE,TYNE AND WEAR,A,A
{402A3A66-7ACA-A7DF-E063-4804A8C0B80D},195000,2024-08-30 00:00,NE6 1BH,T,N,F,22,,CHURCHILL MEWS,,NEWCASTLE UPON TYNE,NEWCASTLE UPON TYNE,TYNE AND WEAR,A,A
{402A3A66-2342-A7DF-E063-4804A8C0B80D},182500,2024-08-27 00:00,NE6 4RR,S,N,F,144,,WHINNEYFIELD ROAD,,NEWCASTLE UPON TYNE,NEWCASTLE UPON TYNE,TYNE AND WEAR,A,A
{402A3A66-7B3C-A7DF-E063-4804A8C0B80D},123000,2024-07-11 00:00,NE6 5XR,T,N,L,28,,KING JOHN STREET,,NEWCASTLE UPON TYNE,NEWCASTLE UPON TYNE,TYNE AND WEAR,A,A
{42C129E5-32D2-60A9-E063-4804A8C0C25D},345000,2024-11-22 00:00,NE6 5TS,T,N,F,110,,DEBDON GARDENS,,NEWCASTLE UPON TYNE,NEWCASTLE UPON TYNE,TYNE AND WEAR,A,A
{42C129E5-32E3-60A9-E063-4804A8C0C25D},156500,2024-09-16 00:00,NE6 4LH,S,N,F,50,,BLACKWELL AVENUE,,NEWCASTLE UPON TYNE,NEWCASTLE UPON TYNE,TYNE AND WEAR,B,A
{3B5CE841-F31C-EE3A-E063-4804A8C0D6F1},365555,2024-06-10 00:00,M1 5LG,F,N,L,42,FLAT 406,GREAT BRIDGEWATER STREET,,MANCHESTER,MANCHESTER,GREATER MANCHESTER,A,A
{42C129E5-33C9-60A9-E063-4804A8C0C25D},190500,2024-10-11 00:00,NE6 5TE,F,N,L,8,,DANBY GARDENS,,NEWCASTLE UPON TYNE,NEWCASTLE UPON TYNE,TYNE AND WEAR,A,A
{42C129E5-33D2-60A9-E063-4804A8C0C25D},35000,2024-09-27 00:00,NE6 2JD,F,N,L,51,,CANTERBURY STREET,,NEWCASTLE UPON TYNE,NEWCASTLE UPON TYNE,TYNE AND WEAR,A,A
{42C129E5-33EA-60A9-E063-4804A8C0C25D},212500,2024-11-08 00:00,NE6 5AQ,T,N,F,18,,WARWICK STREET,,NEWCASTLE UPON TYNE,NEWCASTLE UPON TYNE,TYNE AND WEAR,A,A
{42C129E5-3403-60A9-E063-4804A8C0C25D},235000,2024-12-05 00:00,NE6 5DD,F,N,L,205,,ROTHBURY TERRACE,,NEWCASTLE UPON TYNE,NEWCASTLE UPON TYNE,TYNE AND WEAR,A,A
{38EDC0C3-16A1-0F63-E063-4704A8C00424},195000,2024-07-04 00:00,M14 6PW,T,N,F,142,,BRAEMAR ROAD,,MANCHESTER,MANCHESTER,GREATER MANCHESTER,A,A
{38EDC0C3-16B0-0F63-E063-4704A8C00424},419000,2024-07-19 00:00,M1 5LG,F,N,L,42,FLAT 705,GREAT BRIDGEWATER STREET,,MANCHESTER,MANCHESTER,GREATER MANCHESTER,A,A
{38EDC0C3-16C9-0F63-E063-4704A8C00424},395000,2024-06-18 00:00,M14 6UX,S,N,F,37,,DERBY ROAD,,MANCHESTER,MANCHESTER,GREATER MANCHESTER,A,A
{42C129E5-7C4D-60A9-E063-4804A8C0C25D},295000,2024-12-16 00:00,M14 6TA,T,N,F,23,,TALBOT ROAD,FALLOWFIELD,MANCHESTER,MANCHESTER,GREATER MANCHESTER,B,A
{3DCCB7CA-82E8-5B9D-E063-4704A8C0331E},148835,2024-09-27 00:00,CF24 0EP,T,N,F,34,,AUGUSTA STREET,,CARDIFF,CARDIFF,CARDIFF,A,A
{402A3A66-B497-A7DF-E063-4804A8C0B80D},210000,2024-10-29 00:00,CF24 1PB,T,N,F,35,,THEODORA STREET,,CARDIFF,CARDIFF,CARDIFF,B,A
{42C129E5-940D-60A9-E063-4804A8C0C25D},500000,2024-10-22 00:00,NG7 2DZ,O,N,F,HILLSIDE HOUSE,,DERBY ROAD,,NOTTINGHAM,CITY OF NOTTINGHAM,CITY OF NOTTINGHAM,B,A
{42C129E5-943A-60A9-E063-4804A8C0C25D},3620000,2024-10-29 00:00,NG7 1JX,O,N,F,34,,ALLINGTON AVENUE,,NOTTINGHAM,CITY OF NOTTINGHAM,CITY OF NOTTINGHAM,B,A
{42C129E5-9451-60A9-E063-4804A8C0C25D},367500,2024-11-20 00:00,NG7 2ET,S,N,F,9,,LENTON BOULEVARD,,NOTTINGHAM,CITY OF NOTTINGHAM,CITY OF NOTTINGHAM,B,A
{38EDC0C3-16F1-0F63-E063-4704A8C00424},458850,2024-09-24 00:00,M1 5LP,F,Y,L,42,FLAT 1702,GREAT BRIDGEWATER STREET,,MANCHESTER,MANCHESTER,GREATER MANCHESTER,A,A
{42C129E5-5F06-60A9-E063-4804A8C0C25D},255000,2024-08-29 00:00,LS6 2EN,F,N,L,7,FLAT 3,NORTH HILL ROAD,,LEEDS,LEEDS,WEST YORKSHIRE,A,A
{42C129E5-5F22-60A9-E063-4804A8C0C25D},220000,2024-10-01 00:00,LS6 4RS,F,N,L,6,,SANDLEWOOD COURT,MEANWOOD,LEEDS,LEEDS,WEST YORKSHIRE,A,A
{42C129E5-5F4A-60A9-E063-4804A8C0C25D},145860,2024-12-16 00:00,LS6 2UB,S,N,F,36,,MARIAN TERRACE,,LEEDS,LEEDS,WEST YORKSHIRE,A,A
{42C129E5-7CEE-60A9-E063-4804A8C0C25D},450000,2024-11-12 00:00,M14 6AE,T,N,F,28,,GRANVILLE ROAD,,MANCHESTER,MANCHESTER,GREATER MANCHESTER,B,A
{42C129E5-8B11-60A9-E063-4804A8C0C25D},25000,2024-12-19 00:00,M14 6TL,O,N,F,"THE WHITE SWAN, 13",,GREEN STREET,,MANCHESTER,MANCHESTER,GREATER MANCHESTER,B,A
{42C129E5-8F71-60A9-E063-4804A8C0C25D},4000,2024-09-20 00:00,L15 7NF,O,N,F,62,,QUEENS DRIVE,WAVERTREE,LIVERPOOL,LIVERPOOL,MERSEYSIDE,B,A
{42C129E5-9481-60A9-E063-4804A8C0C25D},730000,2024-10-29 00:00,NG7 2DG,O,N,F,99,,HERON DRIVE,LENTON,NOTTINGHAM,CITY OF NOTTINGHAM,CITY OF NOTTINGHAM,B,A
{42C129E5-9482-60A9-E063-4804A8C0C25D},730000,2024-10-29 00:00,NG7 2DE,O,N,F,36,,HERON DRIVE,LENTON,NOTTINGHAM,CITY OF NOTTINGHAM,CITY OF NOTTINGHAM,B,A
{42C129E5-9485-60A9-E063-4804A8C0C25D},730000,2024-10-29 00:00,NG7 2DH,O,N,F,1,,KITTIWAKE MEWS,LENTON,NOTTINGHAM,CITY OF NOTTINGHAM,CITY OF NOTTINGHAM,B,A
{42C129E5-94AF-60A9-E063-4804A8C0C25D},530000,2024-12-18 00:00,NG7 2ES,O,N,F,12,,LENTON BOULEVARD,,NOTTINGHAM,CITY OF NOTTINGHAM,CITY OF NOTTINGHAM,B,A
{42C129E5-94B8-60A9-E063-4804A8C0C25D},110000,2024-09-30 00:00,NG7 4EQ,F,N,L,38,FLAT 1,FOREST ROAD WEST,,NOTTINGHAM,CITY OF NOTTINGHAM,CITY OF NOTTINGHAM,B,A
{42C129E5-94B9-60A9-E063-4804A8C0C25D},125000,2024-10-11 00:00,NG7 6GB,F,N,L,"THE PAVILION, 3",APARTMENT 23,RUSSELL ROAD,,NOTTINGHAM,CITY OF NOTTINGHAM,CITY OF NOTTINGHAM,B,A
{42C129E5-94C0-60A9-E063-4804A8C0C25D},140000,2024-12-11 00:00,NG7 5BG,T,N,F,3,,BRIDLINGTON STREET,,NOTTINGHAM,CITY OF NOTTINGHAM,CITY OF NOTTINGHAM,B,A
{42C129E5-3655-60A9-E063-4804A8C0C25D},389495,2024-06-28 00:00,NE6 5BP,D,Y,F,72,,GREENHEAD DRIVE,,NEWCASTLE UPON TYNE,NEWCASTLE UPON TYNE,TYNE AND WEAR,A,A
{42C129E5-3656-60A9-E063-4804A8C0C25D},389495,2024-06-28 00:00,NE6 5BP,D,Y,F,88,,GREENHEAD DRIVE,,NEWCASTLE UPON TYNE,NEWCASTLE UPON TYNE,TYNE AND WEAR,A,A
{42C129E5-365A-60A9-E063-4804A8C0C25D},375245,2024-06-28 00:00,NE6 5BQ,D,Y,F,1B,,BENFIELD ROAD,,NEWCASTLE UPON TYNE,NEWCASTLE UPON TYNE,TYNE AND WEAR,A,A
{42C129E5-365B-60A9-E063-4804A8C0C25D},378995,2024-07-25 00:00,NE6 5BP,D,Y,F,84,,GREENHEAD DRIVE,,NEWCASTLE UPON TYNE,NEWCASTLE UPON TYNE,TYNE AND WEAR,A,A
{42C129E5-3666-60A9-E063-4804A8C0C25D},317995,2024-08-09 00:00,NE6 5BP,D,Y,F,70,,GREENHEAD DRIVE,,NEWCASTLE UPON TYNE,NEWCASTLE UPON TYNE,TYNE AND WEAR,A,A
{42C129E5-3667-60A9-E063-4804A8C0C25D},339995,2024-06-21 00:00,NE6 5BP,D,Y,F,76,,GREENHEAD DRIVE,,NEWCASTLE UPON TYNE,NEWCASTLE UPON TYNE,TYNE AND WEAR,A,A
{42C129E5-3668-60A9-E063-4804A8C0C25D},177800,2024-08-30 00:00,NE6 5BP,S,Y,F,56,,GREENHEAD DRIVE,,NEWCASTLE UPON TYNE,NEWCASTLE UPON TYNE,TYNE AND WEAR,A,A
{42C129E5-366A-60A9-E063-4804A8C0C25D},299246,2024-08-30 00:00,NE6 5BP,D,Y,F,66,,GREENHEAD DRIVE,,NEWCASTLE UPON TYNE,NEWCASTLE UPON TYNE,TYNE AND WEAR,A,A
{42C129E5-366F-60A9-E063-4804A8C0C25D},177800,2024-08-30 00:00,NE6 5BP,S,Y,F,62,,GREENHEAD DRIVE,,NEWCASTLE UPON TYNE,NEWCASTLE UPON TYNE,TYNE AND WEAR,A,A
{42C129E5-3673-60A9-E063-4804A8C0C25D},189995,2024-09-27 00:00,NE6 5BP,T,Y,F,50,,GREENHEAD DRIVE,,NEWCASTLE UPON TYNE,NEWCASTLE UPON TYNE,TYNE AND WEAR,A,A
{42C129E5-3676-60A9-E063-4804A8C0C25D},189995,2024-09-27 00:00,NE6 5BP,T,Y,F,46,,GREENHEAD DRIVE,,NEWCASTLE UPON TYNE,NEWCASTLE UPON TYNE,TYNE AND WEAR,A,A
{42C129E5-3677-60A9-E063-4804A8C0C25D},133000,2024-09-27 00:00,NE6 5BP,T,Y,F,38,,GREENHEAD DRIVE,,NEWCASTLE UPON TYNE,NEWCASTLE UPON TYNE,TYNE AND WEAR,A,A
{42C129E5-3678-60A9-E063-4804A8C0C25D},133000,2024-09-27 00:00,NE6 5BP,T,Y,F,40,,GREENHEAD DRIVE,,NEWCASTLE UPON TYNE,NEWCASTLE UPON TYNE,TYNE AND WEAR,A,A
{42C129E5-7D48-60A9-E063-4804A8C0C25D},300000,2024-11-18 00:00,M14 6RB,T,N,F,27,,BOOTH AVENUE,,MANCHESTER,MANCHESTER,GREATER MANCHESTER,B,A
{42C129E5-94CA-60A9-E063-4804A8C0C25D},315000,2024-11-08 00:00,NG7 3ND,O,N,F,13,,CANNING TERRACE,,NOTTINGHAM,CITY OF NOTTINGHAM,CITY OF NOTTINGHAM,B,A
{42C129E5-94D4-60A9-E063-4804A8C0C25D},122000,2024-12-05 00:00,NG7 3GT,F,N,L,9,,TEMPLARS COURT,,NOTTINGHAM,CITY OF NOTTINGHAM,CITY OF NOTTINGHAM,B,A
{42C129E5-94E8-60A9-E063-4804A8C0C25D},178000,2024-11-15 00:00,NG7 4GL,T,N,L,23,,CROMWELL STREET,,NOTTINGHAM,CITY OF NOTTINGHAM,CITY OF NOTTINGHAM,B,A
{42C129E5-94E9-60A9-E063-4804A8C0C25D},312000,2024-10-04 00:00,NG7 2RR,O,N,F,UNIT 11,,POPLARS COURT,,NOTTINGHAM,CITY OF NOTTINGHAM,CITY OF NOTTINGHAM,B,A
{42C129E5-94EA-60A9-E063-4804A8C0C25D},167000,2024-09-27 00:00,NG7 3PE,T,N,F,196,,ALFRETON ROAD,,NOTTINGHAM,CITY OF NOTTINGHAM,CITY OF NOTTINGHAM,B,A
{42C129E5-367A-60A9-E063-4804A8C0C25D},177800,2024-08-30 00:00,NE6 5BP,S,Y,F,60,,GREENHEAD DRIVE,,NEWCASTLE UPON TYNE,NEWCASTLE UPON TYNE,TYNE AND WEAR,A,A
{42C129E5-367D-60A9-E063-4804A8C0C25D},306995,2024-09-27 00:00,NE6 5BP,D,Y,F,68,,GREENHEAD DRIVE,,NEWCASTLE UPON TYNE,NEWCASTLE UPON TYNE,TYNE AND WEAR,A,A
{42C129E5-367E-60A9-E063-4804A8C0C25D},133000,2024-09-27 00:00,NE6 5BP,T,Y,F,36,,GREENHEAD DRIVE,,NEWCASTLE UPON TYNE,NEWCASTLE UPON TYNE,TYNE AND WEAR,A,A
{42C129E5-3681-60A9-E063-4804A8C0C25D},133000,2024-09-27 00:00,NE6 5BP,T,Y,F,42,,GREENHEAD DRIVE,,NEWCASTLE UPON TYNE,NEWCASTLE UPON TYNE,TYNE AND WEAR,A,A
{42C129E5-3683-60A9-E063-4804A8C0C25D},409995,2024-10-28 00:00,NE6 5BP,D,Y,F,64,,GREENHEAD DRIVE,,NEWCASTLE UPON TYNE,NEWCASTLE UPON TYNE,TYNE AND WEAR,A,A
{42C129E5-368A-60A9-E063-4804A8C0C25D},327746,2024-11-08 00:00,NE6 5BP,D,Y,F,54,,GREENHEAD DRIVE,,NEWCASTLE UPON TYNE,NEWCASTLE UPON TYNE,TYNE AND WEAR,A,A
{42C129E5-3694-60A9-E063-4804A8C0C25D},177800,2024-08-30 00:00,NE6 5BP,S,Y,F,58,,GREENHEAD DRIVE,,NEWCASTLE UPON TYNE,NEWCASTLE UPON TYNE,TYNE AND WEAR,A,A
{42C129E5-3698-60A9-E063-4804A8C0C25D},155050,2024-10-22 00:00,NE6 5DU,F,N,L,48,,WHITEFIELD TERRACE,,NEWCASTLE UPON TYNE,NEWCASTLE UPON TYNE,TYNE AND WEAR,A,A
{38EDC0C3-1B47-0F63-E063-4704A8C00424},330000,2024-09-16 00:00,L15 9HF,T,N,F,18,,BEVERLEY ROAD,WAVERTREE,LIVERPOOL,LIVERPOOL,MERSEYSIDE,A,A
{38EDC0C3-2FCF-0F63-E063-4704A8C00424},367500,2024-07-31 00:00,NG7 2DN,S,N,F,320,,DERBY ROAD,,NOTTINGHAM,CITY OF NOTTINGHAM,CITY OF NOTTINGHAM,A,A
{42C129E5-8B9D-60A9-E063-4804A8C0C25D},483840,2024-07-11 00:00,M1 5LR,F,Y,L,42,FLAT 3705,GREAT BRIDGEWATER STREET,,MANCHESTER,MANCHESTER,GREATER MANCHESTER,B,A
{42C129E5-8B9E-60A9-E063-4804A8C0C25D},355893,2024-07-19 00:00,M1 5LG,F,Y,L,42,FLAT 910,GREAT BRIDGEWATER STREET,,MANCHESTER,MANCHESTER,GREATER MANCHESTER,B,A
{42C129E5-8B9F-60A9-E063-4804A8C0C25D},477750,2024-07-09 00:00,M1 5LP,F,Y,L,42,FLAT 2303,GREAT BRIDGEWATER STREET,,MANCHESTER,MANCHESTER,GREATER MANCHESTER,B,A
{42C129E5-8BA0-60A9-E063-4804A8C0C25D},507150,2024-08-09 00:00,M1 5LR,F,Y,L,42,FLAT 3503,GREAT BRIDGEWATER STREET,,MANCHESTER,MANCHESTER,GREATER MANCHESTER,B,A
{42C129E5-8BA1-60A9-E063-4804A8C0C25D},437430,2024-08-12 00:00,M1 5LR,F,Y,L,42,FLAT 3706,GREAT BRIDGEWATER STREET,,MANCHESTER,MANCHESTER,GREATER MANCHESTER,B,A
{42C129E5-8BA2-60A9-E063-4804A8C0C25D},444150,2024-07-31 00:00,M1 5LJ,F,Y,L,42,FLAT 1102,GREAT BRIDGEWATER STREET,,MANCHESTER,MANCHESTER,GREATER MANCHESTER,B,A
{42C129E5-8BA4-60A9-E063-4804A8C0C25D},483140,2024-07-11 00:00,M1 5LR,F,Y,L,42,FLAT 3702,GREAT BRIDGEWATER STREET,,MANCHESTER,MANCHESTER,GREATER MANCHESTER,B,A
{42C129E5-8BA5-60A9-E063-4804A8C0C25D},494949,2024-08-22 00:00,M1 5LR,F,Y,L,42,FLAT 3202,GREAT BRIDGEWATER STREET,,MANCHESTER,MANCHESTER,GREATER MANCHESTER,B,A
{42C129E5-8BA6-60A9-E063-4804A8C0C25D},461000,2024-08-22 00:00,M1 5LP,F,Y,L,42,FLAT 1904,GREAT BRIDGEWATER STREET,,MANCHESTER,MANCHESTER,GREATER MANCHESTER,B,A
{42C129E5-8BA7-60A9-E063-4804A8C0C25D},499800,2024-08-08 00:00,M1 5LR,F,Y,L,42,FLAT 3304,GREAT BRIDGEWATER STREET,,MANCHESTER,MANCHESTER,GREATER MANCHESTER,B,A
{42C129E5-8BA8-60A9-E063-4804A8C0C25D},479850,2024-07-19 00:00,M1 5LP,F,Y,L,42,FLAT 2403,GREAT BRIDGEWATER STREET,,MANCHESTER,MANCHESTER,GREATER MANCHESTER,B,A
{42C129E5-8BA9-60A9-E063-4804A8C0C25D},396032,2024-09-05 00:00,M1 5LR,F,Y,L,42,FLAT 3710,GREAT BRIDGEWATER STREET,,MANCHESTER,MANCHESTER,GREATER MANCHESTER,B,A
{42C129E5-8BAA-60A9-E063-4804A8C0C25D},333900,2024-07-12 00:00,M1 5LP,F,Y,L,42,FLAT 1907,GREAT BRIDGEWATER STREET,,MANCHESTER,MANCHESTER,GREATER MANCHESTER,B,A
{42C129E5-8BAB-60A9-E063-4804A8C0C25D},489300,2024-08-27 00:00,M1 5LQ,F,Y,L,42,FLAT 2602,GREAT BRIDGEWATER STREET,,MANCHESTER,MANCHESTER,GREATER MANCHESTER,B,A
{42C129E5-8BAD-60A9-E063-4804A8C0C25D},429975,2024-09-13 00:00,M1 5LR,F,Y,L,42,FLAT 3410,GREAT BRIDGEWATER STREET,,MANCHESTER,MANCHESTER,GREATER MANCHESTER,B,A
{42C129E5-8BAE-60A9-E063-4804A8C0C25D},422183,2024-09-09 00:00,M1 5LQ,F,Y,L,42,FLAT 3006,GREAT BRIDGEWATER STREET,,MANCHESTER,MANCHESTER,GREATER MANCHESTER,B,A
{42C129E5-8BAF-60A9-E063-4804A8C0C25D},447860,2024-09-11 00:00,M1 5LP,F,Y,L,42,FLAT 2202,GREAT BRIDGEWATER STREET,,MANCHESTER,MANCHESTER,GREATER MANCHESTER,B,A
{38EDC0C3-1B9E-0F63-E063-4704A8C00424},230000,2024-08-02 00:00,L15 7JP,T,N,F,16,,DUNHAM ROAD,,LIVERPOOL,LIVERPOOL,MERSEYSIDE,A,A
{38EDC0C3-1C3F-0F63-E063-4704A8C00424},295000,2024-08-23 00:00,L15 6TH,S,N,F,112,,WOOLTON ROAD,WAVERTREE,LIVERPOOL,LIVERPOOL,MERSEYSIDE,A,A
{38EDC0C3-1C44-0F63-E063-4704A8C00424},315000,2024-12-09 00:00,L15 4JF,S,N,F,20,,VENTNOR ROAD,,LIVERPOOL,LIVERPOOL,MERSEYSIDE,A,A
{3DCCB7CA-788B-5B9D-E063-4704A8C0331E},245000,2024-10-09 00:00,NE6 5AQ,T,N,F,71,,WARWICK STREET,,NEWCASTLE UPON TYNE,NEWCASTLE UPON TYNE,TYNE AND WEAR,A,A
{3DCCB7CA-798A-5B9D-E063-4704A8C0331E},270000,2024-10-11 00:00,NE6 1UQ,F,N,L,7,,CHANDLERS QUAY,,NEWCASTLE UPON TYNE,NEWCASTLE UPON TYNE,TYNE AND WEAR,A,A
{3DCCB7CA-3F1F-5B9D-E063-4704A8C0331E},165000,2024-11-08 00:00,NG7 5PJ,T,N,F,7,,WADES AVENUE,,NOTTINGHAM,CITY OF NOTTINGHAM,CITY OF NOTTINGHAM,A,A
{2131FCF5-D231-86E8-E063-4804A8C0372B},228000,2024-08-13 00:00,CF24 4HB,D,N,F,35,,DALTON STREET,,CARDIFF,CARDIFF,CARDIFF,A,A
{3DCCB7CA-79E6-5B9D-E063-4704A8C0331E},305000,2024-10-15 00:00,NE6 1TR,T,N,F,45,,MERCHANTS WHARF,,NEWCASTLE UPON TYNE,NEWCASTLE UPON TYNE,TYNE AND WEAR,A,A
{3DCCB7CA-7A92-5B9D-E063-4704A8C0331E},92500,2024-09-26 00:00,NE6 2DH,T,N,F,4,,BRINKBURN STREET,,NEWCASTLE UPON TYNE,NEWCASTLE UPON TYNE,TYNE AND WEAR,A,A
{3B5CE841-FCB2-EE3A-E063-4804A8C0D6F1},183332,2024-05-13 00:00,L15 9HF,S,N,F,1,,BEVERLEY ROAD,WAVERTREE,LIVERPOOL,LIVERPOOL,MERSEYSIDE,A,A
{3DCCB7CA-26FF-5B9D-E063-4704A8C0331E},265000,2024-10-28 00:00,L15 9HW,T,N,F,5,,TRURO ROAD,,LIVERPOOL,LIVERPOOL,MERSEYSIDE,A,A
{3DCCB7CA-3F6C-5B9D-E063-4704A8C0331E},149000,2024-12-13 00:00,NG7 7NR,T,N,F,12,,CHARLESWORTH AVENUE,,NOTTINGHAM,CITY OF NOTTINGHAM,CITY OF NOTTINGHAM,A,A
{2131FCF5-D260-86E8-E063-4804A8C0372B},225000,2024-07-26 00:00,CF24 3LA,T,N,F,158,,GLENROY STREET,,CARDIFF,CARDIFF,CARDIFF,A,A
{2131FCF5-D271-86E8-E063-4804A8C0372B},135000,2024-07-19 00:00,CF24 2TX,F,N,L,167,,BEAUFORT SQUARE,,CARDIFF,CARDIFF,CARDIFF,A,A
{3DCCB7CA-7B79-5B9D-E063-4704A8C0331E},120000,2024-09-18 00:00,NE6 2QA,T,N,F,34,,KENNINGTON GROVE,,NEWCASTLE UPON TYNE,NEWCASTLE UPON TYNE,TYNE AND WEAR,A,A
{3B5CE841-8A60-EE3A-E063-4804A8C0D6F1},137000,2024-05-24 00:00,CF24 2SF,F,N,L,47,,CWRT BOSTON,,CARDIFF,CARDIFF,CARDIFF,A,A
{3DCCB7CA-280D-5B9D-E063-4704A8C0331E},57000,2024-09-17 00:00,L15 8JW,T,N,F,10,,WATERLOO STREET,,LIVERPOOL,LIVERPOOL,MERSEYSIDE,A,A
{3B5CE841-B737-EE3A-E063-4804A8C0D6F1},350000,2024-09-30 00:00,M14 5PB,S,N,F,10,,DENISON ROAD,,MANCHESTER,MANCHESTER,GREATER MANCHESTER,A,A
{3DCCB7CA-40E2-5B9D-E063-4704A8C0331E},125000,2024-10-29 00:00,NG7 4DP,F,N,L,17,FLAT 2,ALL SAINTS STREET,,NOTTINGHAM,CITY OF NOTTINGHAM,CITY OF NOTTINGHAM,A,A
{3B5CE841-8BFD-EE3A-E063-4804A8C0D6F1},232000,2024-08-23 00:00,CF24 4PJ,T,N,F,27,,BRUCE STREET,,CARDIFF,CARDIFF,CARDIFF,A,A
{3B5CE841-B84B-EE3A-E063-4804A8C0D6F1},270000,2024-09-06 00:00,M14 7HB,S,N,F,2,,MORLEY AVENUE,,MANCHESTER,MANCHESTER,GREATER MANCHESTER,A,A
{3B5CE841-B8E9-EE3A-E063-4804A8C0D6F1},408000,2024-04-25 00:00,M14 6EF,D,N,F,50,,WHITEBROOK ROAD,,MANCHESTER,MANCHESTER,GREATER MANCHESTER,A,A
{3DCCB7CA-7BBC-5B9D-E063-4704A8C0331E},70000,2024-08-07 00:00,NE6 2RP,F,N,L,279,,GRACE STREET,,NEWCASTLE UPON TYNE,NEWCASTLE UPON TYNE,TYNE AND WEAR,A,A
{3DCCB7CA-7BBD-5B9D-E063-4704A8C0331E},143000,2024-08-08 00:00,NE6 5SP,F,N,L,170,,BIDDLESTONE ROAD,HEATON,NEWCASTLE UPON TYNE,NEWCASTLE UPON TYNE,TYNE AND WEAR,A,A
{3B5CE841-DCAB-EE3A-E063-4804A8C0D6F1},241000,2024-08-05 00:00,M14 7WS,T,N,F,118,,THORNTON ROAD,,MANCHESTER,MANCHESTER,GREATER MANCHESTER,A,A
{3B5CE841-DD08-EE3A-E063-4804A8C0D6F1},145000,2024-07-30 00:00,L15 3HU,T,N,F,29,,GAINSBOROUGH ROAD,,LIVERPOOL,LIVERPOOL,MERSEYSIDE,A,A
{3B5CE841-DD19-EE3A-E063-4804A8C0D6F1},133500,2024-12-18 00:00,L15 1HA,T,N,F,62,,CARDIGAN STREET,,LIVERPOOL,LIVERPOOL,MERSEYSIDE,B,A
{3B5CE841-DD4E-EE3A-E063-4804A8C0D6F1},80000,2024-08-23 00:00,L15 1EJ,T,N,F,105,,MACDONALD STREET,,LIVERPOOL,LIVERPOOL,MERSEYSIDE,B,A
{3B5CE841-FD68-EE3A-E063-4804A8C0D6F1},390000,2024-08-30 00:00,L15 7JA,S,N,F,23,,SOUTHWAY,,LIVERPOOL,LIVERPOOL,MERSEYSIDE,A,A
{1775CCF7-F8FF-38BA-E063-4704A8C05A7C},80000,2024-04-04 00:00,NG7 3FJ,T,N,F,34,,NORWOOD ROAD,,NOTTINGHAM,CITY OF NOTTINGHAM,CITY OF NOTTINGHAM,B,A
{2131FCF5-D2A9-86E8-E063-4804A8C0372B},140000,2024-04-12 00:00,CF24 2SF,F,N,L,67,,CWRT BOSTON,,CARDIFF,CARDIFF,CARDIFF,A,A
{1775CCF7-28A2-38BA-E063-4704A8C05A7C},171178,2024-02-29 00:00,M1 1EP,F,N,L,"THE SORTING HOUSE, 83",FLAT 33,NEWTON STREET,,MANCHESTER,MANCHESTER,GREATER MANCHESTER,A,A
{1775CCF7-28CB-38BA-E063-4704A8C05A7C},167000,2024-03-14 00:00,M1 5EA,F,N,L,51,APARTMENT 228,WHITWORTH STREET WEST,,MANCHESTER,MANCHESTER,GREATER MANCHESTER,A,A
{1775CCF7-28D4-38BA-E063-4704A8C05A7C},245000,2024-04-24 00:00,M1 5AL,F,N,L,"LOCKES YARD, 4",APARTMENT 38,GREAT MARLBOROUGH STREET,,MANCHESTER,MANCHESTER,GREATER MANCHESTER,A,A
{1775CCF7-28D9-38BA-E063-4704A8C05A7C},270000,2024-01-05 00:00,M1 5GF,F,N,L,"CAMBRIDGE MILL, 5",FLAT 28,CAMBRIDGE STREET,,MANCHESTER,MANCHESTER,GREATER MANCHESTER,A,A
{2859C1AB-E203-52B4-E063-4804A8C05948},181000,2024-11-04 00:00,M1 6NF,F,N,L,"LANCASTER HOUSE, 80",FLAT 34,PRINCESS STREET,,MANCHESTER,MANCHESTER,GREATER MANCHESTER,A,A
{2131FCF5-D52D-86E8-E063-4804A8C0372B},250000,2024-07-29 00:00,CF24 2LG,T,N,F,143,,MOORLAND ROAD,,CARDIFF,CARDIFF,CARDIFF,A,A
{2131FCF5-D533-86E8-E063-4804A8C0372B},181050,2024-06-14 00:00,CF24 4DE,F,N,L,28B,,RHYMNEY TERRACE,,CARDIFF,CARDIFF,CARDIFF,A,A
{2859C1AB-E215-52B4-E063-4804A8C05948},175000,2024-10-30 00:00,M1 5TF,F,N,L,"THE FOUNDRY, 2A",APARTMENT 49,LOWER CHATHAM STREET,,MANCHESTER,MANCHESTER,GREATER MANCHESTER,A,A
{2859C1AB-DDC6-52B4-E063-4804A8C05948},285000,2024-10-31 00:00,M14 6TS,S,N,F,53,,TALBOT ROAD,FALLOWFIELD,MANCHESTER,MANCHESTER,GREATER MANCHESTER,A,A
{3B5CE841-8F5A-EE3A-E063-4804A8C0D6F1},121000,2024-06-28 00:00,CF24 1NW,F,N,L,51,,CECIL STREET,ROATH,CARDIFF,CARDIFF,CARDIFF,A,A
{2859C1AB-E006-52B4-E063-4804A8C05948},240000,2024-10-30 00:00,M14 7AT,S,N,F,7,,EASTHAM AVENUE,,MANCHESTER,MANCHESTER,GREATER MANCHESTER,A,A
{1EAE3DF7-6E24-9EB1-E063-4704A8C09D02},150000,2024-03-04 00:00,NG7 5QL,T,N,F,38,,GLENTWORTH ROAD,,NOTTINGHAM,CITY OF NOTTINGHAM,CITY OF NOTTINGHAM,B,A
{3B5CE841-F157-EE3A-E063-4804A8C0D6F1},290000,2024-04-26 00:00,M1 2BH,F,N,L,"QUANTUM, 4",APARTMENT 56,CHAPELTOWN STREET,,MANCHESTER,MANCHESTER,GREATER MANCHESTER,A,A
{1EAE3DF7-6113-9EB1-E063-4704A8C09D02},230000,2024-07-04 00:00,L15 2HH,T,N,F,13,,PORTMAN ROAD,,LIVERPOOL,LIVERPOOL,MERSEYSIDE,B,A
{1EAE3DF7-6E99-9EB1-E063-4704A8C09D02},174000,2024-06-07 00:00,NG7 1HB,T,N,F,26,,CHIPPENDALE STREET,,NOTTINGHAM,CITY OF NOTTINGHAM,CITY OF NOTTINGHAM,B,A
{1EAE3DF7-6EA7-9EB1-E063-4704A8C09D02},146000,2024-04-26 00:00,NG7 7DA,S,N,F,257,,NOTTINGHAM ROAD,,NOTTINGHAM,CITY OF NOTTINGHAM,CITY OF NOTTINGHAM,B,A
{1EAE3DF7-6EA8-9EB1-E063-4704A8C09D02},132000,2024-03-15 00:00,NG7 5LB,T,N,F,102,,HAZELWOOD ROAD,,NOTTINGHAM,CITY OF NOTTINGHAM,CITY OF NOTTINGHAM,B,A
{2859C1AB-DE1D-52B4-E063-4804A8C05948},192000,2024-05-03 00:00,M14 7QD,T,N,F,97,,HORTON ROAD,,MANCHESTER,MANCHESTER,GREATER MANCHESTER,A,A
{2859C1AB-E26F-52B4-E063-4804A8C05948},270000,2024-07-25 00:00,M1 6BD,F,N,L,"ASIA HOUSE, 82",207,PRINCESS STREET,,MANCHESTER,MANCHESTER,GREATER MANCHESTER,A,A
{2859C1AB-E278-52B4-E063-4804A8C05948},263100,2024-10-18 00:00,M14 7EG,S,N,F,18,,SANDBACH AVENUE,,MANCHESTER,MANCHESTER,GREATER MANCHESTER,A,A
{2859C1AB-E27B-52B4-E063-4804A8C05948},280000,2024-07-22 00:00,M1 2FJ,F,N,L,"JACKSONS WAREHOUSE, 20",APARTMENT 9,TARIFF STREET,,MANCHESTER,MANCHESTER,GREATER MANCHESTER,A,A
{38EDC0C3-8F94-0F63-E063-4704A8C00424},190000,2024-08-23 00:00,LS6 1AD,F,N,L,12,FLAT F,SPRING ROAD,HEADINGLEY,LEEDS,LEEDS,WEST YORKSHIRE,A,A
{38EDC0C3-8F9C-0F63-E063-4704A8C00424},218680,2024-02-02 00:00,LS6 4PY,S,N,F,8,,KING ALFREDS WALK,,LEEDS,LEEDS,WEST YORKSHIRE,A,A
{38EDC0C3-8FA4-0F63-E063-4704A8C00424},187000,2024-12-18 00:00,LS6 3QA,F,N,L,5A,,ST CHADS VIEW,,LEEDS,LEEDS,WEST YORKSHIRE,A,A
{2859C1AB-E28D-52B4-E063-4804A8C05948},250000,2024-06-27 00:00,M1 5DD,F,N,L,"THE HACIENDA, 11 - 15",621,WHITWORTH STREET WEST,,MANCHESTER,MANCHESTER,GREATER MANCHESTER,A,A
{1EAE3DF7-6881-9EB1-E063-4704A8C09D02},550000,2024-02-02 00:00,L15 3HR,T,N,F,97,,BARRINGTON ROAD,,LIVERPOOL,LIVERPOOL,MERSEYSIDE,B,A
{1EAE3DF7-6897-9EB1-E063-4704A8C09D02},80000,2024-06-28 00:00,L15 0HE,T,N,L,73,,BLIGH STREET,,LIVERPOOL,LIVERPOOL,MERSEYSIDE,B,A
{1EAE3DF7-6EAF-9EB1-E063-4704A8C09D02},300000,2024-03-14 00:00,NG7 7BA,O,N,F,182,,NOTTINGHAM ROAD,,NOTTINGHAM,CITY OF NOTTINGHAM,CITY OF NOTTINGHAM,B,A
{1EAE3DF7-3FE3-9EB1-E063-4704A8C09D02},281000,2024-07-09 00:00,LS6 4AR,T,N,F,16,,CLIPSTON AVENUE,,LEEDS,LEEDS,WEST YORKSHIRE,A,A
{1EAE3DF7-400F-9EB1-E063-4704A8C09D02},315000,2024-06-10 00:00,LS6 4RH,S,N,F,1,,BENTLEY MEWS,MEANWOOD,LEEDS,LEEDS,WEST YORKSHIRE,A,A
{1EAE3DF7-4024-9EB1-E063-4704A8C09D02},240000,2024-03-19 00:00,LS6 4EZ,T,N,F,9,,HIGHBURY STREET,,LEEDS,LEEDS,WEST YORKSHIRE,A,A
{1EAE3DF7-4494-9EB1-E063-4704A8C09D02},250000,2024-03-22 00:00,LS6 3EP,T,N,F,20,,HEADINGLEY AVENUE,,LEEDS,LEEDS,WEST YORKSHIRE,A,A
{1775CCF7-5F10-38BA-E063-4704A8C05A7C},228000,2024-04-11 00:00,L15 5BS,T,N,F,13,,BRIERFIELD ROAD,,LIVERPOOL,LIVERPOOL,MERSEYSIDE,A,A
{1EAE3DF7-61B5-9EB1-E063-4704A8C09D02},200000,2024-06-06 00:00,M14 6PY,T,N,F,112,,BRAILSFORD ROAD,,MANCHESTER,MANCHESTER,GREATER MANCHESTER,B,A
{38EDC0C3-A12D-0F63-E063-4704A8C00424},250500,2024-04-29 00:00,M1 2NH,F,N,L,52,,THOMAS TELFORD BASIN,,MANCHESTER,MANCHESTER,GREATER MANCHESTER,B,A
{38EDC0C3-A15E-0F63-E063-4704A8C00424},195000,2024-11-08 00:00,M1 7EP,F,N,L,"PRINCESS HOUSE, 144",FLAT 18,PRINCESS STREET,,MANCHESTER,MANCHESTER,GREATER MANCHESTER,B,A
{38EDC0C3-A181-0F63-E063-4704A8C00424},290000,2024-10-29 00:00,M1 5DD,F,N,L,"THE HACIENDA, 11 - 15",607,WHITWORTH STREET WEST,,MANCHESTER,MANCHESTER,GREATER MANCHESTER,B,A
{38EDC0C3-AAC3-0F63-E063-4704A8C00424},145,2024-07-01 00:00,M14 5NT,O,N,F,25,,HIBBERT STREET,,MANCHESTER,MANCHESTER,GREATER MANCHESTER,B,A
{1775CCF7-7265-38BA-E063-4704A8C05A7C},150000,2024-02-29 00:00,NG7 6HP,T,N,F,94,,STANLEY ROAD,FOREST FIELDS,NOTTINGHAM,CITY OF NOTTINGHAM,CITY OF NOTTINGHAM,A,A
{1EAE3DF7-44CF-9EB1-E063-4704A8C09D02},198964,2024-06-14 00:00,LS6 2DY,F,N,L,1,FLAT 1,GROSVENOR TERRACE,,LEEDS,LEEDS,WEST YORKSHIRE,A,A
{1EAE3DF7-5935-9EB1-E063-4704A8C09D02},390000,2024-07-02 00:00,M14 6UX,S,N,F,35,,DERBY ROAD,,MANCHESTER,MANCHESTER,GREATER MANCHESTER,B,A
{1EAE3DF7-5946-9EB1-E063-4704A8C09D02},420000,2024-07-01 00:00,M14 6AR,S,N,F,116,,WELLINGTON ROAD,FALLOWFIELD,MANCHESTER,MANCHESTER,GREATER MANCHESTER,B,A
{2859C1AB-E0DD-52B4-E063-4804A8C05948},180000,2024-10-29 00:00,M1 5JW,F,N,L,88,FLAT 19,GREAT BRIDGEWATER STREET,,MANCHESTER,MANCHESTER,GREATER MANCHESTER,A,A
{2859C1AB-E0E2-52B4-E063-4804A8C05948},200600,2024-11-08 00:00,M1 5JG,F,N,L,84,FLAT 3,GREAT BRIDGEWATER STREET,,MANCHESTER,MANCHESTER,GREATER MANCHESTER,A,A
{2859C1AB-E0E5-52B4-E063-4804A8C05948},220000,2024-09-06 00:00,M1 5JG,F,N,L,86A,FLAT 6,GREAT BRIDGEWATER STREET,,MANCHESTER,MANCHESTER,GREATER MANCHESTER,A,A
{1EAE3DF7-657B-9EB1-E063-4704A8C09D02},154500,2024-02-09 00:00,M1 7AF,F,N,L,"MONTANA HOUSE, 136",APARTMENT 12,PRINCESS STREET,,MANCHESTER,MANCHESTER,GREATER MANCHESTER,B,A
{1EAE3DF7-44EE-9EB1-E063-4704A8C09D02},174000,2024-03-22 00:00,LS6 2QT,F,N,L,21,,ASHFIELD PARK,,LEEDS,LEEDS,WEST YORKSHIRE,A,A
{38EDC0C3-BB7B-0F63-E063-4704A8C00424},70000,2024-10-18 00:00,NE6 3BA,T,N,F,31,,CRAWFORD TERRACE,,NEWCASTLE UPON TYNE,NEWCASTLE UPON TYNE,TYNE AND WEAR,B,A
{38EDC0C3-BBAF-0F63-E063-4704A8C00424},167500,2024-10-10 00:00,NE6 5XY,O,N,L,6,,KING JOHN TERRACE,,NEWCASTLE UPON TYNE,NEWCASTLE UPON TYNE,TYNE AND WEAR,B,A
{38EDC0C3-BBB6-0F63-E063-4704A8C00424},55000,2024-09-20 00:00,NE6 2PZ,F,N,L,1,FLAT 1,DUNSTANBURGH CLOSE,,NEWCASTLE UPON TYNE,NEWCASTLE UPON TYNE,TYNE AND WEAR,B,A
{1EAE3DF7-5017-9EB1-E063-4704A8C09D02},390000,2024-07-05 00:00,CF24 4BW,T,N,F,61,,HARRIET STREET,,CARDIFF,CARDIFF,CARDIFF,B,A
{1EAE3DF7-5956-9EB1-E063-4704A8C09D02},250000,2024-05-03 00:00,M14 6PS,T,N,F,26,,BRAEMAR ROAD,,MANCHESTER,MANCHESTER,GREATER MANCHESTER,B,A
{2859C1AB-DC97-52B4-E063-4804A8C05948},210000,2024-09-26 00:00,M14 7QB,T,N,F,1,,HORTON ROAD,,MANCHESTER,MANCHESTER,GREATER MANCHESTER,A,A
{2859C1AB-DEBF-52B4-E063-4804A8C05948},245500,2024-09-03 00:00,M14 7EP,S,N,F,11,,THELWALL AVENUE,,MANCHESTER,MANCHESTER,GREATER MANCHESTER,A,A
{2859C1AB-E0F9-52B4-E063-4804A8C05948},258000,2024-10-18 00:00,M1 5JG,F,N,L,84,FLAT 16,GREAT BRIDGEWATER STREET,,MANCHESTER,MANCHESTER,GREATER MANCHESTER,A,A
{1EAE3DF7-6599-9EB1-E063-4704A8C09D02},124000,2024-07-12 00:00,M14 7GB,T,N,F,40,,HORTON ROAD,,MANCHESTER,MANCHESTER,GREATER MANCHESTER,B,A
{38EDC0C3-A629-0F63-E063-4704A8C00424},195000,2024-09-24 00:00,M14 5HR,S,N,F,41,,PARK RANGE,,MANCHESTER,MANCHESTER,GREATER MANCHESTER,B,A
{38EDC0C3-A64B-0F63-E063-4704A8C00424},190000,2024-06-13 00:00,L15 5AN,O,N,F,370,,SMITHDOWN ROAD,,LIVERPOOL,LIVERPOOL,MERSEYSIDE,B,A
{1775CCF7-5B19-38BA-E063-4704A8C05A7C},162500,2024-03-21 00:00,M14 6WP,F,N,L,"LADYBARN COURT, 28",APARTMENT 15,LADYBARN LANE,,MANCHESTER,MANCHESTER,GREATER MANCHESTER,A,A
{38EDC0C3-AB0E-0F63-E063-4704A8C00424},425000,2024-12-05 00:00,M1 2EW,F,Y,L,"CRUSADER MILL, 70",FLAT 506,CHAPELTOWN STREET,,MANCHESTER,MANCHESTER,GREATER MANCHESTER,B,A
{38EDC0C3-AB0F-0F63-E063-4704A8C00424},295000,2024-12-05 00:00,M1 2EY,F,Y,L,72,FLAT 401,CHAPELTOWN STREET,,MANCHESTER,MANCHESTER,GREATER MANCHESTER,B,A
{38EDC0C3-BBD9-0F63-E063-4704A8C00424},131000,2024-09-20 00:00,NE6 3EQ,T,N,F,5,,SOUTHERN ROAD,,NEWCASTLE UPON TYNE,NEWCASTLE UPON TYNE,TYNE AND WEAR,B,A
{38EDC0C3-BBE8-0F63-E063-4704A8C00424},150000,2024-12-18 00:00,NE6 4UF,T,N,F,11,,AMBERDALE AVENUE,,NEWCASTLE UPON TYNE,NEWCASTLE UPON TYNE,TYNE AND WEAR,B,A
{38EDC0C3-BBEF-0F63-E063-4704A8C00424},65000,2024-09-18 00:00,NE6 2QY,F,N,F,40,,EMILY STREET,,NEWCASTLE UPON TYNE,NEWCASTLE UPON TYNE,TYNE AND WEAR,B,A
{38EDC0C3-BBF0-0F63-E063-4704A8C00424},65000,2024-09-19 00:00,NE6 2QY,T,N,L,42,,EMILY STREET,,NEWCASTLE UPON TYNE,NEWCASTLE UPON TYNE,TYNE AND WEAR,B,A
{1775CCF7-5F7E-38BA-E063-4704A8C05A7C},204000,2024-01-05 00:00,L15 3HF,T,N,F,103,,AVONDALE ROAD,,LIVERPOOL,LIVERPOOL,MERSEYSIDE,A,A
{1775CCF7-5FC5-38BA-E063-4704A8C05A7C},172000,2024-03-07 00:00,L15 1HG,T,N,F,137,,ALDERSON ROAD,,LIVERPOOL,LIVERPOOL,MERSEYSIDE,A,A
{1EAE3DF7-65E9-9EB1-E063-4704A8C09D02},146250,2024-02-23 00:00,M14 7JQ,O,N,L,44,,REGENT AVENUE,,MANCHESTER,MANCHESTER,GREATER MANCHESTER,B,A
{1775CCF7-601C-38BA-E063-4704A8C05A7C},230000,2024-03-25 00:00,L15 8HG,T,N,F,32,,HIGH STREET,WAVERTREE,LIVERPOOL,LIVERPOOL,MERSEYSIDE,A,A
{1775CCF7-619E-38BA-E063-4704A8C05A7C},82000,2024-03-25 00:00,L15 1ES,T,N,F,73,,ASH GROVE,WAVERTREE,LIVERPOOL,LIVERPOOL,MERSEYSIDE,A,A
{38EDC0C3-9947-0F63-E063-4704A8C00424},2194999,2024-07-12 00:00,CF24 4FA,F,N,L,1,,MAY STREET GARDENS,,CARDIFF,CARDIFF,CARDIFF,B,A
{38EDC0C3-9958-0F63-E063-4704A8C00424},171000,2024-12-10 00:00,CF24 1QN,T,N,F,7,,BOOKER STREET,,CARDIFF,CARDIFF,CARDIFF,B,A
{38EDC0C3-997D-0F63-E063-4704A8C00424},79000,2024-09-10 00:00,CF24 2DR,F,N,L,63B,,CARLISLE STREET,,CARDIFF,CARDIFF,CARDIFF,B,A
{1775CCF7-61B8-38BA-E063-4704A8C05A7C},250000,2024-03-15 00:00,L15 7LP,S,N,F,63,,ACUBA ROAD,,LIVERPOOL,LIVERPOOL,MERSEYSIDE,A,A
{1775CCF7-603F-38BA-E063-4704A8C05A7C},146500,2024-03-14 00:00,L15 4HS,T,N,F,58,,WESTDALE ROAD,WAVERTREE,LIVERPOOL,LIVERPOOL,MERSEYSIDE,A,A
{1775CCF7-604F-38BA-E063-4704A8C05A7C},166000,2024-03-28 00:00,L15 7JD,T,N,F,16,,POLLARD ROAD,,LIVERPOOL,LIVERPOOL,MERSEYSIDE,A,A
{1775CCF7-6317-38BA-E063-4704A8C05A7C},121000,2024-03-22 00:00,L15 1HG,T,N,F,149,,ALDERSON ROAD,,LIVERPOOL,LIVERPOOL,MERSEYSIDE,A,A
{1775CCF7-5E82-38BA-E063-4704A8C05A7C},155000,2024-03-20 00:00,L15 0EF,T,N,F,87,,LAWRENCE ROAD,,LIVERPOOL,LIVERPOOL,MERSEYSIDE,A,A
{1EAE3DF7-5077-9EB1-E063-4704A8C09D02},410000,2024-07-11 00:00,CF24 4EQ,S,N,F,82,,FLORA STREET,,CARDIFF,CARDIFF,CARDIFF,B,A
{1775CCF7-609E-38BA-E063-4704A8C05A7C},255000,2024-03-13 00:00,L15 7LW,T,N,F,8,,BEECHTREE ROAD,,LIVERPOOL,LIVERPOOL,MERSEYSIDE,A,A
{1EAE3DF7-599E-9EB1-E063-4704A8C09D02},100000,2024-03-15 00:00,M14 6XH,O,N,L,TATTON COURT,FLAT 30,EGERTON ROAD,,MANCHESTER,MANCHESTER,GREATER MANCHESTER,B,A
{38EDC0C3-6D91-0F63-E063-4704A8C00424},240000,2024-08-30 00:00,CF24 2NN,T,N,F,28,,COVENY STREET,,CARDIFF,CARDIFF,CARDIFF,A,A
{152AB734-9BAF-E651-E063-4704A8C061D9},153000,2024-03-06 00:00,LS6 2JS,T,N,F,12,,THOMAS STREET,,LEEDS,LEEDS,WEST YORKSHIRE,B,A
{152AB734-9BDE-E651-E063-4704A8C061D9},260000,2024-03-25 00:00,LS6 1LY,T,N,F,15,,ASHVILLE GROVE,,LEEDS,LEEDS,WEST YORKSHIRE,B,A
{1775CCF7-7276-38BA-E063-4704A8C05A7C},90000,2024-03-22 00:00,NG7 3EX,T,N,F,40,,BRAMCOTE STREET,,NOTTINGHAM,CITY OF NOTTINGHAM,CITY OF NOTTINGHAM,A,A
{2859C1AB-E132-52B4-E063-4804A8C05948},300000,2024-11-06 00:00,M14 7DP,F,N,L,28,,CHERVIL CLOSE,,MANCHESTER,MANCHESTER,GREATER MANCHESTER,A,A
{1775CCF7-74B7-38BA-E063-4704A8C05A7C},170000,2024-03-07 00:00,NG7 5LE,T,N,F,591,,BERRIDGE ROAD WEST,,NOTTINGHAM,CITY OF NOTTINGHAM,CITY OF NOTTINGHAM,A,A
{1775CCF7-74D0-38BA-E063-4704A8C05A7C},365000,2024-04-05 00:00,NG7 1FE,T,N,L,117,,CASTLE BOULEVARD,,NOTTINGHAM,CITY OF NOTTINGHAM,CITY OF NOTTINGHAM,A,A
{1775CCF7-74FE-38BA-E063-4704A8C05A7C},200000,2024-01-08 00:00,NG7 2JP,S,N,F,78,,BEESTON ROAD,,NOTTINGHAM,CITY OF NOTTINGHAM,CITY OF NOTTINGHAM,A,A
{1775CCF7-7506-38BA-E063-4704A8C05A7C},185000,2024-04-03 00:00,NG7 5LE,T,N,F,577,,BERRIDGE ROAD WEST,,NOTTINGHAM,CITY OF NOTTINGHAM,CITY OF NOTTINGHAM,A,A
{1775CCF7-7526-38BA-E063-4704A8C05A7C},160000,2024-01-08 00:00,NG7 6LU,T,N,F,99,,BIRRELL ROAD,FOREST FIELDS,NOTTINGHAM,CITY OF NOTTINGHAM,CITY OF NOTTINGHAM,A,A
{38EDC0C3-C0FD-0F63-E063-4704A8C00424},450000,2024-09-20 00:00,LS6 4DJ,T,N,F,7,,HOLLY BANK,,LEEDS,LEEDS,WEST YORKSHIRE,B,A
{38EDC0C3-8DFD-0F63-E063-4704A8C00424},461500,2024-05-24 00:00,LS6 3QF,S,N,F,9,,ST CHADS AVENUE,,LEEDS,LEEDS,WEST YORKSHIRE,A,A
{1EAE3DF7-668B-9EB1-E063-4704A8C09D02},221000,2024-06-07 00:00,M14 5NJ,T,N,L,265,,HEALD PLACE,,MANCHESTER,MANCHESTER,GREATER MANCHESTER,B,A
{1EAE3DF7-6698-9EB1-E063-4704A8C09D02},954000,2024-05-31 00:00,M14 7FZ,O,N,L,6,APARTMENT 11,COPPER PLACE,,MANCHESTER,MANCHESTER,GREATER MANCHESTER,B,A
{1EAE3DF7-6D5A-9EB1-E063-4704A8C09D02},290000,2024-03-25 00:00,NG7 6BB,S,N,F,49,,BURFORD ROAD,,NOTTINGHAM,CITY OF NOTTINGHAM,CITY OF NOTTINGHAM,B,A
{1EAE3DF7-6D5B-9EB1-E063-4704A8C09D02},120000,2024-06-28 00:00,NG7 5LL,T,N,F,31,,BRUSHFIELD STREET,,NOTTINGHAM,CITY OF NOTTINGHAM,CITY OF NOTTINGHAM,B,A
{38EDC0C3-99DC-0F63-E063-4704A8C00424},54000,2024-07-03 00:00,CF24 5HB,O,N,L,UNIT 49,,PORTMANMOOR ROAD INDUSTRIAL ESTATE,,CARDIFF,CARDIFF,CARDIFF,B,A
{1EAE3DF7-59F6-9EB1-E063-4704A8C09D02},390000,2024-07-01 00:00,M14 4AQ,T,N,F,87,,HEALD PLACE,,MANCHESTER,MANCHESTER,GREATER MANCHESTER,B,A
{1EAE3DF7-5A04-9EB1-E063-4704A8C09D02},269000,2024-03-14 00:00,M14 5SY,T,N,F,23,,DEYNE AVENUE,,MANCHESTER,MANCHESTER,GREATER MANCHESTER,B,A
{1EAE3DF7-6D5E-9EB1-E063-4704A8C09D02},65000,2024-07-04 00:00,NG7 5QP,O,N,L,81,,WOODSTOCK AVENUE,,NOTTINGHAM,CITY OF NOTTINGHAM,CITY OF NOTTINGHAM,B,A
{1EAE3DF7-6D67-9EB1-E063-4704A8C09D02},130000,2024-07-05 00:00,NG7 7AN,T,N,F,74,,SANDON STREET,,NOTTINGHAM,CITY OF NOTTINGHAM,CITY OF NOTTINGHAM,B,A
{1EAE3DF7-6D68-9EB1-E063-4704A8C09D02},300000,2024-03-12 00:00,NG7 2JE,S,N,F,29,,HIGHFIELD ROAD,,NOTTINGHAM,CITY OF NOTTINGHAM,CITY OF NOTTINGHAM,B,A
{152AB734-9C34-E651-E063-4704A8C061D9},188000,2024-02-22 00:00,LS6 1JS,T,N,F,9,,THORNVILLE AVENUE,,LEEDS,LEEDS,WEST YORKSHIRE,B,A
{1EAE3DF7-6D75-9EB1-E063-4704A8C09D02},614000,2024-06-18 00:00,NG7 1AF,O,N,F,1 - 2,,WESTERN TERRACE,THE PARK,NOTTINGHAM,CITY OF NOTTINGHAM,CITY OF NOTTINGHAM,B,A
{1EAE3DF7-6D79-9EB1-E063-4704A8C09D02},126000,2024-06-07 00:00,NG7 6HQ,T,N,F,147,,STANLEY ROAD,FOREST FIELDS,NOTTINGHAM,CITY OF NOTTINGHAM,CITY OF NOTTINGHAM,B,A
{1EAE3DF7-6D7D-9EB1-E063-4704A8C09D02},905000,2024-07-05 00:00,NG7 4GJ,D,N,F,67A,,CROMWELL STREET,,NOTTINGHAM,CITY OF NOTTINGHAM,CITY OF NOTTINGHAM,B,A
{1EAE3DF7-41C2-9EB1-E063-4704A8C09D02},375000,2024-03-12 00:00,LS6 4NW,D,N,F,3,,HOLMWOOD CLOSE,,LEEDS,LEEDS,WEST YORKSHIRE,A,A
{38EDC0C3-C19A-0F63-E063-4704A8C00424},300850,2024-08-19 00:00,LS6 1PW,T,N,F,43,,HAROLD MOUNT,,LEEDS,LEEDS,WEST YORKSHIRE,B,A
{38EDC0C3-C1BF-0F63-E063-4704A8C00424},238500,2024-08-07 00:00,LS6 2DD,O,N,L,33A,FLAT 4,SHIRE OAK ROAD,,LEEDS,LEEDS,WEST YORKSHIRE,B,A
{152AB734-9DF2-E651-E063-4704A8C061D9},70000,2024-01-22 00:00,LS6 2FD,F,N,L,TRINITY HALL,FLAT 62,HOLBORN APPROACH,,LEEDS,LEEDS,WEST YORKSHIRE,B,A
{1775CCF7-728B-38BA-E063-4704A8C05A7C},320000,2024-03-27 00:00,NG7 1SH,T,N,F,10,,METTHAM STREET,,NOTTINGHAM,CITY OF NOTTINGHAM,CITY OF NOTTINGHAM,A,A
{1775CCF7-7293-38BA-E063-4704A8C05A7C},182000,2024-01-05 00:00,NG7 1EE,F,N,L,12,,CLUMBER COURT,,NOTTINGHAM,CITY OF NOTTINGHAM,CITY OF NOTTINGHAM,A,A
{2859C1AB-E1AB-52B4-E063-4804A8C05948},175800,2024-10-25 00:00,M14 7BA,F,N,L,"PARKSIDE, 193",FLAT 35,HART ROAD,,MANCHESTER,MANCHESTER,GREATER MANCHESTER,A,A
{2859C1AB-E1B2-52B4-E063-4804A8C05948},177000,2024-09-26 00:00,M14 7BA,F,N,L,"PARKSIDE, 193",FLAT 8,HART ROAD,,MANCHESTER,MANCHESTER,GREATER MANCHESTER,A,A
{38EDC0C3-8E2B-0F63-E063-4704A8C00424},240000,2024-07-22 00:00,LS6 2DD,F,N,L,"HEADINGLEY HALL, 5",APARTMENT 29,SHIRE OAK ROAD,,LEEDS,LEEDS,WEST YORKSHIRE,A,A
{1EAE3DF7-6D83-9EB1-E063-4704A8C09D02},132000,2024-03-05 00:00,NG7 2JF,S,N,F,17,,EDNASTON ROAD,,NOTTINGHAM,CITY OF NOTTINGHAM,CITY OF NOTTINGHAM,B,A
{1EAE3DF7-6DA1-9EB1-E063-4704A8C09D02},147000,2024-02-29 00:00,NG7 2DT,S,N,F,64,,CYCLE ROAD,,NOTTINGHAM,CITY OF NOTTINGHAM,CITY OF NOTTINGHAM,B,A
{38EDC0C3-9A06-0F63-E063-4704A8C00424},140000,2024-07-08 00:00,CF24 3PX,F,N,L,92,FLAT 2,CONNAUGHT ROAD,,CARDIFF,CARDIFF,CARDIFF,B,A
{1775CCF7-7414-38BA-E063-4704A8C05A7C},100000,2024-04-05 00:00,NG7 7GQ,T,N,F,62,,EKOWE STREET,,NOTTINGHAM,CITY OF NOTTINGHAM,CITY OF NOTTINGHAM,A,A
{1775CCF7-7422-38BA-E063-4704A8C05A7C},287000,2024-03-08 00:00,NG7 1DX,F,N,L,"ARLINGTON HOUSE, 25",APARTMENT 5,LENTON AVENUE,,NOTTINGHAM,CITY OF NOTTINGHAM,CITY OF NOTTINGHAM,A,A
{1EAE3DF7-41D0-9EB1-E063-4704A8C09D02},375000,2024-07-04 00:00,LS6 4NP,S,N,F,69,,CHURCH LANE,MEANWOOD,LEEDS,LEEDS,WEST YORKSHIRE,A,A
{1775CCF7-7350-38BA-E063-4704A8C05A7C},210000,2024-03-28 00:00,NG7 2HL,T,N,F,12,,WATERSIDE GARDENS,,NOTTINGHAM,CITY OF NOTTINGHAM,CITY OF NOTTINGHAM,A,A
{1775CCF7-737A-38BA-E063-4704A8C05A7C},235000,2024-04-03 00:00,NG7 7JS,S,N,F,69,,GAWTHORNE STREET,,NOTTINGHAM,CITY OF NOTTINGHAM,CITY OF NOTTINGHAM,A,A
{1775CCF7-7460-38BA-E063-4704A8C05A7C},120000,2024-03-28 00:00,NG7 3GT,F,N,L,28,,TEMPLARS COURT,,NOTTINGHAM,CITY OF NOTTINGHAM,CITY OF NOTTINGHAM,A,A
{1775CCF7-7472-38BA-E063-4704A8C05A7C},77500,2024-03-08 00:00,NG7 6BL,F,N,L,HIGH POINT,FLAT 9,NOEL STREET,,NOTTINGHAM,CITY OF NOTTINGHAM,CITY OF NOTTINGHAM,A,A
{1EAE3DF7-5A48-9EB1-E063-4704A8C09D02},250000,2024-03-11 00:00,M14 4LT,T,N,F,96,,MONTON STREET,,MANCHESTER,MANCHESTER,GREATER MANCHESTER,B,A
{1EAE3DF7-5A5A-9EB1-E063-4704A8C09D02},6050000,2024-07-05 00:00,M14 5QH,O,N,F,108 - 112,,DAISY BANK ROAD,,MANCHESTER,MANCHESTER,GREATER MANCHESTER,B,A
{2859C1AB-E1CC-52B4-E063-4804A8C05948},179000,2024-11-08 00:00,M1 7EP,F,N,L,"PRINCESS HOUSE, 144",FLAT 57,PRINCESS STREET,,MANCHESTER,MANCHESTER,GREATER MANCHESTER,A,A
{2859C1AB-E1D0-52B4-E063-4804A8C05948},242500,2024-01-31 00:00,M1 1EP,F,N,L,"THE SORTING HOUSE, 83",FLAT 25,NEWTON STREET,,MANCHESTER,MANCHESTER,GREATER MANCHESTER,A,A
{38EDC0C3-8E6D-0F63-E063-4704A8C00424},205000,2024-09-17 00:00,LS6 2DD,F,N,L,"HEADINGLEY HALL, 5",APARTMENT 7,SHIRE OAK ROAD,,LEEDS,LEEDS,WEST YORKSHIRE,A,A
{1EAE3DF7-6DB6-9EB1-E063-4704A8C09D02},220000,2024-06-03 00:00,NG7 7JS,T,N,F,65,,GAWTHORNE STREET,,NOTTINGHAM,CITY OF NOTTINGHAM,CITY OF NOTTINGHAM,B,A
{1EAE3DF7-6DC4-9EB1-E063-4704A8C09D02},145000,2024-03-11 00:00,NG7 6PX,T,N,F,127,,HARCOURT ROAD,,NOTTINGHAM,CITY OF NOTTINGHAM,CITY OF NOTTINGHAM,B,A
{1EAE3DF7-6DC9-9EB1-E063-4704A8C09D02},430000,2024-07-05 00:00,NG7 1JQ,D,N,F,17,,HARRINGTON DRIVE,,NOTTINGHAM,CITY OF NOTTINGHAM,CITY OF NOTTINGHAM,B,A
{1EAE3DF7-420C-9EB1-E063-4704A8C09D02},425500,2024-03-27 00:00,LS6 4ED,S,N,F,31,,CLAREMONT DRIVE,,LEEDS,LEEDS,WEST YORKSHIRE,A,A
{38EDC0C3-AC7C-0F63-E063-4704A8C00424},147000,2024-09-20 00:00,L15 4LF,T,N,F,61,,PICTON ROAD,WAVERTREE,LIVERPOOL,LIVERPOOL,MERSEYSIDE,B,A
{38EDC0C3-B106-0F63-E063-4704A8C00424},1000000,2024-11-01 00:00,NG7 7HS,O,N,F,"HAWTHORNES BUSINESS CENTRE, 24",,PALM STREET,NEW BASFORD,NOTTINGHAM,CITY OF NOTTINGHAM,CITY OF NOTTINGHAM,B,A
{1EAE3DF7-60AC-9EB1-E063-4704A8C09D02},300000,2024-05-31 00:00,M14 6YW,T,N,F,22,,RICHMOND ROAD,,MANCHESTER,MANCHESTER,GREATER MANCHESTER,B,A
{1EAE3DF7-60AD-9EB1-E063-4704A8C09D02},600000,2024-07-03 00:00,M14 5HS,S,N,F,110,,DICKENSON ROAD,,MANCHESTER,MANCHESTER,GREATER MANCHESTER,B,A
{38EDC0C3-8E78-0F63-E063-4704A8C00424},307500,2024-09-30 00:00,LS6 4LA,T,N,F,16,,WELLS CROFT,,LEEDS,LEEDS,WEST YORKSHIRE,A,A
{1EAE3DF7-6DD6-9EB1-E063-4704A8C09D02},325000,2024-07-18 00:00,NG7 5JE,T,N,F,142A,,GREGORY BOULEVARD,,NOTTINGHAM,CITY OF NOTTINGHAM,CITY OF NOTTINGHAM,B,A
{1EAE3DF7-6DDA-9EB1-E063-4704A8C09D02},475000,2024-07-01 00:00,NG7 1JG,D,N,F,62,,PARK ROAD,,NOTTINGHAM,CITY OF NOTTINGHAM,CITY OF NOTTINGHAM,B,A
{1EAE3DF7-6DEC-9EB1-E063-4704A8C09D02},98000,2024-07-02 00:00,NG7 2NQ,T,N,L,36,,FRIARY CLOSE,,NOTTINGHAM,CITY OF NOTTINGHAM,CITY OF NOTTINGHAM,B,A
{1EAE3DF7-6DF2-9EB1-E063-4704A8C09D02},425000,2024-07-05 00:00,NG7 2BU,T,N,F,5,,ELMSTHORPE AVENUE,,NOTTINGHAM,CITY OF NOTTINGHAM,CITY OF NOTTINGHAM,B,A
{1EAE3DF7-421C-9EB1-E063-4704A8C09D02},225000,2024-06-20 00:00,LS6 1LS,S,N,F,110,,BRUDENELL ROAD,,LEEDS,LEEDS,WEST YORKSHIRE,A,A
{1EAE3DF7-4228-9EB1-E063-4704A8C09D02},147500,2024-07-24 00:00,LS6 4AD,T,N,F,5,,GROVEWOOD,,LEEDS,LEEDS,WEST YORKSHIRE,A,A
{38EDC0C3-B119-0F63-E063-4704A8C00424},270000,2024-06-21 00:00,NG7 6LX,T,N,F,19,,BERRIDGE ROAD,,NOTTINGHAM,CITY OF NOTTINGHAM,CITY OF NOTTINGHAM,B,A
{38EDC0C3-B127-0F63-E063-4704A8C00424},414500,2024-12-13 00:00,NG7 2BX,D,N,F,3,,JOHNSON ROAD,,NOTTINGHAM,CITY OF NOTTINGHAM,CITY OF NOTTINGHAM,B,A
{38EDC0C3-B135-0F63-E063-4704A8C00424},153000,2024-09-09 00:00,NG7 7AQ,T,N,F,8,,MAUD STREET,,NOTTINGHAM,CITY OF NOTTINGHAM,CITY OF NOTTINGHAM,B,A
{38EDC0C3-B146-0F63-E063-4704A8C00424},4630000,2024-11-05 00:00,NG7 2TR,O,N,F,ATLANTA HOUSE,,ACORN PARK,LENTON LANE INDUSTRIAL ESTATE,NOTTINGHAM,CITY OF NOTTINGHAM,CITY OF NOTTINGHAM,B,A
{38EDC0C3-B14C-0F63-E063-4704A8C00424},566000,2024-07-10 00:00,NG7 3NW,O,N,F,PEOPLE FIRST CENTRE,,ALFRETON ROAD,,NOTTINGHAM,CITY OF NOTTINGHAM,CITY OF NOTTINGHAM,B,A
{38EDC0C3-B15D-0F63-E063-4704A8C00424},200000,2024-06-21 00:00,NG7 3DW,T,N,F,127,,HARTLEY ROAD,,NOTTINGHAM,CITY OF NOTTINGHAM,CITY OF NOTTINGHAM,B,A
{1EAE3DF7-60B3-9EB1-E063-4704A8C09D02},177000,2024-06-21 00:00,M14 5AR,T,N,L,32,,RUSHOLME GROVE,,MANCHESTER,MANCHESTER,GREATER MANCHESTER,B,A
{1EAE3DF7-67E0-9EB1-E063-4704A8C09D02},250000,2024-05-31 00:00,L15 5AH,T,N,F,268,,SMITHDOWN ROAD,,LIVERPOOL,LIVERPOOL,MERSEYSIDE,B,A
{1EAE3DF7-6DFC-9EB1-E063-4704A8C09D02},147000,2024-06-03 00:00,NG7 4EG,F,N,L,BRONTE COURT,6,WAVERLEY STREET,,NOTTINGHAM,CITY OF NOTTINGHAM,CITY OF NOTTINGHAM,B,A
{1EAE3DF7-6DFF-9EB1-E063-4704A8C09D02},145000,2024-05-31 00:00,NG7 1LU,F,N,L,PARK WEST,APARTMENT 57,DERBY ROAD,,NOTTINGHAM,CITY OF NOTTINGHAM,CITY OF NOTTINGHAM,B,A
{1EAE3DF7-6E1C-9EB1-E063-4704A8C09D02},272500,2024-03-05 00:00,NG7 1JW,D,N,F,60,,ROLLESTON DRIVE,,NOTTINGHAM,CITY OF NOTTINGHAM,CITY OF NOTTINGHAM,B,A
{1EAE3DF7-423C-9EB1-E063-4704A8C09D02},493000,2024-06-14 00:00,LS6 4EJ,S,N,F,25,,BROOKFIELD ROAD,,LEEDS,LEEDS,WEST YORKSHIRE,A,A
{38EDC0C3-B17B-0F63-E063-4704A8C00424},527000,2024-07-31 00:00,NG7 1QF,O,N,F,LENTON METHODIST CHURCH,,DERBY ROAD,,NOTTINGHAM,CITY OF NOTTINGHAM,CITY OF NOTTINGHAM,B,A
{38EDC0C3-B17D-0F63-E063-4704A8C00424},4683265,2024-05-31 00:00,NG7 1FL,O,N,F,18,,CASTLE BOULEVARD,,NOTTINGHAM,CITY OF NOTTINGHAM,CITY OF NOTTINGHAM,B,A
{38EDC0C3-B1C4-0F63-E063-4704A8C00424},6615000,2024-09-09 00:00,NG7 2DU,O,N,F,BREACH HOUSE,PART OF,FARADAY ROAD,,NOTTINGHAM,CITY OF NOTTINGHAM,CITY OF NOTTINGHAM,B,A
{38EDC0C3-C26D-0F63-E063-4704A8C00424},307500,2024-12-19 00:00,LS6 3DU,S,N,F,10,,THE TURNWAYS,,LEEDS,LEEDS,WEST YORKSHIRE,B,A
{1EAE3DF7-60E3-9EB1-E063-4704A8C09D02},176500,2024-06-21 00:00,M14 4EX,T,N,F,31,,KIPPAX STREET,,MANCHESTER,MANCHESTER,GREATER MANCHESTER,B,A
{1EAE3DF7-680F-9EB1-E063-4704A8C09D02},186000,2024-05-17 00:00,L15 4LF,O,N,F,103,,PICTON ROAD,WAVERTREE,LIVERPOOL,LIVERPOOL,MERSEYSIDE,B,A
{1EAE3DF7-6819-9EB1-E063-4704A8C09D02},220000,2024-04-02 00:00,L15 4LH,O,N,F,THE CAMBRIDGE,,PICTON ROAD,WAVERTREE,LIVERPOOL,LIVERPOOL,MERSEYSIDE,B,A
{38EDC0C3-B1D1-0F63-E063-4704A8C00424},180000,2024-06-07 00:00,NG7 2JE,T,N,F,34,,HIGHFIELD ROAD,,NOTTINGHAM,CITY OF NOTTINGHAM,CITY OF NOTTINGHAM,B,A
{31C68071-DC7B-FEE3-E063-4804A8C04F37},260000,2024-10-31 00:00,CF24 2TW,D,N,F,37,,GLAN RHYMNI,SPLOTT,CARDIFF,CARDIFF,CARDIFF,A,A
{31C68072-0901-FEE3-E063-4804A8C04F37},625000,2024-09-20 00:00,M14 6AQ,S,N,F,7,,VICTORIA ROAD,FALLOWFIELD,MANCHESTER,MANCHESTER,GREATER MANCHESTER,A,A
{152AB734-668C-E651-E063-4704A8C061D9},99000,2024-03-11 00:00,LS6 1AL,F,N,L,15 - 16,APARTMENT 11,MOORLAND ROAD,,LEEDS,LEEDS,WEST YORKSHIRE,A,A
{3B5CE842-95CF-EE3A-E063-4804A8C0D6F1},162500,2024-08-30 00:00,L15 1HQ,T,N,F,171,,ALDERSON ROAD,,LIVERPOOL,LIVERPOOL,MERSEYSIDE,B,A
{31C68071-DD2F-FEE3-E063-4804A8C04F37},135500,2024-08-12 00:00,CF24 0DP,F,N,L,"ADMIRAL HOUSE, 38 - 42",139,NEWPORT ROAD,,CARDIFF,CARDIFF,CARDIFF,A,A
{3B5CE842-AD1B-EE3A-E063-4804A8C0D6F1},2580000,2024-07-17 00:00,NE6 2UD,O,N,L,351,,SHIELDS ROAD,,NEWCASTLE UPON TYNE,NEWCASTLE UPON TYNE,TYNE AND WEAR,B,A
{3B5CE842-B2E6-EE3A-E063-4804A8C0D6F1},355000,2024-08-15 00:00,LS6 1DE,T,N,F,7,,MANOR DRIVE,HEADINGLEY,LEEDS,LEEDS,WEST YORKSHIRE,B,A
{3B5CE842-B30C-EE3A-E063-4804A8C0D6F1},330000,2024-05-10 00:00,LS6 3HU,O,N,F,50,,NORTH LANE,HEADINGLEY,LEEDS,LEEDS,WEST YORKSHIRE,B,A
{152AB734-5E28-E651-E063-4704A8C061D9},363000,2024-01-30 00:00,LS6 4JD,D,N,F,11,,PARKSIDE AVENUE,,LEEDS,LEEDS,WEST YORKSHIRE,A,A
{31C68071-DDEE-FEE3-E063-4804A8C04F37},250000,2024-08-12 00:00,CF24 2DD,T,N,F,134,,SPLOTT ROAD,,CARDIFF,CARDIFF,CARDIFF,A,A
{3B5CE842-ADC6-EE3A-E063-4804A8C0D6F1},137500,2024-07-23 00:00,NE6 5LS,F,N,L,74,,WARTON TERRACE,,NEWCASTLE UPON TYNE,NEWCASTLE UPON TYNE,TYNE AND WEAR,B,A
{3B5CE842-B334-EE3A-E063-4804A8C0D6F1},176000,2024-10-16 00:00,LS6 1PG,T,N,F,34,,HAROLD TERRACE,,LEEDS,LEEDS,WEST YORKSHIRE,B,A
{152AB734-5EDF-E651-E063-4704A8C061D9},275000,2024-02-23 00:00,LS6 4AS,S,N,F,22,,CROSS BENTLEY LANE,,LEEDS,LEEDS,WEST YORKSHIRE,A,A
{152AB734-5C19-E651-E063-4704A8C061D9},295000,2024-03-14 00:00,LS6 4DN,F,N,F,BURTON COURT,FLAT 4,BURTON CRESCENT,,LEEDS,LEEDS,WEST YORKSHIRE,A,A
{152AB734-5CA8-E651-E063-4704A8C061D9},300000,2024-02-21 00:00,LS6 3NL,S,N,F,23,,QUEENSWOOD ROAD,,LEEDS,LEEDS,WEST YORKSHIRE,A,A
{152AB734-5F83-E651-E063-4704A8C061D9},270000,2024-02-16 00:00,LS6 3NN,S,N,F,43,,FOXCROFT MOUNT,,LEEDS,LEEDS,WEST YORKSHIRE,A,A
{152AB734-5F8F-E651-E063-4704A8C061D9},112000,2024-02-26 00:00,LS6 4RQ,F,N,L,31,,STONE MILL COURT,,LEEDS,LEEDS,WEST YORKSHIRE,A,A
{152AB734-5F97-E651-E063-4704A8C061D9},350001,2024-02-02 00:00,LS6 4RG,D,N,F,2,,STONE MILL WAY,,LEEDS,LEEDS,WEST YORKSHIRE,A,A
{3B5CE842-ADF4-EE3A-E063-4804A8C0D6F1},250000,2024-09-30 00:00,CF24 1QE,O,N,F,57A,,BROADWAY,,CARDIFF,CARDIFF,CARDIFF,B,A
{3B5CE842-AE03-EE3A-E063-4804A8C0D6F1},263000,2024-09-05 00:00,CF24 0EU,T,N,F,6,,NORTH LUTON PLACE,,CARDIFF,CARDIFF,CARDIFF,B,A
{1775CCF7-01CD-38BA-E063-4704A8C05A7C},155000,2024-01-15 00:00,CF24 3QE,F,N,L,115,FLAT 2,CLAUDE ROAD,,CARDIFF,CARDIFF,CARDIFF,A,A
{1775CCF7-01CE-38BA-E063-4704A8C05A7C},290000,2024-01-08 00:00,CF24 4LF,T,N,F,88,,BRITHDIR STREET,,CARDIFF,CARDIFF,CARDIFF,A,A
{1775CCF7-024D-38BA-E063-4704A8C05A7C},95000,2024-03-18 00:00,CF24 0EW,F,N,L,4,FLAT 1,WEST LUTON PLACE,,CARDIFF,CARDIFF,CARDIFF,A,A
{3B5CE842-AE15-EE3A-E063-4804A8C0D6F1},255000,2024-09-23 00:00,CF24 4RU,T,N,F,49,,INVERNESS PLACE,,CARDIFF,CARDIFF,CARDIFF,B,A
{3B5CE842-AE54-EE3A-E063-4804A8C0D6F1},625000,2024-09-02 00:00,CF24 3PB,O,N,F,8 - 10,,WELLFIELD ROAD,,CARDIFF,CARDIFF,CARDIFF,B,A
{3B5CE842-AE55-EE3A-E063-4804A8C0D6F1},625000,2024-09-02 00:00,CF24 3PB,O,N,F,8 - 10,,WELLFIELD ROAD,,CARDIFF,CARDIFF,CARDIFF,B,A
{1775CCF7-003C-38BA-E063-4704A8C05A7C},250000,2024-04-11 00:00,CF24 2JX,T,N,F,50,,BURNABY STREET,,CARDIFF,CARDIFF,CARDIFF,A,A
{1775CCF7-007E-38BA-E063-4704A8C05A7C},235000,2024-04-15 00:00,CF24 2DJ,T,N,F,15,,MARION STREET,,CARDIFF,CARDIFF,CARDIFF,A,A
{1775CCF7-0127-38BA-E063-4704A8C05A7C},285000,2024-04-12 00:00,CF24 2LA,T,N,F,145,,HABERSHON STREET,,CARDIFF,CARDIFF,CARDIFF,A,A
{31C68071-E2D5-FEE3-E063-4804A8C04F37},220000,2024-12-20 00:00,CF24 3PX,F,N,L,76,FLAT 4,CONNAUGHT ROAD,,CARDIFF,CARDIFF,CARDIFF,A,A
{3B5CE842-9B7B-EE3A-E063-4804A8C0D6F1},125000,2024-09-15 00:00,L15 1HG,T,N,F,77,,ALDERSON ROAD,,LIVERPOOL,LIVERPOOL,MERSEYSIDE,B,A
{3B5CE842-A0E5-EE3A-E063-4804A8C0D6F1},1000000,2024-07-01 00:00,NG7 3GX,O,N,F,HIDDEN SPOT,,DENMAN STREET EAST,,NOTTINGHAM,CITY OF NOTTINGHAM,CITY OF NOTTINGHAM,B,A
{3B5CE842-A0EE-EE3A-E063-4804A8C0D6F1},200000,2024-07-01 00:00,NG7 3GS,O,N,F,GRANT STREET WORKS,,GRANT STREET,,NOTTINGHAM,CITY OF NOTTINGHAM,CITY OF NOTTINGHAM,B,A
{3B5CE842-A173-EE3A-E063-4804A8C0D6F1},5198000,2024-08-16 00:00,NG7 2HW,O,N,F,BRANGWEN HOUSE,FLAT 1,FARADAY ROAD,,NOTTINGHAM,CITY OF NOTTINGHAM,CITY OF NOTTINGHAM,B,A
{3B5CE842-A174-EE3A-E063-4804A8C0D6F1},5198000,2024-08-16 00:00,NG7 2HN,O,N,F,MOREL HOUSE,FLAT 1,FARADAY ROAD,,NOTTINGHAM,CITY OF NOTTINGHAM,CITY OF NOTTINGHAM,B,A
{31C68072-0C5A-FEE3-E063-4804A8C04F37},340000,2024-10-30 00:00,M14 6RY,T,N,F,103,,KINGSWOOD ROAD,,MANCHESTER,MANCHESTER,GREATER MANCHESTER,A,A
{31C68072-0C5F-FEE3-E063-4804A8C04F37},625000,2024-09-20 00:00,M14 6AQ,F,N,L,7,FLAT A,VICTORIA ROAD,FALLOWFIELD,MANCHESTER,MANCHESTER,GREATER MANCHESTER,A,A
{31C68072-0C9A-FEE3-E063-4804A8C04F37},250000,2024-09-25 00:00,M14 5DN,T,N,F,5,,BERKELEY AVENUE,,MANCHESTER,MANCHESTER,GREATER MANCHESTER,A,A
{31C68071-E097-FEE3-E063-4804A8C04F37},175000,2024-01-04 00:00,CF24 1QA,T,N,F,39,,EMERALD STREET,,CARDIFF,CARDIFF,CARDIFF,A,A
{1C3E72FF-212C-F410-E063-4804A8C0DFA6},177500,2024-06-21 00:00,NE6 2US,T,N,F,73,,LAWSON CLOSE,,NEWCASTLE UPON TYNE,NEWCASTLE UPON TYNE,TYNE AND WEAR,B,A
{1C3E72FF-212F-F410-E063-4804A8C0DFA6},177000,2024-02-09 00:00,NE6 2US,T,N,F,44,,LAWSON CLOSE,,NEWCASTLE UPON TYNE,NEWCASTLE UPON TYNE,TYNE AND WEAR,B,A
{31C68071-E0C6-FEE3-E063-4804A8C04F37},250000,2024-01-08 00:00,CF24 2BX,T,N,F,85,,SPLOTT ROAD,,CARDIFF,CARDIFF,CARDIFF,A,A
{1C3E72FF-21A4-F410-E063-4804A8C0DFA6},140000,2024-02-09 00:00,NE6 4SS,T,N,F,1084,,SHIELDS ROAD,,NEWCASTLE UPON TYNE,NEWCASTLE UPON TYNE,TYNE AND WEAR,B,A
{1C3E72FF-2799-F410-E063-4804A8C0DFA6},275000,2024-06-07 00:00,LS6 1LB,T,N,F,87,,HAROLD GROVE,,LEEDS,LEEDS,WEST YORKSHIRE,B,A
{1C3E72FF-27AA-F410-E063-4804A8C0DFA6},335000,2024-05-31 00:00,LS6 3DA,T,N,F,1,,NEWPORT GARDENS,,LEEDS,LEEDS,WEST YORKSHIRE,B,A
{1A0C5C63-C2D4-7CBE-E063-4804A8C06C96},230000,2024-04-08 00:00,CF24 2BJ,T,N,F,31,,ADELINE STREET,,CARDIFF,CARDIFF,CARDIFF,A,A
{1A0C5C63-BF3A-7CBE-E063-4804A8C06C96},267000,2024-01-26 00:00,NE6 5TU,T,N,F,12,,RAVENSWOOD ROAD,,NEWCASTLE UPON TYNE,NEWCASTLE UPON TYNE,TYNE AND WEAR,A,A
{1C3E72FF-21B4-F410-E063-4804A8C0DFA6},225000,2024-04-03 00:00,CF24 4HY,T,N,F,74,,CATHAYS TERRACE,,CARDIFF,CARDIFF,CARDIFF,B,A
{1C3E72FF-21B6-F410-E063-4804A8C0DFA6},305000,2024-03-22 00:00,CF24 2JP,T,N,F,49,,COURTENAY ROAD,,CARDIFF,CARDIFF,CARDIFF,B,A
{1C3E72FF-21BB-F410-E063-4804A8C0DFA6},351000,2024-02-02 00:00,CF24 4JL,T,N,F,9,,MERTHYR STREET,CATHAYS,CARDIFF,CARDIFF,CARDIFF,B,A
{1A0C5C63-C311-7CBE-E063-4804A8C06C96},249000,2024-02-07 00:00,CF24 3JY,T,N,F,80,,GLENROY STREET,,CARDIFF,CARDIFF,CARDIFF,A,A
{1A0C5C63-C34A-7CBE-E063-4804A8C06C96},149950,2024-01-26 00:00,CF24 2AL,T,N,F,5,,INCHMARNOCK STREET,,CARDIFF,CARDIFF,CARDIFF,A,A
{1C3E72FF-2839-F410-E063-4804A8C0DFA6},180000,2024-05-31 00:00,LS6 1PR,F,N,F,51,,HAROLD ROAD,,LEEDS,LEEDS,WEST YORKSHIRE,B,A
{1A0C5C63-BFCD-7CBE-E063-4804A8C06C96},101000,2024-04-29 00:00,NE6 5EN,F,N,L,27,,QUEEN ANNE COURT,,NEWCASTLE UPON TYNE,NEWCASTLE UPON TYNE,TYNE AND WEAR,A,A
{1A0C5C63-BFDB-7CBE-E063-4804A8C06C96},107000,2024-05-02 00:00,NE6 2TB,T,N,F,60,,NORBURY GROVE,,NEWCASTLE UPON TYNE,NEWCASTLE UPON TYNE,TYNE AND WEAR,A,A
{1A0C5C63-BFEA-7CBE-E063-4804A8C06C96},78000,2024-05-03 00:00,NE6 4JN,F,N,L,717,,WELBECK ROAD,,NEWCASTLE UPON TYNE,NEWCASTLE UPON TYNE,TYNE AND WEAR,A,A
{1A0C5C63-BFF1-7CBE-E063-4804A8C06C96},135000,2024-03-15 00:00,NE6 5YD,T,N,L,57,,SEVENTH AVENUE,,NEWCASTLE UPON TYNE,NEWCASTLE UPON TYNE,TYNE AND WEAR,A,A
{1A0C5C63-C384-7CBE-E063-4804A8C06C96},220000,2024-02-22 00:00,CF24 3HL,T,N,F,64,,TREHARRIS STREET,,CARDIFF,CARDIFF,CARDIFF,A,A
{1A0C5C63-C707-7CBE-E063-4804A8C06C96},193000,2024-05-03 00:00,CF24 1QX,T,N,F,40,,SPRING GARDENS TERRACE,,CARDIFF,CARDIFF,CARDIFF,A,A
{1A0C5C63-C725-7CBE-E063-4804A8C06C96},155000,2024-01-18 00:00,CF24 3QA,S,N,L,41,,CLAUDE ROAD,,CARDIFF,CARDIFF,CARDIFF,A,A
{1A0C5C63-C049-7CBE-E063-4804A8C06C96},109000,2024-01-29 00:00,NE6 2TT,T,N,F,45,,WILTON AVENUE,,NEWCASTLE UPON TYNE,NEWCASTLE UPON TYNE,TYNE AND WEAR,A,A
{1C3E72FF-2880-F410-E063-4804A8C0DFA6},430000,2024-02-01 00:00,LS6 1EA,D,N,F,18,,NORWOOD TERRACE,,LEEDS,LEEDS,WEST YORKSHIRE,B,A
{1A0C5C63-C065-7CBE-E063-4804A8C06C96},362000,2024-02-06 00:00,NE6 5RL,S,N,F,24,,BROXHOLM ROAD,,NEWCASTLE UPON TYNE,NEWCASTLE UPON TYNE,TYNE AND WEAR,A,A
{1A0C5C63-C068-7CBE-E063-4804A8C06C96},110000,2024-04-26 00:00,NE6 3LS,F,N,L,17,,HURSLEY WALK,WALKER,NEWCASTLE UPON TYNE,NEWCASTLE UPON TYNE,TYNE AND WEAR,A,A
{1A0C5C63-C071-7CBE-E063-4804A8C06C96},165000,2024-04-08 00:00,NE6 5LS,F,N,F,134,,WARTON TERRACE,,NEWCASTLE UPON TYNE,NEWCASTLE UPON TYNE,TYNE AND WEAR,A,A
{1C3E72FF-289D-F410-E063-4804A8C0DFA6},157606,2024-05-09 00:00,LS6 3LY,S,N,F,23,,GHYLL ROAD,,LEEDS,LEEDS,WEST YORKSHIRE,B,A
{1A0C5C63-C083-7CBE-E063-4804A8C06C96},104000,2024-05-03 00:00,NE6 5BX,F,N,L,4,FLAT 1,HARTFORD STREET,,NEWCASTLE UPON TYNE,NEWCASTLE UPON TYNE,TYNE AND WEAR,A,A
{1A0C5C63-C090-7CBE-E063-4804A8C06C96},200000,2024-02-09 00:00,NE6 5DL,T,N,F,1,,EBOR STREET,,NEWCASTLE UPON TYNE,NEWCASTLE UPON TYNE,TYNE AND WEAR,A,A
{1A0C5C63-C098-7CBE-E063-4804A8C06C96},183000,2024-02-22 00:00,NE6 5SP,T,N,L,138,,BIDDLESTONE ROAD,HEATON,NEWCASTLE UPON TYNE,NEWCASTLE UPON TYNE,TYNE AND WEAR,A,A
{1C3E72FF-22CA-F410-E063-4804A8C0DFA6},218000,2024-02-23 00:00,CF24 2HF,T,N,F,23,,HANDLEY ROAD,,CARDIFF,CARDIFF,CARDIFF,B,A
{1C3E72FF-22CF-F410-E063-4804A8C0DFA6},275000,2024-01-15 00:00,CF24 4RN,T,N,F,105,,MACKINTOSH PLACE,,CARDIFF,CARDIFF,CARDIFF,B,A
{1C3E72FF-28BA-F410-E063-4804A8C0DFA6},104500,2024-02-08 00:00,LS6 1RE,T,N,F,28,,AUTUMN AVENUE,,LEEDS,LEEDS,WEST YORKSHIRE,B,A
{1C3E72FF-28C6-F410-E063-4804A8C0DFA6},92500,2024-02-08 00:00,LS6 1RE,T,N,F,26,,AUTUMN AVENUE,,LEEDS,LEEDS,WEST YORKSHIRE,B,A
{1A0C5C63-C5F0-7CBE-E063-4804A8C06C96},232000,2024-04-19 00:00,CF24 2SE,T,N,F,11,,BECKGROVE CLOSE,,CARDIFF,CARDIFF,CARDIFF,A,A
{1A0C5C63-C0AB-7CBE-E063-4804A8C06C96},185000,2024-02-09 00:00,NE6 5TD,F,N,L,220,,SACKVILLE ROAD,,NEWCASTLE UPON TYNE,NEWCASTLE UPON TYNE,TYNE AND WEAR,A,A
{31C68072-31E8-FEE3-E063-4804A8C04F37},205000,2024-07-26 00:00,M14 5NH,T,N,L,98,,ST IVES ROAD,,MANCHESTER,MANCHESTER,GREATER MANCHESTER,A,A
{31C68072-31EB-FEE3-E063-4804A8C04F37},420000,2024-07-24 00:00,M14 6EQ,S,N,F,8,,WELLINGTON ROAD,FALLOWFIELD,MANCHESTER,MANCHESTER,GREATER MANCHESTER,A,A
{31C68072-324C-FEE3-E063-4804A8C04F37},219000,2024-06-17 00:00,L15 5BL,T,N,F,21,,PAGEFIELD ROAD,,LIVERPOOL,LIVERPOOL,MERSEYSIDE,A,A
{1C3E72FF-28D6-F410-E063-4804A8C0DFA6},457500,2024-02-12 00:00,LS6 1DF,T,N,F,66,,RICHMOND MOUNT,HEADINGLEY,LEEDS,LEEDS,WEST YORKSHIRE,B,A
{1C3E72FF-2308-F410-E063-4804A8C0DFA6},215000,2024-01-26 00:00,CF24 0EN,T,N,F,16,,AUGUSTA STREET,,CARDIFF,CARDIFF,CARDIFF,B,A
{1A0C5C63-C0CC-7CBE-E063-4804A8C06C96},145000,2024-04-19 00:00,NE6 4DF,T,N,F,6,,MIDDLE STREET EAST,,NEWCASTLE UPON TYNE,NEWCASTLE UPON TYNE,TYNE AND WEAR,A,A
{1A0C5C63-C0E5-7CBE-E063-4804A8C06C96},139950,2024-04-12 00:00,NE6 1XJ,T,N,F,8,,LANGHORN CLOSE,,NEWCASTLE UPON TYNE,NEWCASTLE UPON TYNE,TYNE AND WEAR,A,A
{31C68071-E12C-FEE3-E063-4804A8C04F37},205000,2024-02-27 00:00,CF24 4HB,T,N,F,23,,DALTON STREET,,CARDIFF,CARDIFF,CARDIFF,A,A
{31C68071-E12E-FEE3-E063-4804A8C04F37},201000,2024-02-16 00:00,CF24 2NW,T,N,F,28,,CAMERON STREET,,CARDIFF,CARDIFF,CARDIFF,A,A
{31C68071-E13D-FEE3-E063-4804A8C04F37},330000,2024-03-04 00:00,CF24 0DS,F,N,L,ST. JAMES,8,NEWPORT ROAD,,CARDIFF,CARDIFF,CARDIFF,A,A
{1A0C5C63-C48C-7CBE-E063-4804A8C06C96},225000,2024-04-11 00:00,CF24 4NY,T,N,F,34,,DANIEL STREET,,CARDIFF,CARDIFF,CARDIFF,A,A
{1A0C5C63-BE6F-7CBE-E063-4804A8C06C96},85000,2024-05-03 00:00,NE6 2FS,T,N,F,93,,AVONDALE RISE,,NEWCASTLE UPON TYNE,NEWCASTLE UPON TYNE,TYNE AND WEAR,A,A
{1A0C5C63-BE71-7CBE-E063-4804A8C06C96},120000,2024-01-19 00:00,NE6 2EL,S,N,F,70,,BERESFORD GARDENS,,NEWCASTLE UPON TYNE,NEWCASTLE UPON TYNE,TYNE AND WEAR,A,A
{1A0C5C63-BE73-7CBE-E063-4804A8C06C96},150000,2024-03-28 00:00,NE6 5BB,F,N,L,53,,STRATFORD GROVE WEST,,NEWCASTLE UPON TYNE,NEWCASTLE UPON TYNE,TYNE AND WEAR,A,A
{1A0C5C63-BE81-7CBE-E063-4804A8C06C96},100000,2024-02-13 00:00,NE6 3UN,T,N,F,1588,,WALKER ROAD,,NEWCASTLE UPON TYNE,NEWCASTLE UPON TYNE,TYNE AND WEAR,A,A
{1A0C5C63-C122-7CBE-E063-4804A8C06C96},136000,2024-01-10 00:00,NE6 5UP,F,N,L,181,,BOSWORTH GARDENS,,NEWCASTLE UPON TYNE,NEWCASTLE UPON TYNE,TYNE AND WEAR,A,A
{1C3E72FF-2924-F410-E063-4804A8C0DFA6},240000,2024-06-18 00:00,LS6 2LP,S,N,F,40,,HARTLEY AVENUE,,LEEDS,LEEDS,WEST YORKSHIRE,B,A
{1A0C5C63-BE9D-7CBE-E063-4804A8C06C96},145000,2024-04-25 00:00,NE6 5TA,F,N,L,56,,SACKVILLE ROAD,,NEWCASTLE UPON TYNE,NEWCASTLE UPON TYNE,TYNE AND WEAR,A,A
{1A0C5C63-BEA1-7CBE-E063-4804A8C06C96},170000,2024-01-19 00:00,NE6 5EA,F,N,L,138,,TOSSON TERRACE,,NEWCASTLE UPON TYNE,NEWCASTLE UPON TYNE,TYNE AND WEAR,A,A
{1A0C5C63-C221-7CBE-E063-4804A8C06C96},215000,2024-03-21 00:00,NE6 4TT,S,N,F,2,,ALDERWOOD CRESCENT,,NEWCASTLE UPON TYNE,NEWCASTLE UPON TYNE,TYNE AND WEAR,A,A
{31C68072-0E6B-FEE3-E063-4804A8C04F37},170000,2024-12-20 00:00,M14 4DX,T,N,F,16,,CROFTON STREET,RUSHOLME,MANCHESTER,MANCHESTER,GREATER MANCHESTER,A,A
{1A0C5C63-C23B-7CBE-E063-4804A8C06C96},140000,2024-03-20 00:00,NE6 4SR,S,N,F,1040,,SHIELDS ROAD,,NEWCASTLE UPON TYNE,NEWCASTLE UPON TYNE,TYNE AND WEAR,A,A
{1A0C5C63-C4E5-7CBE-E063-4804A8C06C96},255000,2024-04-11 00:00,CF24 4HL,T,N,L,25,,MAINDY ROAD,,CARDIFF,CARDIFF,CARDIFF,A,A
{1A0C5C63-BEBF-7CBE-E063-4804A8C06C96},223000,2024-02-02 00:00,NE6 4PB,S,N,F,45,,APPLETREE GARDENS,,NEWCASTLE UPON TYNE,NEWCASTLE UPON TYNE,TYNE AND WEAR,A,A
{1A0C5C63-C23F-7CBE-E063-4804A8C06C96},209000,2024-04-09 00:00,NE6 5UE,S,N,F,54,,REDCAR ROAD,,NEWCASTLE UPON TYNE,NEWCASTLE UPON TYNE,TYNE AND WEAR,A,A
{44F406B7-543D-1095-E063-4704A8C048D4},150000,2024-10-31 00:00,NE6 5LS,F,N,L,44,,WARTON TERRACE,,NEWCASTLE UPON TYNE,NEWCASTLE UPON TYNE,TYNE AND WEAR,B,A
{1A0C5C63-C25A-7CBE-E063-4804A8C06C96},201000,2024-01-24 00:00,CF24 3HP,T,N,F,108,,TREHARRIS STREET,,CARDIFF,CARDIFF,CARDIFF,A,A
{1A0C5C63-BEFA-7CBE-E063-4804A8C06C96},51000,2024-01-12 00:00,NE6 3NP,F,N,L,12,,KINGSMERE GARDENS,,NEWCASTLE UPON TYNE,NEWCASTLE UPON TYNE,TYNE AND WEAR,A,A
{1A0C5C63-BF04-7CBE-E063-4804A8C06C96},147000,2024-05-01 00:00,NE6 5YB,F,N,L,83,,EIGHTH AVENUE,,NEWCASTLE UPON TYNE,NEWCASTLE UPON TYNE,TYNE AND WEAR,A,A
{1A0C5C63-C275-7CBE-E063-4804A8C06C96},200000,2024-03-21 00:00,CF24 4QP,T,N,F,16,,HAZELDENE AVENUE,,CARDIFF,CARDIFF,CARDIFF,A,A
{1A0C5C63-C278-7CBE-E063-4804A8C06C96},300000,2024-03-28 00:00,CF24 4LF,T,N,F,56,,BRITHDIR STREET,,CARDIFF,CARDIFF,CARDIFF,A,A
{31C68072-3251-FEE3-E063-4804A8C04F37},186000,2024-08-27 00:00,L15 4HN,T,N,F,27,,EASTDALE ROAD,,LIVERPOOL,LIVERPOOL,MERSEYSIDE,A,A
{44F406B7-54ED-1095-E063-4704A8C048D4},12750,2024-12-06 00:00,CF24 4JJ,O,N,F,32,,MERTHYR STREET,CATHAYS,CARDIFF,CARDIFF,CARDIFF,B,A
{44F406B7-5500-1095-E063-4704A8C048D4},280000,2024-12-20 00:00,CF24 4HQ,T,N,F,64,,MAINDY ROAD,,CARDIFF,CARDIFF,CARDIFF,B,A
{1A0C5C63-C282-7CBE-E063-4804A8C06C96},247000,2024-01-05 00:00,CF24 1NX,T,N,F,15,,BERTRAM STREET,,CARDIFF,CARDIFF,CARDIFF,A,A
{1A0C5C63-BF0A-7CBE-E063-4804A8C06C96},60000,2024-04-30 00:00,NE6 3NP,F,N,L,22,,KINGSMERE GARDENS,,NEWCASTLE UPON TYNE,NEWCASTLE UPON TYNE,TYNE AND WEAR,A,A
{1A0C5C63-C292-7CBE-E063-4804A8C06C96},158000,2024-01-19 00:00,CF24 2AR,T,N,F,22,,ASGOG STREET,,CARDIFF,CARDIFF,CARDIFF,A,A
{4C1B673F-DB3C-D8EA-E063-4704A8C0BF7D},252500,2024-09-17 00:00,LS6 2BZ,F,N,L,GRANGE COURT,FLAT 2,NORTH GRANGE MOUNT,,LEEDS,LEEDS,WEST YORKSHIRE,A,A
{1EAE3DF6-4F9A-9EB1-E063-4704A8C09D02},175000,2024-03-28 00:00,CF24 4RL,S,N,L,91,,MACKINTOSH PLACE,,CARDIFF,CARDIFF,CARDIFF,A,A
{1EAE3DF6-50E7-9EB1-E063-4704A8C09D02},183000,2024-04-19 00:00,CF24 3EG,F,N,L,RUSSELL COURT,FLAT 3,RUSSELL STREET,,CARDIFF,CARDIFF,CARDIFF,A,A
{44F406B7-5561-1095-E063-4704A8C048D4},53241519,2024-12-13 00:00,CF24 4FU,O,N,F,LIBERTY CAMBRIAN POINT,MANAGEMENT SUITE,MAINDY ROAD,,CARDIFF,CARDIFF,CARDIFF,B,A
{44F406B7-55BF-1095-E063-4704A8C048D4},395000,2024-11-05 00:00,CF24 3RE,O,N,F,28,,OAKFIELD STREET,,CARDIFF,CARDIFF,CARDIFF,B,A
{44F406B7-55D4-1095-E063-4704A8C048D4},9382500,2024-08-22 00:00,CF24 5UB,O,N,F,UNIT 36-38,,PORTMANMOOR ROAD INDUSTRIAL ESTATE,,CARDIFF,CARDIFF,CARDIFF,B,A
{1EAE3DF6-4E79-9EB1-E063-4704A8C09D02},230000,2024-06-07 00:00,CF24 2RY,T,N,F,3,,CWRT COLES,,CARDIFF,CARDIFF,CARDIFF,A,A
{1EAE3DF6-4E86-9EB1-E063-4704A8C09D02},178000,2024-06-25 00:00,CF24 0HH,T,N,F,93,,ANDERSON PLACE,,CARDIFF,CARDIFF,CARDIFF,A,A
{1EAE3DF6-4FFB-9EB1-E063-4704A8C09D02},129950,2024-06-21 00:00,CF24 5FB,F,N,L,19,,MOORHEAD CLOSE,SPLOTT,CARDIFF,CARDIFF,CARDIFF,A,A
{31C68071-E18B-FEE3-E063-4804A8C04F37},205000,2024-03-19 00:00,CF24 2LS,T,N,F,2,,VALE ROAD,,CARDIFF,CARDIFF,CARDIFF,A,A
{49E87C32-FA9D-591C-E063-4704A8C00C31},120000,2024-11-22 00:00,NE6 3DP,O,N,F,"CITY OF GOD CHRISTIAN CENTRE, 25",,CHURCH WALK,,NEWCASTLE UPON TYNE,NEWCASTLE UPON TYNE,TYNE AND WEAR,B,A
{4E75C29C-FB77-8922-E063-4804A8C094D0},200000,2024-08-30 00:00,CF24 3QR,T,N,F,15,,ELM STREET,,CARDIFF,CARDIFF,CARDIFF,A,A
{4E75C29D-F8FE-8922-E063-4804A8C094D0},45000,2024-08-29 00:00,LS6 2FD,F,N,L,TRINITY HALL,50C,HOLBORN APPROACH,,LEEDS,LEEDS,WEST YORKSHIRE,A,A
{1EAE3DF6-50B3-9EB1-E063-4704A8C09D02},247000,2024-05-31 00:00,CF24 3QS,T,N,F,28,,ELM STREET,,CARDIFF,CARDIFF,CARDIFF,A,A
{4C1B6740-0141-D8EA-E063-4704A8C0BF7D},205000,2024-08-23 00:00,M1 3BP,F,N,L,5,APARTMENT 803,PICCADILLY PLACE,,MANCHESTER,MANCHESTER,GREATER MANCHESTER,B,A
{1EAE3DF6-5055-9EB1-E063-4704A8C09D02},245000,2024-07-10 00:00,CF24 0JZ,T,N,F,40,,METAL STREET,,CARDIFF,CARDIFF,CARDIFF,A,A
{2F7F2B43-39BD-E08F-E063-4804A8C05A49},100500,2024-12-10 00:00,L15 4HB,T,N,F,8,,STEVENSON STREET,,LIVERPOOL,LIVERPOOL,MERSEYSIDE,B,A
{4E75C29D-896A-8922-E063-4804A8C094D0},127000,2024-01-26 00:00,NG7 6PZ,T,N,F,37,,HARCOURT ROAD,,NOTTINGHAM,CITY OF NOTTINGHAM,CITY OF NOTTINGHAM,A,A
{5340B1C5-614F-8052-E063-4804A8C06EE4},200000,2024-12-23 00:00,M1 5EB,F,N,L,51,APARTMENT 405,WHITWORTH STREET WEST,,MANCHESTER,MANCHESTER,GREATER MANCHESTER,A,A
{3DCCB7CA-2140-5B9D-E063-4704A8C0331E},189000,2024-11-15 00:00,M1 5QD,F,N,L,"THE QUADRANGLE, 1",APARTMENT 146,LOWER ORMOND STREET,,MANCHESTER,MANCHESTER,GREATER MANCHESTER,A,A
{3DCCB7CA-217C-5B9D-E063-4704A8C0331E},175000,2024-07-08 00:00,M1 1EW,F,N,L,72 - 76,APARTMENT 105,NEWTON STREET,,MANCHESTER,MANCHESTER,GREATER MANCHESTER,A,A
{50D10B83-D927-B8D0-E063-4704A8C08D98},189000,2024-05-03 00:00,CF24 2FY,F,N,L,ORIEL HOUSE,25,WINDSOR ROAD,,CARDIFF,CARDIFF,CARDIFF,A,A
{3DCCB7CA-7BEF-5B9D-E063-4704A8C0331E},335100,2024-11-08 00:00,NE6 5QS,T,N,F,21,,ALEXANDRA ROAD,,NEWCASTLE UPON TYNE,NEWCASTLE UPON TYNE,TYNE AND WEAR,A,A
{3DCCB7CA-22BA-5B9D-E063-4704A8C0331E},425830,2024-07-19 00:00,M1 5LJ,F,N,L,42,FLAT 1005,GREAT BRIDGEWATER STREET,,MANCHESTER,MANCHESTER,GREATER MANCHESTER,A,A
{3DCCB7CA-100F-5B9D-E063-4704A8C0331E},300000,2024-09-13 00:00,M14 6RT,S,N,F,6,,HAWES AVENUE,,MANCHESTER,MANCHESTER,GREATER MANCHESTER,A,A
{3DCCB7CA-22C7-5B9D-E063-4704A8C0331E},189950,2024-08-15 00:00,M1 6JB,F,Y,L,115,FLAT 302,PRINCESS STREET,,MANCHESTER,MANCHESTER,GREATER MANCHESTER,A,A
{3DCCB7CA-22D9-5B9D-E063-4704A8C0331E},408000,2024-09-17 00:00,M1 5LG,F,N,L,42,FLAT 704,GREAT BRIDGEWATER STREET,,MANCHESTER,MANCHESTER,GREATER MANCHESTER,A,A
{50D10B84-AE69-B8D0-E063-4704A8C08D98},770000,2024-10-08 00:00,CF24 5HB,O,N,F,UNIT 49,,PORTMANMOOR ROAD INDUSTRIAL ESTATE,,CARDIFF,CARDIFF,CARDIFF,B,A
{1EAE3DF6-5152-9EB1-E063-4704A8C09D02},290000,2024-07-01 00:00,CF24 3EZ,T,N,F,66,,COTTRELL ROAD,ROATH,CARDIFF,CARDIFF,CARDIFF,A,A
{49E87C32-DE8B-591C-E063-4704A8C00C31},183000,2024-12-20 00:00,M14 7GD,T,N,F,122,,HORTON ROAD,,MANCHESTER,MANCHESTER,GREATER MANCHESTER,B,A
{49E87C32-23CD-591C-E063-4704A8C00C31},514500,2024-10-02 00:00,M1 5LR,F,Y,L,42,FLAT 3602,GREAT BRIDGEWATER STREET,,MANCHESTER,MANCHESTER,GREATER MANCHESTER,A,A
{3DCCB7C9-EB39-5B9D-E063-4704A8C0331E},235000,2024-10-28 00:00,M1 2DP,F,N,L,"NAVIGATION HOUSE, 20",APARTMENT 12,DUCIE STREET,,MANCHESTER,MANCHESTER,GREATER MANCHESTER,A,A
{3DCCB7CA-2B6D-5B9D-E063-4704A8C0331E},292000,2024-04-30 00:00,L15 8HS,F,N,L,"GROVE MANOR, 21A",APARTMENT 5,CHESTNUT GROVE,WAVERTREE,LIVERPOOL,LIVERPOOL,MERSEYSIDE,A,A
{3DCCB7CA-2B7C-5B9D-E063-4704A8C0331E},200000,2024-10-04 00:00,L15 5BX,T,N,F,20,,DEEPFIELD ROAD,,LIVERPOOL,LIVERPOOL,MERSEYSIDE,A,A
{4E75C29E-480B-8922-E063-4804A8C094D0},16707577,2024-07-05 00:00,CF24 5HF,O,N,L,UNIT 23,,OCEAN WAY,,CARDIFF,CARDIFF,CARDIFF,B,A
{4E75C29E-4836-8922-E063-4804A8C094D0},16707577,2024-07-05 00:00,CF24 5HF,O,N,L,13,,OCEAN WAY,,CARDIFF,CARDIFF,CARDIFF,B,A
{4E75C29E-4840-8922-E063-4804A8C094D0},16707577,2024-07-05 00:00,CF24 5HF,O,N,L,APPLETREE NURSERY,,OCEAN WAY,,CARDIFF,CARDIFF,CARDIFF,B,A
{4E75C29E-4850-8922-E063-4804A8C094D0},16707577,2024-07-05 00:00,CF24 5HF,O,N,L,SOLAGLAS LTD,,OCEAN WAY,,CARDIFF,CARDIFF,CARDIFF,B,A
{4E75C29E-485D-8922-E063-4804A8C094D0},16707577,2024-07-05 00:00,CF24 5TG,O,N,L,SITE 5D,UNIT1,OCEAN WAY,,CARDIFF,CARDIFF,CARDIFF,B,A
{4E75C29E-4876-8922-E063-4804A8C094D0},16707577,2024-07-05 00:00,CF24 5TD,O,N,L,UNIT 2,,TRIDENT COURT,,CARDIFF,CARDIFF,CARDIFF,B,A
{4E75C29E-487E-8922-E063-4804A8C094D0},16707577,2024-07-05 00:00,CF24 5HF,O,N,L,UNIT 1B,,OCEAN WAY,,CARDIFF,CARDIFF,CARDIFF,B,A
{1EAE3DF6-53FF-9EB1-E063-4704A8C09D02},250000,2024-06-21 00:00,CF24 3HE,T,N,F,34,,CYFARTHFA STREET,,CARDIFF,CARDIFF,CARDIFF,A,A
{3DCCB7CA-7D23-5B9D-E063-4704A8C0331E},280000,2024-06-28 00:00,CF24 4RB,T,N,F,25,,CLUN TERRACE,,CARDIFF,CARDIFF,CARDIFF,A,A
{1EAE3DF6-5585-9EB1-E063-4704A8C09D02},215000,2024-03-27 00:00,CF24 3EN,T,N,F,13,,PLASNEWYDD ROAD,,CARDIFF,CARDIFF,CARDIFF,A,A
{1EAE3DF6-55DC-9EB1-E063-4704A8C09D02},188000,2024-05-22 00:00,CF24 2QL,S,N,F,20,,TAYMUIR ROAD,,CARDIFF,CARDIFF,CARDIFF,A,A
{2F7F2B43-3A04-E08F-E063-4804A8C05A49},155000,2024-10-18 00:00,L15 3JE,T,N,F,39,,BROOKDALE ROAD,,LIVERPOOL,LIVERPOOL,MERSEYSIDE,A,A
{2F7F2B43-3E1F-E08F-E063-4804A8C05A49},439000,2024-07-16 00:00,L15 7LE,S,N,F,1,,WAVERTREE NOOK ROAD,,LIVERPOOL,LIVERPOOL,MERSEYSIDE,A,A
{2F7F2B43-51C2-E08F-E063-4804A8C05A49},175000,2024-10-04 00:00,NG7 5PU,S,N,F,42,,FIELD MAPLE DRIVE,,NOTTINGHAM,CITY OF NOTTINGHAM,CITY OF NOTTINGHAM,A,A
{2F7F2B43-51D2-E08F-E063-4804A8C05A49},285000,2024-08-13 00:00,NG7 1AF,F,N,L,THE PARK OCTAGON,FLAT 11,WESTERN TERRACE,THE PARK,NOTTINGHAM,CITY OF NOTTINGHAM,CITY OF NOTTINGHAM,A,A
{1C3E72FD-F696-F410-E063-4804A8C0DFA6},152000,2024-01-31 00:00,CF24 2RJ,S,N,F,14,,KENYON ROAD,,CARDIFF,CARDIFF,CARDIFF,A,A
{2F7F2B43-3A48-E08F-E063-4804A8C05A49},400000,2024-08-30 00:00,L15 7LS,S,N,L,24,,HEYWOOD ROAD,,LIVERPOOL,LIVERPOOL,MERSEYSIDE,A,A
{3DCCB7CA-8170-5B9D-E063-4704A8C0331E},254000,2024-12-12 00:00,CF24 3JU,T,N,F,145,,KEPPOCH STREET,,CARDIFF,CARDIFF,CARDIFF,A,A
{2F7F2B43-3AA5-E08F-E063-4804A8C05A49},235000,2024-08-08 00:00,L15 8LZ,T,N,F,11,,VICTORIA COURT,WAVERTREE,LIVERPOOL,LIVERPOOL,MERSEYSIDE,A,A
{2D4D7609-F545-BDF9-E063-4804A8C0672F},110173,2024-03-28 00:00,NE6 5BZ,S,Y,F,19,,MURRAY CLOSE,,NEWCASTLE UPON TYNE,NEWCASTLE UPON TYNE,TYNE AND WEAR,B,A
{2D4D7609-F546-BDF9-E063-4804A8C0672F},110173,2024-03-28 00:00,NE6 5BZ,S,Y,F,20,,MURRAY CLOSE,,NEWCASTLE UPON TYNE,NEWCASTLE UPON TYNE,TYNE AND WEAR,B,A
{2D4D7609-F548-BDF9-E063-4804A8C0672F},104000,2024-05-17 00:00,NE6 5BZ,T,Y,F,8,,MURRAY CLOSE,,NEWCASTLE UPON TYNE,NEWCASTLE UPON TYNE,TYNE AND WEAR,B,A
{2D4D7609-F549-BDF9-E063-4804A8C0672F},104000,2024-05-17 00:00,NE6 5BZ,T,Y,F,9,,MURRAY CLOSE,,NEWCASTLE UPON TYNE,NEWCASTLE UPON TYNE,TYNE AND WEAR,B,A
{2D4D7609-F54A-BDF9-E063-4804A8C0672F},104000,2024-05-17 00:00,NE6 5BZ,T,Y,F,10,,MURRAY CLOSE,,NEWCASTLE UPON TYNE,NEWCASTLE UPON TYNE,TYNE AND WEAR,B,A
{2D4D7609-F54B-BDF9-E063-4804A8C0672F},134346,2024-05-17 00:00,NE6 5BZ,S,Y,F,11,,MURRAY CLOSE,,NEWCASTLE UPON TYNE,NEWCASTLE UPON TYNE,TYNE AND WEAR,B,A
{2D4D7609-F54C-BDF9-E063-4804A8C0672F},134346,2024-05-17 00:00,NE6 5BZ,S,Y,F,12,,MURRAY CLOSE,,NEWCASTLE UPON TYNE,NEWCASTLE UPON TYNE,TYNE AND WEAR,B,A
{2D4D7609-F54D-BDF9-E063-4804A8C0672F},104000,2024-05-17 00:00,NE6 5BZ,T,Y,F,14,,MURRAY CLOSE,,NEWCASTLE UPON TYNE,NEWCASTLE UPON TYNE,TYNE AND WEAR,B,A
{2D4D7609-F54E-BDF9-E063-4804A8C0672F},104000,2024-05-17 00:00,NE6 5BZ,T,Y,F,15,,MURRAY CLOSE,,NEWCASTLE UPON TYNE,NEWCASTLE UPON TYNE,TYNE AND WEAR,B,A
{2D4D7609-F54F-BDF9-E063-4804A8C0672F},104000,2024-05-17 00:00,NE6 5BZ,T,Y,F,16,,MURRAY CLOSE,,NEWCASTLE UPON TYNE,NEWCASTLE UPON TYNE,TYNE AND WEAR,B,A
{2D4D7609-F550-BDF9-E063-4804A8C0672F},94000,2024-05-17 00:00,NE6 5BZ,S,Y,F,17,,MURRAY CLOSE,,NEWCASTLE UPON TYNE,NEWCASTLE UPON TYNE,TYNE AND WEAR,B,A
{2D4D7609-F551-BDF9-E063-4804A8C0672F},94000,2024-05-17 00:00,NE6 5BZ,S,Y,F,18,,MURRAY CLOSE,,NEWCASTLE UPON TYNE,NEWCASTLE UPON TYNE,TYNE AND WEAR,B,A
{2D4D7609-F55F-BDF9-E063-4804A8C0672F},110173,2024-09-09 00:00,NE6 5BW,T,Y,F,25,,WATSON DRIVE,,NEWCASTLE UPON TYNE,NEWCASTLE UPON TYNE,TYNE AND WEAR,B,A
{2D4D7609-F560-BDF9-E063-4804A8C0672F},110173,2024-09-09 00:00,NE6 5BW,T,Y,F,23,,WATSON DRIVE,,NEWCASTLE UPON TYNE,NEWCASTLE UPON TYNE,TYNE AND WEAR,B,A
{2D4D7609-F561-BDF9-E063-4804A8C0672F},110173,2024-09-09 00:00,NE6 5BW,T,Y,F,21,,WATSON DRIVE,,NEWCASTLE UPON TYNE,NEWCASTLE UPON TYNE,TYNE AND WEAR,B,A
{2F7F2B43-3AFC-E08F-E063-4804A8C05A49},200000,2024-07-26 00:00,L15 3HT,T,N,F,90,,BLANTYRE ROAD,,LIVERPOOL,LIVERPOOL,MERSEYSIDE,B,A
{1A0C5C63-F925-7CBE-E063-4804A8C06C96},3800,2024-01-17 00:00,M14 5JR,O,N,F,14,,BRIGHTON GROVE,,MANCHESTER,MANCHESTER,GREATER MANCHESTER,B,A
{1A0C5C63-F92F-7CBE-E063-4804A8C06C96},215000,2024-01-19 00:00,L15 2HN,T,N,F,65,,EGERTON ROAD,,LIVERPOOL,LIVERPOOL,MERSEYSIDE,B,A
{1A0C5C63-F93B-7CBE-E063-4804A8C06C96},266666,2024-04-17 00:00,M14 4DE,S,N,F,60,,HAYDN AVENUE,,MANCHESTER,MANCHESTER,GREATER MANCHESTER,B,A
{2D4D7609-E204-BDF9-E063-4804A8C0672F},600000,2024-05-09 00:00,M1 2WR,O,N,F,100,,FAIRFIELD STREET,,MANCHESTER,MANCHESTER,GREATER MANCHESTER,B,A
{2D4D7609-E213-BDF9-E063-4804A8C0672F},307500,2024-04-29 00:00,M1 5QE,F,N,L,"THE QUADRANGLE, 1",APARTMENT 167,LOWER ORMOND STREET,,MANCHESTER,MANCHESTER,GREATER MANCHESTER,B,A
{2D4D7609-E81B-BDF9-E063-4804A8C0672F},220000,2024-09-19 00:00,NG7 7EF,O,N,F,BLEACHERS YARD,UNIT 1,RADFORD ROAD,NEW BASFORD,NOTTINGHAM,CITY OF NOTTINGHAM,CITY OF NOTTINGHAM,B,A
{2F7F2B43-52C0-E08F-E063-4804A8C05A49},165500,2024-07-04 00:00,NG7 6HS,T,N,F,119,,BERRIDGE ROAD,,NOTTINGHAM,CITY OF NOTTINGHAM,CITY OF NOTTINGHAM,A,A
{1A0C5C63-FE39-7CBE-E063-4804A8C06C96},120000,2024-05-17 00:00,M14 4DY,T,N,F,173,,ACOMB STREET,,MANCHESTER,MANCHESTER,GREATER MANCHESTER,B,A
{2D4D7609-F562-BDF9-E063-4804A8C0672F},110346,2024-09-24 00:00,NE6 5BW,T,Y,F,31,,WATSON DRIVE,,NEWCASTLE UPON TYNE,NEWCASTLE UPON TYNE,TYNE AND WEAR,B,A
{2D4D7609-F563-BDF9-E063-4804A8C0672F},110346,2024-09-24 00:00,NE6 5BW,S,Y,F,33,,WATSON DRIVE,,NEWCASTLE UPON TYNE,NEWCASTLE UPON TYNE,TYNE AND WEAR,B,A
{2D4D7609-F566-BDF9-E063-4804A8C0672F},94000,2024-10-18 00:00,NE6 5BW,S,Y,F,37,,WATSON DRIVE,,NEWCASTLE UPON TYNE,NEWCASTLE UPON TYNE,TYNE AND WEAR,B,A
{2D4D7609-F567-BDF9-E063-4804A8C0672F},94000,2024-10-18 00:00,NE6 5BW,S,Y,F,35,,WATSON DRIVE,,NEWCASTLE UPON TYNE,NEWCASTLE UPON TYNE,TYNE AND WEAR,B,A
{2D4D7609-F56A-BDF9-E063-4804A8C0672F},94000,2024-12-05 00:00,NE6 5EQ,T,Y,F,9,,RAVEN WAY,,NEWCASTLE UPON TYNE,NEWCASTLE UPON TYNE,TYNE AND WEAR,B,A
{2D4D7609-F56B-BDF9-E063-4804A8C0672F},74172,2024-12-05 00:00,NE6 5EQ,T,Y,F,11,,RAVEN WAY,,NEWCASTLE UPON TYNE,NEWCASTLE UPON TYNE,TYNE AND WEAR,B,A
{2D4D7609-F56C-BDF9-E063-4804A8C0672F},94000,2024-12-05 00:00,NE6 5EQ,T,Y,F,15,,RAVEN WAY,,NEWCASTLE UPON TYNE,NEWCASTLE UPON TYNE,TYNE AND WEAR,B,A
{2D4D7609-F582-BDF9-E063-4804A8C0672F},118000,2024-12-20 00:00,CF24 4GA,O,N,F,10,,PEN Y WAIN PLACE,,CARDIFF,CARDIFF,CARDIFF,B,A
{1C3E72FE-F2F0-F410-E063-4804A8C0DFA6},480000,2024-02-22 00:00,CF24 5JQ,O,N,L,REGENTS COURT,UNIT 2,NETTLEFOLD ROAD,,CARDIFF,CARDIFF,CARDIFF,B,A
{2D4D7609-DBFC-BDF9-E063-4804A8C0672F},165000,2024-12-12 00:00,M14 4RQ,T,N,F,92,,HARTINGTON STREET,,MANCHESTER,MANCHESTER,GREATER MANCHESTER,B,A
{2D4D7609-DBFD-BDF9-E063-4804A8C0672F},183000,2024-08-22 00:00,M14 7PQ,T,N,L,23,,NEWLYN STREET,,MANCHESTER,MANCHESTER,GREATER MANCHESTER,B,A
{1A0C5C63-F331-7CBE-E063-4804A8C06C96},242000,2024-05-02 00:00,M14 6PY,T,N,F,86,,BRAILSFORD ROAD,,MANCHESTER,MANCHESTER,GREATER MANCHESTER,B,A
{2ACACE8D-029D-295E-E063-4804A8C0B0EB},295000,2024-08-22 00:00,M1 3HE,F,N,L,1A,FLAT 3,CANAL STREET,,MANCHESTER,MANCHESTER,GREATER MANCHESTER,A,A
{2D4D7609-E838-BDF9-E063-4804A8C0672F},165000,2024-12-18 00:00,NG7 6FZ,T,N,F,16,,GOODLIFFE STREET,,NOTTINGHAM,CITY OF NOTTINGHAM,CITY OF NOTTINGHAM,B,A
{2D4D7609-E841-BDF9-E063-4804A8C0672F},161000,2024-04-12 00:00,NG7 2DG,T,N,F,105,,HERON DRIVE,LENTON,NOTTINGHAM,CITY OF NOTTINGHAM,CITY OF NOTTINGHAM,B,A
{2D4D7609-E851-BDF9-E063-4804A8C0672F},165000,2024-08-19 00:00,NG7 6AR,T,N,F,221,,NOEL STREET,,NOTTINGHAM,CITY OF NOTTINGHAM,CITY OF NOTTINGHAM,B,A
{2ACACE8D-0993-295E-E063-4804A8C0B0EB},288000,2024-11-29 00:00,L15 8NA,D,N,F,1,,THORLEY CLOSE,,LIVERPOOL,LIVERPOOL,MERSEYSIDE,A,A
{2D4D7609-F590-BDF9-E063-4804A8C0672F},247000,2024-10-18 00:00,CF24 2ER,T,N,F,22,,ABERDOVEY STREET,,CARDIFF,CARDIFF,CARDIFF,B,A
{2D4D7609-F591-BDF9-E063-4804A8C0672F},294000,2024-12-23 00:00,CF24 4HS,T,N,F,25,,CATHAYS TERRACE,,CARDIFF,CARDIFF,CARDIFF,B,A
{2D4D7609-F599-BDF9-E063-4804A8C0672F},235000,2024-12-18 00:00,CF24 4QU,T,N,F,26,,TEWKESBURY PLACE,,CARDIFF,CARDIFF,CARDIFF,B,A
{2D4D7609-F59F-BDF9-E063-4804A8C0672F},167000,2024-08-02 00:00,CF24 1RB,T,N,L,176,,PEARL STREET,,CARDIFF,CARDIFF,CARDIFF,B,A
{2D4D7609-F5A0-BDF9-E063-4804A8C0672F},160000,2024-11-22 00:00,CF24 4RQ,T,N,F,10,,MACKINTOSH PLACE,,CARDIFF,CARDIFF,CARDIFF,B,A
{2D4D7609-F5B0-BDF9-E063-4804A8C0672F},187000,2024-08-02 00:00,CF24 4DL,T,N,F,181,,RHYMNEY STREET,,CARDIFF,CARDIFF,CARDIFF,B,A
{2D4D7609-F5BB-BDF9-E063-4804A8C0672F},9760000,2024-04-10 00:00,CF24 4JH,O,N,F,46,,HIRWAIN STREET,,CARDIFF,CARDIFF,CARDIFF,B,A
{2D4D7609-D600-BDF9-E063-4804A8C0672F},364320,2024-11-22 00:00,M14 5DL,T,N,F,20,,BELGRAVE AVENUE,,MANCHESTER,MANCHESTER,GREATER MANCHESTER,B,A
{2F7F2B43-3B9B-E08F-E063-4804A8C05A49},31500,2024-12-13 00:00,L15 8GL,F,N,L,9,,ABBEYMILL COURT,WAVERTREE,LIVERPOOL,LIVERPOOL,MERSEYSIDE,B,A
{2F7F2B43-3B9D-E08F-E063-4804A8C05A49},31500,2024-12-13 00:00,L15 8JS,F,N,L,107,,HIGH STREET,WAVERTREE,LIVERPOOL,LIVERPOOL,MERSEYSIDE,B,A
{1C3E72FE-F3DC-F410-E063-4804A8C0DFA6},31500,2024-06-13 00:00,CF24 0LG,O,N,F,22,,SILVER STREET,,CARDIFF,CARDIFF,CARDIFF,B,A
{1C3E72FE-F45C-F410-E063-4804A8C0DFA6},455000,2024-05-31 00:00,CF24 3PU,T,N,F,37,,CONNAUGHT ROAD,,CARDIFF,CARDIFF,CARDIFF,B,A
{2D4D7609-E875-BDF9-E063-4804A8C0672F},215000,2024-12-20 00:00,NG7 3PH,F,N,L,15,,DENISON COURT,,NOTTINGHAM,CITY OF NOTTINGHAM,CITY OF NOTTINGHAM,B,A
{2D4D7609-E877-BDF9-E063-4804A8C0672F},118500,2024-12-17 00:00,NG7 4ET,F,N,L,ROYAL VICTORIA COURT,FLAT 30,GAMBLE STREET,,NOTTINGHAM,CITY OF NOTTINGHAM,CITY OF NOTTINGHAM,B,A
{2D4D7609-E882-BDF9-E063-4804A8C0672F},410000,2024-07-26 00:00,NG7 2DS,S,N,F,6,,DEVONSHIRE PROMENADE,,NOTTINGHAM,CITY OF NOTTINGHAM,CITY OF NOTTINGHAM,B,A
{2F7F2B43-5339-E08F-E063-4804A8C05A49},535500,2024-10-11 00:00,NG7 1EF,F,N,L,LINDON HOUSE,FLAT 2,CLUMBER ROAD WEST,,NOTTINGHAM,CITY OF NOTTINGHAM,CITY OF NOTTINGHAM,A,A
{2ACACE8D-09AF-295E-E063-4804A8C0B0EB},240000,2024-11-13 00:00,L15 8NB,S,N,F,19,,SHERWELL CLOSE,,LIVERPOOL,LIVERPOOL,MERSEYSIDE,A,A
{2D4D7609-F5BD-BDF9-E063-4804A8C0672F},230000,2024-07-19 00:00,CF24 3BG,T,N,F,32,,RUSSELL STREET,,CARDIFF,CARDIFF,CARDIFF,B,A
{2D4D7609-F5C1-BDF9-E063-4804A8C0672F},230000,2024-08-13 00:00,CF24 4NY,T,N,F,36,,DANIEL STREET,,CARDIFF,CARDIFF,CARDIFF,B,A
{2D4D7609-D60B-BDF9-E063-4804A8C0672F},178000,2024-08-02 00:00,M14 4RW,T,N,F,18,,HARTINGTON STREET,,MANCHESTER,MANCHESTER,GREATER MANCHESTER,B,A
{2D4D7609-DC54-BDF9-E063-4804A8C0672F},125000,2024-06-19 00:00,L15 7LF,O,N,F,67,,WAVERTREE NOOK ROAD,,LIVERPOOL,LIVERPOOL,MERSEYSIDE,B,A
{2D4D7609-DC65-BDF9-E063-4804A8C0672F},105000,2024-12-19 00:00,L15 0HU,T,N,F,54,,WHITMAN STREET,,LIVERPOOL,LIVERPOOL,MERSEYSIDE,B,A
{2D4D7609-E2F7-BDF9-E063-4804A8C0672F},76500,2024-12-02 00:00,L15 4JX,T,N,F,55,,COLVILLE STREET,WAVERTREE,LIVERPOOL,LIVERPOOL,MERSEYSIDE,B,A
{2D4D7609-E2FE-BDF9-E063-4804A8C0672F},90000,2024-05-03 00:00,L15 0HN,T,N,F,83,,BARTLETT STREET,,LIVERPOOL,LIVERPOOL,MERSEYSIDE,B,A
{2ACACE8D-02EC-295E-E063-4804A8C0B0EB},317500,2024-08-12 00:00,M14 7HB,T,N,F,10,,MORLEY AVENUE,,MANCHESTER,MANCHESTER,GREATER MANCHESTER,A,A
{2ACACE8D-02FC-295E-E063-4804A8C0B0EB},315000,2024-03-15 00:00,M1 5JB,F,N,L,"AXIS TOWER, 9",FLAT 24,WHITWORTH STREET WEST,,MANCHESTER,MANCHESTER,GREATER MANCHESTER,A,A
{2ACACE8D-02FD-295E-E063-4804A8C0B0EB},275000,2024-09-13 00:00,M1 5JD,F,N,L,"AXIS TOWER, 9",FLAT 99,WHITWORTH STREET WEST,,MANCHESTER,MANCHESTER,GREATER MANCHESTER,A,A
{2D4D7609-F60D-BDF9-E063-4804A8C0672F},400000,2024-12-18 00:00,CF24 4BJ,T,N,F,129,,WYEVERNE ROAD,,CARDIFF,CARDIFF,CARDIFF,B,A
{2ACACE8D-09DF-295E-E063-4804A8C0B0EB},250000,2024-11-22 00:00,L15 5BS,T,N,F,27,,BRIERFIELD ROAD,,LIVERPOOL,LIVERPOOL,MERSEYSIDE,A,A
{2ACACE8D-09E7-295E-E063-4804A8C0B0EB},176500,2024-11-22 00:00,L15 4HQ,T,N,F,50,,RATHBONE ROAD,WAVERTREE,LIVERPOOL,LIVERPOOL,MERSEYSIDE,A,A
{2D4D7609-F615-BDF9-E063-4804A8C0672F},400000,2024-12-18 00:00,CF24 4BJ,T,N,F,127,,WYEVERNE ROAD,,CARDIFF,CARDIFF,CARDIFF,B,A
{2D4D7609-F617-BDF9-E063-4804A8C0672F},320000,2024-12-20 00:00,CF24 4QL,T,N,F,35,,DOGFIELD STREET,,CARDIFF,CARDIFF,CARDIFF,B,A
{2D4D7609-F618-BDF9-E063-4804A8C0672F},230000,2024-12-19 00:00,CF24 4DF,S,N,F,1,,RHYMNEY STREET,,CARDIFF,CARDIFF,CARDIFF,B,A
{2D4D7609-D653-BDF9-E063-4804A8C0672F},177000,2024-12-13 00:00,M14 4SB,T,N,F,15,,BERESFORD STREET,,MANCHESTER,MANCHESTER,GREATER MANCHESTER,B,A
{2D4D7609-DC6C-BDF9-E063-4804A8C0672F},200000,2024-05-10 00:00,L15 5AJ,O,N,F,306,,SMITHDOWN ROAD,,LIVERPOOL,LIVERPOOL,MERSEYSIDE,B,A
{2D4D7609-E31F-BDF9-E063-4804A8C0672F},150000,2024-08-30 00:00,L15 8JS,O,N,F,106,,HIGH STREET,WAVERTREE,LIVERPOOL,LIVERPOOL,MERSEYSIDE,B,A
{2D4D7609-E337-BDF9-E063-4804A8C0672F},185000,2024-11-26 00:00,L15 0HH,T,N,F,32,,LISCARD ROAD,,LIVERPOOL,LIVERPOOL,MERSEYSIDE,B,A
{2ACACE8D-030B-295E-E063-4804A8C0B0EB},202000,2024-11-22 00:00,M1 5JB,F,N,L,"AXIS TOWER, 9",FLAT 57,WHITWORTH STREET WEST,,MANCHESTER,MANCHESTER,GREATER MANCHESTER,A,A
{2D4D7609-F623-BDF9-E063-4804A8C0672F},460000,2024-04-10 00:00,CF24 4JE,T,N,F,58,,LLANTRISANT STREET,,CARDIFF,CARDIFF,CARDIFF,B,A
{2D4D7609-E362-BDF9-E063-4804A8C0672F},140000,2024-12-09 00:00,L15 3HZ,T,N,F,16,,SEAMAN ROAD,,LIVERPOOL,LIVERPOOL,MERSEYSIDE,B,A
{2D4D7609-E920-BDF9-E063-4804A8C0672F},297000,2024-08-23 00:00,NG7 1JL,D,N,F,105,,HARRINGTON DRIVE,,NOTTINGHAM,CITY OF NOTTINGHAM,CITY OF NOTTINGHAM,B,A
{2ACACE8D-0323-295E-E063-4804A8C0B0EB},260000,2024-07-11 00:00,M1 3AJ,F,N,L,"LINTER BUILDING, 44",FLAT 407,WHITWORTH STREET,,MANCHESTER,MANCHESTER,GREATER MANCHESTER,A,A
{2ACACE8D-0326-295E-E063-4804A8C0B0EB},253000,2024-12-09 00:00,M1 2EW,F,N,L,"CRUSADER MILL, 70",FLAT 215,CHAPELTOWN STREET,,MANCHESTER,MANCHESTER,GREATER MANCHESTER,A,A
{2ACACE8D-032D-295E-E063-4804A8C0B0EB},247000,2024-12-12 00:00,M1 2EW,F,N,L,"CRUSADER MILL, 70",FLAT 214,CHAPELTOWN STREET,,MANCHESTER,MANCHESTER,GREATER MANCHESTER,A,A
{2D4D7609-F66C-BDF9-E063-4804A8C0672F},170000,2024-12-12 00:00,CF24 1QH,T,N,F,163,,BROADWAY,,CARDIFF,CARDIFF,CARDIFF,B,A
{2ACACE8D-0D56-295E-E063-4804A8C0B0EB},130000,2024-10-16 00:00,L15 1ES,T,N,F,109,,ASH GROVE,WAVERTREE,LIVERPOOL,LIVERPOOL,MERSEYSIDE,A,A
{2ACACE8D-0D65-295E-E063-4804A8C0B0EB},325000,2024-09-11 00:00,L15 7LS,T,N,F,40,,HEYWOOD ROAD,,LIVERPOOL,LIVERPOOL,MERSEYSIDE,A,A
{2D4D7609-E39D-BDF9-E063-4804A8C0672F},230000,2024-12-06 00:00,L15 6UX,S,N,L,108,,CHILDWALL ROAD,,LIVERPOOL,LIVERPOOL,MERSEYSIDE,B,A
{2D4D7609-E92D-BDF9-E063-4804A8C0672F},90000,2024-05-22 00:00,NG7 7GJ,O,N,F,18,,DELTA STREET,,NOTTINGHAM,CITY OF NOTTINGHAM,CITY OF NOTTINGHAM,B,A
{2ACACE8D-0395-295E-E063-4804A8C0B0EB},175000,2024-12-02 00:00,M14 6HZ,F,N,L,APPLEBY LODGE,FLAT 14,WILMSLOW ROAD,,MANCHESTER,MANCHESTER,GREATER MANCHESTER,A,A
{2D4D7609-D6F5-BDF9-E063-4804A8C0672F},427500,2024-07-04 00:00,M14 6PR,T,N,F,35,,BRAEMAR ROAD,,MANCHESTER,MANCHESTER,GREATER MANCHESTER,B,A
{2F7F2B43-3802-E08F-E063-4804A8C05A49},360000,2024-11-15 00:00,L15 7LU,T,N,L,41,,FIELDWAY,WAVERTREE,LIVERPOOL,LIVERPOOL,MERSEYSIDE,A,A
{2F7F2B43-4F8A-E08F-E063-4804A8C05A49},120000,2024-10-14 00:00,NG7 7FB,T,N,F,34,,REIGATE ROAD,,NOTTINGHAM,CITY OF NOTTINGHAM,CITY OF NOTTINGHAM,A,A
{2F7F2B43-4F92-E08F-E063-4804A8C05A49},95000,2024-12-20 00:00,NG7 7EZ,T,N,F,45,,SILVERDALE ROAD,,NOTTINGHAM,CITY OF NOTTINGHAM,CITY OF NOTTINGHAM,A,A
{2ACACE8D-0A5C-295E-E063-4804A8C0B0EB},86000,2024-04-24 00:00,L15 1EW,T,N,F,92,,BISHOPGATE STREET,,LIVERPOOL,LIVERPOOL,MERSEYSIDE,B,A
{2ACACE8D-0A6A-295E-E063-4804A8C0B0EB},112000,2024-10-15 00:00,L15 8HB,F,N,L,ABBEYGATE APARTMENTS,6,WAVERTREE GARDENS,WAVERTREE,LIVERPOOL,LIVERPOOL,MERSEYSIDE,A,A
{2D4D7609-D718-BDF9-E063-4804A8C0672F},140000,2024-09-06 00:00,M14 4LH,T,N,F,180,,GREAT WESTERN STREET,,MANCHESTER,MANCHESTER,GREATER MANCHESTER,B,A
{2D4D7609-D725-BDF9-E063-4804A8C0672F},205000,2024-10-14 00:00,M1 7EP,F,N,L,"PRINCESS HOUSE, 144",FLAT 3,PRINCESS STREET,,MANCHESTER,MANCHESTER,GREATER MANCHESTER,B,A
{2F7F2B43-383E-E08F-E063-4804A8C05A49},210000,2024-03-27 00:00,L15 3LD,T,N,F,37,,BORROWDALE ROAD,,LIVERPOOL,LIVERPOOL,MERSEYSIDE,A,A
{2F7F2B43-3877-E08F-E063-4804A8C05A49},123000,2024-03-28 00:00,L15 2HG,T,N,F,11,,WOODCROFT ROAD,,LIVERPOOL,LIVERPOOL,MERSEYSIDE,A,A
{2D4D7609-E420-BDF9-E063-4804A8C0672F},1000,2024-03-11 00:00,L15 7JP,O,N,F,39,,DUNHAM ROAD,,LIVERPOOL,LIVERPOOL,MERSEYSIDE,B,A
{2F7F2B43-5492-E08F-E063-4804A8C05A49},234500,2024-10-09 00:00,NG7 5RX,S,N,F,7,,WYE GARDENS,,NOTTINGHAM,CITY OF NOTTINGHAM,CITY OF NOTTINGHAM,A,A
{2ACACE8D-0846-295E-E063-4804A8C0B0EB},315000,2024-11-22 00:00,L15 7LZ,T,N,L,54,,MEADWAY,WAVERTREE,LIVERPOOL,LIVERPOOL,MERSEYSIDE,A,A
{2D4D7609-B6C2-BDF9-E063-4804A8C0672F},210000,2024-08-28 00:00,LS6 4EX,T,N,F,18,,HIGHBURY ROAD,,LEEDS,LEEDS,WEST YORKSHIRE,A,A
{2D4D7609-D72F-BDF9-E063-4804A8C0672F},220000,2024-12-16 00:00,M1 2DP,F,N,L,"NAVIGATION HOUSE, 20",APARTMENT 24,DUCIE STREET,,MANCHESTER,MANCHESTER,GREATER MANCHESTER,B,A
{2D4D7609-D736-BDF9-E063-4804A8C0672F},205000,2024-08-14 00:00,M1 6HR,F,N,L,48,FLAT 24,PRINCESS STREET,,MANCHESTER,MANCHESTER,GREATER MANCHESTER,B,A
{2D4D7609-E08D-BDF9-E063-4804A8C0672F},250000,2024-12-20 00:00,M1 3BR,F,N,L,5,APARTMENT 401,PICCADILLY PLACE,,MANCHESTER,MANCHESTER,GREATER MANCHESTER,B,A
{2D4D7609-E0A3-BDF9-E063-4804A8C0672F},510000,2024-10-02 00:00,M1 5BG,O,N,L,17,,RIVER STREET,,MANCHESTER,MANCHESTER,GREATER MANCHESTER,B,A
{2F7F2B43-501A-E08F-E063-4804A8C05A49},298800,2024-08-09 00:00,NG7 1NW,S,N,F,3,,DOUGLAS ROAD,,NOTTINGHAM,CITY OF NOTTINGHAM,CITY OF NOTTINGHAM,A,A
{2F7F2B43-54BB-E08F-E063-4804A8C05A49},495000,2024-09-27 00:00,NG7 1DD,F,N,L,"CHESTNUTS, 5",FLAT A,KENILWORTH ROAD,,NOTTINGHAM,CITY OF NOTTINGHAM,CITY OF NOTTINGHAM,A,A
{2F7F2B43-54D6-E08F-E063-4804A8C05A49},825001,2024-10-03 00:00,NG7 1DX,D,N,F,31,,LENTON AVENUE,,NOTTINGHAM,CITY OF NOTTINGHAM,CITY OF NOTTINGHAM,A,A
{2F7F2B43-54DA-E08F-E063-4804A8C05A49},183000,2024-09-13 00:00,NG7 5QZ,S,N,F,15,,NEWQUAY AVENUE,,NOTTINGHAM,CITY OF NOTTINGHAM,CITY OF NOTTINGHAM,A,A
{2D4D7609-F430-BDF9-E063-4804A8C0672F},155000,2024-12-12 00:00,NE6 5YJ,F,N,L,74,,THIRD AVENUE,HEATON,NEWCASTLE UPON TYNE,NEWCASTLE UPON TYNE,TYNE AND WEAR,B,A
{2D4D7609-FA4B-BDF9-E063-4804A8C0672F},160000,2024-05-17 00:00,LS6 2LH,T,N,F,1,,GLOSSOP GROVE,,LEEDS,LEEDS,WEST YORKSHIRE,B,A
{2D4D7609-CDD4-BDF9-E063-4804A8C0672F},245000,2024-10-14 00:00,CF24 3EJ,T,N,F,37,,TALWORTH STREET,ROATH,CARDIFF,CARDIFF,CARDIFF,B,A
{2F7F2B43-390D-E08F-E063-4804A8C05A49},260000,2024-10-25 00:00,L15 6UA,S,N,F,17,,DULAS ROAD,WAVERTREE,LIVERPOOL,LIVERPOOL,MERSEYSIDE,A,A
{2D4D7609-E0DE-BDF9-E063-4804A8C0672F},4350000,2024-10-30 00:00,M1 7DY,O,N,L,133,,OXFORD ROAD,,MANCHESTER,MANCHESTER,GREATER MANCHESTER,B,A
{2D4D7609-E0DF-BDF9-E063-4804A8C0672F},4350000,2024-10-30 00:00,M1 7DY,O,N,L,135,,OXFORD ROAD,,MANCHESTER,MANCHESTER,GREATER MANCHESTER,B,A
{2D4D7609-E0E0-BDF9-E063-4804A8C0672F},4350000,2024-10-30 00:00,M1 7DY,O,N,L,"AKHTAR HOUSE, 131 - 135",,OXFORD ROAD,,MANCHESTER,MANCHESTER,GREATER MANCHESTER,B,A
{2F7F2B43-50B6-E08F-E063-4804A8C05A49},210000,2024-04-19 00:00,NG7 7LL,S,N,F,12,,BEECH AVENUE,NEW BASFORD,NOTTINGHAM,CITY OF NOTTINGHAM,CITY OF NOTTINGHAM,B,A
{2F7F2B43-50CB-E08F-E063-4804A8C05A49},131000,2024-12-13 00:00,NG7 5GF,T,N,F,9,,RANDAL GARDENS,,NOTTINGHAM,CITY OF NOTTINGHAM,CITY OF NOTTINGHAM,A,A
{2D4D7609-F459-BDF9-E063-4804A8C0672F},94000,2024-12-19 00:00,NE6 4YL,T,N,F,5,,WESTBURY AVENUE,,NEWCASTLE UPON TYNE,NEWCASTLE UPON TYNE,TYNE AND WEAR,B,A
{2D4D7609-FA79-BDF9-E063-4804A8C0672F},360000,2024-12-20 00:00,LS6 3BW,T,N,F,70,,CHAPEL LANE,,LEEDS,LEEDS,WEST YORKSHIRE,B,A
{2D4D7609-FA8A-BDF9-E063-4804A8C0672F},150000,2024-10-24 00:00,LS6 1JP,T,N,F,5,,THORNVILLE VIEW,,LEEDS,LEEDS,WEST YORKSHIRE,B,A
{2F7F2B43-3935-E08F-E063-4804A8C05A49},192000,2024-08-23 00:00,L15 4HW,T,N,F,78,,EASTDALE ROAD,,LIVERPOOL,LIVERPOOL,MERSEYSIDE,A,A
{2F7F2B43-50FB-E08F-E063-4804A8C05A49},175000,2024-10-14 00:00,NG7 2HL,T,N,F,11,,WATERSIDE GARDENS,,NOTTINGHAM,CITY OF NOTTINGHAM,CITY OF NOTTINGHAM,A,A
{2F7F2B43-510B-E08F-E063-4804A8C05A49},167500,2024-11-29 00:00,NG7 2EE,S,N,F,2,,SANDPIPER WAY,LENTON,NOTTINGHAM,CITY OF NOTTINGHAM,CITY OF NOTTINGHAM,A,A
{2D4D7609-F47D-BDF9-E063-4804A8C0672F},178500,2024-12-12 00:00,NE6 5TA,O,N,F,61,,SACKVILLE ROAD,,NEWCASTLE UPON TYNE,NEWCASTLE UPON TYNE,TYNE AND WEAR,B,A
{2D4D7609-F47F-BDF9-E063-4804A8C0672F},140000,2024-08-09 00:00,NE6 5HL,O,N,F,78,,HEATON ROAD,,NEWCASTLE UPON TYNE,NEWCASTLE UPON TYNE,TYNE AND WEAR,B,A
{1C3E72FF-1235-F410-E063-4804A8C0DFA6},165000,2024-04-17 00:00,NG7 2PG,T,N,F,2,,CLOISTER STREET,,NOTTINGHAM,CITY OF NOTTINGHAM,CITY OF NOTTINGHAM,B,A
{1C3E72FF-0C3B-F410-E063-4804A8C0DFA6},53000,2024-06-06 00:00,L15 0HQ,T,N,F,22,,BANNER STREET,,LIVERPOOL,LIVERPOOL,MERSEYSIDE,B,A
{1C3E72FF-0C3C-F410-E063-4804A8C0DFA6},110000,2024-01-22 00:00,L15 4LH,T,N,F,86,,PICTON ROAD,WAVERTREE,LIVERPOOL,LIVERPOOL,MERSEYSIDE,B,A
{1C3E72FF-0C3E-F410-E063-4804A8C0DFA6},196000,2024-05-07 00:00,L15 5BW,T,N,F,34,,FALLOWFIELD ROAD,,LIVERPOOL,LIVERPOOL,MERSEYSIDE,B,A
{1C3E72FF-1249-F410-E063-4804A8C0DFA6},229480,2024-05-03 00:00,NG7 2LA,T,N,F,35,,CLAUDE STREET,,NOTTINGHAM,CITY OF NOTTINGHAM,CITY OF NOTTINGHAM,B,A
{1C3E72FF-1255-F410-E063-4804A8C0DFA6},150000,2024-01-31 00:00,NG7 1ED,F,N,L,19,FLAT 3,CAVENDISH CRESCENT SOUTH,,NOTTINGHAM,CITY OF NOTTINGHAM,CITY OF NOTTINGHAM,B,A
{1C3E72FF-1260-F410-E063-4804A8C0DFA6},150000,2024-01-08 00:00,NG7 7BJ,T,N,F,15,,REGENT STREET,NEW BASFORD,NOTTINGHAM,CITY OF NOTTINGHAM,CITY OF NOTTINGHAM,B,A
{1C3E72FF-1265-F410-E063-4804A8C0DFA6},120500,2024-03-07 00:00,NG7 5GF,T,N,F,9,,RANDAL GARDENS,,NOTTINGHAM,CITY OF NOTTINGHAM,CITY OF NOTTINGHAM,B,A
{2ACACE8C-AEF9-295E-E063-4804A8C0B0EB},255000,2024-07-26 00:00,CF24 4DL,T,N,F,149,,RHYMNEY STREET,,CARDIFF,CARDIFF,CARDIFF,A,A
{1C3E72FF-0C49-F410-E063-4804A8C0DFA6},585000,2024-05-10 00:00,L15 8HL,T,N,F,19,,HUNTERS LANE,,LIVERPOOL,LIVERPOOL,MERSEYSIDE,B,A
{1C3E72FF-0C4A-F410-E063-4804A8C0DFA6},67000,2024-04-03 00:00,L15 0EZ,T,N,F,95,,GROSVENOR ROAD,WAVERTREE,LIVERPOOL,LIVERPOOL,MERSEYSIDE,B,A
{1C3E72FF-0C6A-F410-E063-4804A8C0DFA6},162500,2024-05-17 00:00,L15 7JU,T,N,F,1,,THE PARADE,WAVERTREE,LIVERPOOL,LIVERPOOL,MERSEYSIDE,B,A
{1C3E72FF-1268-F410-E063-4804A8C0DFA6},230000,2024-03-15 00:00,NG7 2RF,O,N,L,EDISON VILLAGE,12,NOTTINGHAM SCIENCE & TECHNOLOGY PARK,,NOTTINGHAM,CITY OF NOTTINGHAM,CITY OF NOTTINGHAM,B,A
{2D4D7609-F4BA-BDF9-E063-4804A8C0672F},75000,2024-07-26 00:00,NE6 3AA,F,N,F,521,,WELBECK ROAD,,NEWCASTLE UPON TYNE,NEWCASTLE UPON TYNE,TYNE AND WEAR,B,A
{2D4D7609-F4BB-BDF9-E063-4804A8C0672F},230000,2024-06-05 00:00,NE6 5BG,T,N,L,9,,HARTFORD COURT,,NEWCASTLE UPON TYNE,NEWCASTLE UPON TYNE,TYNE AND WEAR,B,A
{2D4D7609-FAE8-BDF9-E063-4804A8C0672F},550000,2024-08-23 00:00,LS6 1AP,T,N,F,29,,MOORLAND AVENUE,,LEEDS,LEEDS,WEST YORKSHIRE,B,A
{1C3E72FF-128C-F410-E063-4804A8C0DFA6},410000,2024-06-07 00:00,NG7 1PE,S,N,F,51,,DERBY GROVE,,NOTTINGHAM,CITY OF NOTTINGHAM,CITY OF NOTTINGHAM,B,A
{1C3E72FF-1294-F410-E063-4804A8C0DFA6},275000,2024-05-08 00:00,NG7 7LJ,O,N,F,51,,BEECH AVENUE,NEW BASFORD,NOTTINGHAM,CITY OF NOTTINGHAM,CITY OF NOTTINGHAM,B,A
{1C3E72FF-12AA-F410-E063-4804A8C0DFA6},1170000,2024-03-28 00:00,NG7 2PD,O,N,F,"DEBORAH SERVICES LTD, 16 - 22",,ABBEY STREET,,NOTTINGHAM,CITY OF NOTTINGHAM,CITY OF NOTTINGHAM,B,A
{1C3E72FF-12B2-F410-E063-4804A8C0DFA6},410000,2024-01-04 00:00,NG7 5JE,O,N,F,124,,GREGORY BOULEVARD,,NOTTINGHAM,CITY OF NOTTINGHAM,CITY OF NOTTINGHAM,B,A
{1C3E72FF-0CC6-F410-E063-4804A8C0DFA6},62000,2024-03-18 00:00,L15 4JA,F,N,L,55,FLAT 9,SANDOWN ROAD,WAVERTREE,LIVERPOOL,LIVERPOOL,MERSEYSIDE,B,A
{1C3E72FF-0CE5-F410-E063-4804A8C0DFA6},68000,2024-05-30 00:00,L15 4LT,T,N,L,13,,GLYNN STREET,,LIVERPOOL,LIVERPOOL,MERSEYSIDE,B,A
{1C3E72FF-05A9-F410-E063-4804A8C0DFA6},200000,2024-06-06 00:00,M14 5WG,O,N,L,12,,GRANDALE STREET,,MANCHESTER,MANCHESTER,GREATER MANCHESTER,B,A
{1C3E72FF-0CF4-F410-E063-4804A8C0DFA6},103000,2024-01-09 00:00,L15 4LG,O,N,F,143,,PICTON ROAD,WAVERTREE,LIVERPOOL,LIVERPOOL,MERSEYSIDE,B,A
{2D4D7609-F4CF-BDF9-E063-4804A8C0672F},180000,2024-12-02 00:00,NE6 4PH,O,N,F,50,,BROOMFIELD AVENUE,,NEWCASTLE UPON TYNE,NEWCASTLE UPON TYNE,TYNE AND WEAR,B,A
{1C3E72FF-0D9B-F410-E063-4804A8C0DFA6},96000,2024-04-25 00:00,L15 9HD,T,N,F,33,,LOREBURN ROAD,,LIVERPOOL,LIVERPOOL,MERSEYSIDE,B,A
{1C3E72FF-0609-F410-E063-4804A8C0DFA6},185000,2024-05-15 00:00,L15 2HX,T,N,F,41,,CRANBORNE ROAD,,LIVERPOOL,LIVERPOOL,MERSEYSIDE,B,A
{1C3E72FF-09BE-F410-E063-4804A8C0DFA6},370000,2024-05-29 00:00,M14 6EQ,S,N,F,4,,WELLINGTON ROAD,FALLOWFIELD,MANCHESTER,MANCHESTER,GREATER MANCHESTER,B,A
{2F7F2B43-B5C4-E08F-E063-4804A8C05A49},275000,2024-07-29 00:00,LS6 4SL,T,N,F,24,,WOODLEA COURT,MEANWOOD,LEEDS,LEEDS,WEST YORKSHIRE,A,A
{1C3E72FF-09C9-F410-E063-4804A8C0DFA6},290000,2024-02-02 00:00,M14 6SR,T,N,F,129,,MAULDETH ROAD,,MANCHESTER,MANCHESTER,GREATER MANCHESTER,B,A
{2D4D7609-E7F9-BDF9-E063-4804A8C0672F},150000,2024-12-19 00:00,NG7 6HN,T,N,F,56,,WINDERMERE ROAD,,NOTTINGHAM,CITY OF NOTTINGHAM,CITY OF NOTTINGHAM,B,A
{1C3E72FF-0AC7-F410-E063-4804A8C0DFA6},120000,2024-02-13 00:00,M1 7EW,O,N,L,68,,GROSVENOR STREET,,MANCHESTER,MANCHESTER,GREATER MANCHESTER,B,A
{2D4D7609-FB2B-BDF9-E063-4804A8C0672F},325000,2024-09-30 00:00,LS6 3DS,O,N,F,"ST ANNS TOWER, 214",THE LODGE,KIRKSTALL LANE,,LEEDS,LEEDS,WEST YORKSHIRE,B,A
{2D4D7609-FB31-BDF9-E063-4804A8C0672F},240000,2024-12-03 00:00,LS6 1ES,T,N,F,29,,WELTON GROVE,,LEEDS,LEEDS,WEST YORKSHIRE,B,A
{2D4D7609-FBCF-BDF9-E063-4804A8C0672F},224210,2024-11-22 00:00,LS6 3JP,T,N,F,18,,TRELAWN PLACE,,LEEDS,LEEDS,WEST YORKSHIRE,B,A
{2D4D7609-FBD1-BDF9-E063-4804A8C0672F},175000,2024-12-02 00:00,LS6 1QD,T,N,F,79,,BURLEY LODGE TERRACE,,LEEDS,LEEDS,WEST YORKSHIRE,B,A
{1C3E72FF-0EB1-F410-E063-4804A8C0DFA6},375000,2024-04-18 00:00,NE6 4HQ,T,N,F,120,,WESTBOURNE AVENUE,WALKERGATE,NEWCASTLE UPON TYNE,NEWCASTLE UPON TYNE,TYNE AND WEAR,B,A
{1C3E72FF-0BD1-F410-E063-4804A8C0DFA6},113000,2024-05-17 00:00,L15 1EU,T,N,F,17,,VICTOR STREET,,LIVERPOOL,LIVERPOOL,MERSEYSIDE,B,A
{2F7F2B43-8E96-E08F-E063-4804A8C05A49},155000,2024-09-06 00:00,NE6 5UQ,S,N,F,36,,ST ALBANS CRESCENT,,NEWCASTLE UPON TYNE,NEWCASTLE UPON TYNE,TYNE AND WEAR,A,A
{2F7F2B43-9343-E08F-E063-4804A8C05A49},187995,2024-08-22 00:00,NE6 5BZ,T,Y,F,2,,MURRAY CLOSE,,NEWCASTLE UPON TYNE,NEWCASTLE UPON TYNE,TYNE AND WEAR,A,A
{2F7F2B43-9344-E08F-E063-4804A8C05A49},227995,2024-08-23 00:00,NE6 5BZ,T,Y,F,1,,MURRAY CLOSE,,NEWCASTLE UPON TYNE,NEWCASTLE UPON TYNE,TYNE AND WEAR,A,A
{2F7F2B43-9346-E08F-E063-4804A8C05A49},227995,2024-08-30 00:00,NE6 5BZ,T,Y,F,3,,MURRAY CLOSE,,NEWCASTLE UPON TYNE,NEWCASTLE UPON TYNE,TYNE AND WEAR,A,A
{2F7F2B43-9349-E08F-E063-4804A8C05A49},329995,2024-09-23 00:00,NE6 5BZ,S,Y,F,24,,MURRAY CLOSE,,NEWCASTLE UPON TYNE,NEWCASTLE UPON TYNE,TYNE AND WEAR,A,A
{1C3E72FF-0BE8-F410-E063-4804A8C0DFA6},137500,2024-05-10 00:00,L15 4ND,T,N,F,91,,TAUNTON STREET,,LIVERPOOL,LIVERPOOL,MERSEYSIDE,B,A
{1C3E72FF-11F3-F410-E063-4804A8C0DFA6},100000,2024-06-07 00:00,NG7 7FZ,D,N,F,113A,,NORTH GATE,,NOTTINGHAM,CITY OF NOTTINGHAM,CITY OF NOTTINGHAM,B,A
{1C3E72FF-11FF-F410-E063-4804A8C0DFA6},475000,2024-05-16 00:00,NG7 1HL,S,N,F,13,,HUNGERTON STREET,,NOTTINGHAM,CITY OF NOTTINGHAM,CITY OF NOTTINGHAM,B,A
{1C3E72FF-120B-F410-E063-4804A8C0DFA6},370000,2024-06-19 00:00,NG7 1JZ,T,N,F,147,,ROLLESTON DRIVE,,NOTTINGHAM,CITY OF NOTTINGHAM,CITY OF NOTTINGHAM,B,A
{1C3E72FF-120C-F410-E063-4804A8C0DFA6},239500,2024-05-03 00:00,NG7 2LA,T,N,F,33,,CLAUDE STREET,,NOTTINGHAM,CITY OF NOTTINGHAM,CITY OF NOTTINGHAM,B,A
{1C3E72FF-1212-F410-E063-4804A8C0DFA6},480000,2024-05-30 00:00,NG7 1PX,T,N,F,58,,TEVERSAL AVENUE,,NOTTINGHAM,CITY OF NOTTINGHAM,CITY OF NOTTINGHAM,B,A
{1C3E72FF-2054-F410-E063-4804A8C0DFA6},175000,2024-02-23 00:00,NE6 4SR,O,N,F,"WALKERVILLE POST OFFICE, 1054 - 1056",,SHIELDS ROAD,,NEWCASTLE UPON TYNE,NEWCASTLE UPON TYNE,TYNE AND WEAR,B,A
{1C3E72FF-2060-F410-E063-4804A8C0DFA6},150000,2024-06-07 00:00,NE6 5SS,O,N,L,160,,WHITEFIELD TERRACE,,NEWCASTLE UPON TYNE,NEWCASTLE UPON TYNE,TYNE AND WEAR,B,A
{1C3E72FF-2064-F410-E063-4804A8C0DFA6},50000,2024-02-28 00:00,NE6 2RX,O,N,L,194,,SCARBOROUGH ROAD,,NEWCASTLE UPON TYNE,NEWCASTLE UPON TYNE,TYNE AND WEAR,B,A
{1C3E72FF-206C-F410-E063-4804A8C0DFA6},110000,2024-06-07 00:00,NE6 2HY,T,N,F,16,,CLEADON STREET,,NEWCASTLE UPON TYNE,NEWCASTLE UPON TYNE,TYNE AND WEAR,B,A
{2D4D7609-E380-BDF9-E063-4804A8C0672F},105000,2024-09-13 00:00,L15 8HW,T,N,F,9,,FREDERICK GROVE,,LIVERPOOL,LIVERPOOL,MERSEYSIDE,B,A
{1C3E72FF-2090-F410-E063-4804A8C0DFA6},50000,2024-02-28 00:00,NE6 2RX,O,N,F,196,,SCARBOROUGH ROAD,,NEWCASTLE UPON TYNE,NEWCASTLE UPON TYNE,TYNE AND WEAR,B,A
{2F7F2B43-C6AB-E08F-E063-4804A8C05A49},650000,2024-07-30 00:00,CF24 0YG,O,N,F,60,,NEWPORT ROAD,,CARDIFF,CARDIFF,CARDIFF,B,A
{1C3E72FF-20A7-F410-E063-4804A8C0DFA6},200000,2024-05-31 00:00,NE6 5XQ,T,N,F,94,,MELDON TERRACE,,NEWCASTLE UPON TYNE,NEWCASTLE UPON TYNE,TYNE AND WEAR,B,A
{1C3E72FF-20B0-F410-E063-4804A8C0DFA6},245000,2024-05-10 00:00,NE6 5DX,T,N,F,147,,WARTON TERRACE,,NEWCASTLE UPON TYNE,NEWCASTLE UPON TYNE,TYNE AND WEAR,B,A
{1C3E72FF-20BE-F410-E063-4804A8C0DFA6},39000,2024-03-28 00:00,NE6 2JL,F,N,L,19,,DUNMORLIE STREET,,NEWCASTLE UPON TYNE,NEWCASTLE UPON TYNE,TYNE AND WEAR,B,A
{2F7F2B43-984F-E08F-E063-4804A8C05A49},239500,2024-03-22 00:00,CF24 1NZ,T,N,F,25,,HAROLD STREET,,CARDIFF,CARDIFF,CARDIFF,A,A
{1C3E72FF-12CB-F410-E063-4804A8C0DFA6},482500,2024-05-30 00:00,NG7 2JY,S,N,F,127,,MONTPELIER ROAD,,NOTTINGHAM,CITY OF NOTTINGHAM,CITY OF NOTTINGHAM,B,A
{1C3E72FF-12CC-F410-E063-4804A8C0DFA6},482500,2024-05-30 00:00,NG7 2JY,T,N,F,125,,MONTPELIER ROAD,,NOTTINGHAM,CITY OF NOTTINGHAM,CITY OF NOTTINGHAM,B,A
{1C3E72FF-12CD-F410-E063-4804A8C0DFA6},482500,2024-05-30 00:00,NG7 2JY,T,N,F,121,,MONTPELIER ROAD,,NOTTINGHAM,CITY OF NOTTINGHAM,CITY OF NOTTINGHAM,B,A
{1C3E72FF-12CE-F410-E063-4804A8C0DFA6},482500,2024-05-30 00:00,NG7 2JY,T,N,F,123,,MONTPELIER ROAD,,NOTTINGHAM,CITY OF NOTTINGHAM,CITY OF NOTTINGHAM,B,A
{1C3E72FF-12D8-F410-E063-4804A8C0DFA6},132000,2024-06-18 00:00,NG7 5EF,T,N,F,6,,ELTON TERRACE,,NOTTINGHAM,CITY OF NOTTINGHAM,CITY OF NOTTINGHAM,B,A
{2F7F2B43-BAF4-E08F-E063-4804A8C05A49},137000,2024-10-08 00:00,LS6 2BZ,F,N,L,GRANGE COURT,FLAT 29,NORTH GRANGE MOUNT,,LEEDS,LEEDS,WEST YORKSHIRE,A,A
{2F7F2B43-8F07-E08F-E063-4804A8C05A49},61500,2024-08-06 00:00,NE6 4RL,F,N,L,10,,WALPOLE STREET,,NEWCASTLE UPON TYNE,NEWCASTLE UPON TYNE,TYNE AND WEAR,A,A
{2F7F2B43-93B7-E08F-E063-4804A8C05A49},170000,2024-06-21 00:00,CF24 2DR,T,N,F,71,,CARLISLE STREET,,CARDIFF,CARDIFF,CARDIFF,A,A
{1C3E72FF-12E4-F410-E063-4804A8C0DFA6},820000,2024-05-23 00:00,NG7 2PH,O,N,F,VETERINARY CENTRE,,DUNKIRK ROAD,,NOTTINGHAM,CITY OF NOTTINGHAM,CITY OF NOTTINGHAM,B,A
{1C3E72FF-12E9-F410-E063-4804A8C0DFA6},385000,2024-05-30 00:00,NG7 4DT,T,N,F,42,,BURNS STREET,,NOTTINGHAM,CITY OF NOTTINGHAM,CITY OF NOTTINGHAM,B,A
{1C3E72FF-12EE-F410-E063-4804A8C0DFA6},170000,2024-04-02 00:00,NG7 6HS,T,N,F,119,,BERRIDGE ROAD,,NOTTINGHAM,CITY OF NOTTINGHAM,CITY OF NOTTINGHAM,B,A
{2F7F2B43-1AD7-E08F-E063-4804A8C05A49},210000,2024-11-22 00:00,M14 7PD,T,N,L,54,,CARNFORTH STREET,,MANCHESTER,MANCHESTER,GREATER MANCHESTER,A,A
{2F7F2B43-98B8-E08F-E063-4804A8C05A49},235000,2024-09-05 00:00,CF24 2SE,S,N,F,47,,BECKGROVE CLOSE,,CARDIFF,CARDIFF,CARDIFF,A,A
{1C3E72FF-131A-F410-E063-4804A8C0DFA6},325000,2024-05-30 00:00,NG7 4DU,O,N,F,3,,GEDLING GROVE,,NOTTINGHAM,CITY OF NOTTINGHAM,CITY OF NOTTINGHAM,B,A
{1C3E72FF-1325-F410-E063-4804A8C0DFA6},285000,2024-05-31 00:00,NG7 5JE,S,N,F,130,,GREGORY BOULEVARD,,NOTTINGHAM,CITY OF NOTTINGHAM,CITY OF NOTTINGHAM,B,A
{1C3E72FF-1342-F410-E063-4804A8C0DFA6},200000,2024-04-16 00:00,NG7 2JH,D,N,F,37,,CLIFTON BOULEVARD,,NOTTINGHAM,CITY OF NOTTINGHAM,CITY OF NOTTINGHAM,B,A
{1C3E72FF-136B-F410-E063-4804A8C0DFA6},114000,2024-05-31 00:00,NG7 6PW,T,N,F,12,,LESLIE AVENUE,,NOTTINGHAM,CITY OF NOTTINGHAM,CITY OF NOTTINGHAM,B,A
{1C3E72FF-1376-F410-E063-4804A8C0DFA6},455000,2024-06-06 00:00,NG7 1PA,S,N,F,16,,ALBERT GROVE,,NOTTINGHAM,CITY OF NOTTINGHAM,CITY OF NOTTINGHAM,B,A
{2F7F2B43-8F51-E08F-E063-4804A8C05A49},90000,2024-08-06 00:00,NE6 2NA,T,N,F,6,,PINNER PLACE,,NEWCASTLE UPON TYNE,NEWCASTLE UPON TYNE,TYNE AND WEAR,B,A
{2F7F2B43-98CC-E08F-E063-4804A8C05A49},247000,2024-09-06 00:00,CF24 2SE,T,N,F,9,,BECKGROVE CLOSE,,CARDIFF,CARDIFF,CARDIFF,A,A
{2F7F2B43-98E6-E08F-E063-4804A8C05A49},255000,2024-12-12 00:00,CF24 3JU,T,N,F,145,,KEPPOCH STREET,,CARDIFF,CARDIFF,CARDIFF,A,A
{2ACACE8C-ADAA-295E-E063-4804A8C0B0EB},177000,2024-07-11 00:00,CF24 3EG,F,N,L,RUSSELL COURT,FLAT 6,RUSSELL STREET,,CARDIFF,CARDIFF,CARDIFF,A,A
{2F7F2B43-B770-E08F-E063-4804A8C05A49},287000,2024-09-09 00:00,LS6 4SU,T,N,F,8,,WOODLEA AVENUE,MEANWOOD,LEEDS,LEEDS,WEST YORKSHIRE,A,A
{2F7F2B43-8FD3-E08F-E063-4804A8C05A49},190750,2024-10-04 00:00,NE6 5SS,F,N,L,106,,WHITEFIELD TERRACE,,NEWCASTLE UPON TYNE,NEWCASTLE UPON TYNE,TYNE AND WEAR,A,A
{1C3E72FF-2029-F410-E063-4804A8C0DFA6},85000,2024-02-07 00:00,NE6 3PA,T,N,F,25,,MIDWAY,,NEWCASTLE UPON TYNE,NEWCASTLE UPON TYNE,TYNE AND WEAR,B,A
{1C3E72FF-203E-F410-E063-4804A8C0DFA6},450000,2024-01-19 00:00,NE6 5HE,O,N,F,63,,HEATON ROAD,,NEWCASTLE UPON TYNE,NEWCASTLE UPON TYNE,TYNE AND WEAR,B,A
{1C3E72FF-2040-F410-E063-4804A8C0DFA6},700000,2024-05-10 00:00,NE6 1SE,T,N,F,42,,HEATON ROAD,,NEWCASTLE UPON TYNE,NEWCASTLE UPON TYNE,TYNE AND WEAR,B,A
{2F7F2B43-8FEE-E08F-E063-4804A8C05A49},191075,2024-08-23 00:00,NE6 5TY,F,N,L,213,,ADDYCOMBE TERRACE,,NEWCASTLE UPON TYNE,NEWCASTLE UPON TYNE,TYNE AND WEAR,A,A
{2ACACE8C-ADE4-295E-E063-4804A8C0B0EB},230000,2024-09-02 00:00,CF24 2JY,T,N,F,75,,HABERSHON STREET,,CARDIFF,CARDIFF,CARDIFF,A,A
{2F7F2B43-1BBB-E08F-E063-4804A8C05A49},170000,2024-08-12 00:00,L15 4ND,T,N,F,26,,TAUNTON STREET,,LIVERPOOL,LIVERPOOL,MERSEYSIDE,A,A
{2F7F2B43-906F-E08F-E063-4804A8C05A49},168275,2024-09-16 00:00,NE6 5HY,F,N,L,3,,HEATON PARK VIEW,,NEWCASTLE UPON TYNE,NEWCASTLE UPON TYNE,TYNE AND WEAR,A,A
{2F7F2B43-907A-E08F-E063-4804A8C05A49},160500,2024-09-12 00:00,NE6 5YA,F,N,L,37,,BALMORAL TERRACE,HEATON,NEWCASTLE UPON TYNE,NEWCASTLE UPON TYNE,TYNE AND WEAR,A,A
{2F7F2B43-94DC-E08F-E063-4804A8C05A49},250000,2024-11-29 00:00,CF24 2RE,T,N,F,54,,TWEEDSMUIR ROAD,,CARDIFF,CARDIFF,CARDIFF,A,A
{2ACACE8C-ABA6-295E-E063-4804A8C0B0EB},177000,2024-08-14 00:00,CF24 1DA,F,N,L,8,,OAKFIELD MEWS,,CARDIFF,CARDIFF,CARDIFF,A,A
{2ACACE8C-ABB3-295E-E063-4804A8C0B0EB},175000,2024-08-30 00:00,CF24 1DA,F,N,L,7,,OAKFIELD MEWS,,CARDIFF,CARDIFF,CARDIFF,A,A
{2ACACE8C-ABB4-295E-E063-4804A8C0B0EB},245000,2024-11-04 00:00,CF24 1NU,T,N,F,13,,CECIL STREET,ROATH,CARDIFF,CARDIFF,CARDIFF,A,A
{2ACACE8C-AE08-295E-E063-4804A8C0B0EB},154000,2024-07-31 00:00,CF24 2NF,F,N,L,90B,,RAILWAY STREET,,CARDIFF,CARDIFF,CARDIFF,A,A
{2F7F2B43-9A0E-E08F-E063-4804A8C05A49},205000,2024-12-20 00:00,CF24 2QQ,S,N,F,1,,AVONMUIR ROAD,,CARDIFF,CARDIFF,CARDIFF,A,A
{2F7F2B43-909A-E08F-E063-4804A8C05A49},143000,2024-09-27 00:00,NE6 5DZ,F,N,L,263,,SIMONSIDE TERRACE,,NEWCASTLE UPON TYNE,NEWCASTLE UPON TYNE,TYNE AND WEAR,A,A
{2F7F2B43-90AF-E08F-E063-4804A8C05A49},57500,2024-05-22 00:00,NE6 2RP,F,N,L,247,,GRACE STREET,,NEWCASTLE UPON TYNE,NEWCASTLE UPON TYNE,TYNE AND WEAR,A,A
{1EAE3DF6-7E6A-9EB1-E063-4704A8C09D02},306000,2024-02-27 00:00,M1 7AX,F,N,L,"COTTON MILL, 7",APARTMENT 15,SAMUEL OGDEN STREET,,MANCHESTER,MANCHESTER,GREATER MANCHESTER,A,A
{2F7F2B43-9531-E08F-E063-4804A8C05A49},193000,2024-08-13 00:00,CF24 3HH,T,N,F,144,,CYFARTHFA STREET,,CARDIFF,CARDIFF,CARDIFF,A,A
{2F7F2B43-B31D-E08F-E063-4804A8C05A49},320000,2024-08-16 00:00,LS6 4NF,S,N,F,57,,HOLMWOOD DRIVE,,LEEDS,LEEDS,WEST YORKSHIRE,A,A
{1EAE3DF6-7EBC-9EB1-E063-4704A8C09D02},360000,2024-07-03 00:00,M1 2FF,F,N,L,"THE VAULTS, 1",FLAT 15,TARIFF STREET,,MANCHESTER,MANCHESTER,GREATER MANCHESTER,A,A
{1EAE3DF6-7ED4-9EB1-E063-4704A8C09D02},255000,2024-03-13 00:00,M1 1EP,F,N,L,"THE SORTING HOUSE, 83",FLAT 26,NEWTON STREET,,MANCHESTER,MANCHESTER,GREATER MANCHESTER,A,A
{2F7F2B43-95A8-E08F-E063-4804A8C05A49},204000,2024-09-20 00:00,CF24 2TA,T,N,F,12,,MADOC ROAD,,CARDIFF,CARDIFF,CARDIFF,A,A
{2ACACE8C-ABEC-295E-E063-4804A8C0B0EB},147000,2024-09-03 00:00,CF24 2TW,F,N,L,53,,GLAN RHYMNI,SPLOTT,CARDIFF,CARDIFF,CARDIFF,A,A
{2ACACE8C-AE53-295E-E063-4804A8C0B0EB},137000,2024-09-26 00:00,CF24 0HS,F,N,L,30,,WINDSOR MEWS,,CARDIFF,CARDIFF,CARDIFF,A,A
{1EAE3DF6-7F2A-9EB1-E063-4704A8C09D02},360000,2024-06-07 00:00,M1 5BW,F,N,L,22,,HULME STREET,,MANCHESTER,MANCHESTER,GREATER MANCHESTER,A,A
{1EAE3DF6-7F3B-9EB1-E063-4704A8C09D02},122500,2024-05-10 00:00,M1 7DU,F,N,L,"THE EIGHTH DAY, 113",FLAT 17,OXFORD ROAD,,MANCHESTER,MANCHESTER,GREATER MANCHESTER,A,A
{1EAE3DF6-7F71-9EB1-E063-4704A8C09D02},180000,2024-07-11 00:00,M1 1EL,F,N,L,23 - 25,APARTMENT 12,HILTON STREET,,MANCHESTER,MANCHESTER,GREATER MANCHESTER,A,A
{2F7F2B43-9122-E08F-E063-4804A8C05A49},155000,2024-09-06 00:00,NE6 5UQ,F,N,L,34,,ST ALBANS CRESCENT,,NEWCASTLE UPON TYNE,NEWCASTLE UPON TYNE,TYNE AND WEAR,A,A
{2F7F2B43-913F-E08F-E063-4804A8C05A49},87500,2024-09-19 00:00,NE6 4HL,F,N,L,17,,BORROWDALE AVENUE,,NEWCASTLE UPON TYNE,NEWCASTLE UPON TYNE,TYNE AND WEAR,A,A
{2F7F2B43-914B-E08F-E063-4804A8C05A49},120000,2024-09-25 00:00,NE6 5XS,F,N,L,5B,,SECOND AVENUE,,NEWCASTLE UPON TYNE,NEWCASTLE UPON TYNE,TYNE AND WEAR,A,A
{2ACACE8C-AE66-295E-E063-4804A8C0B0EB},310000,2024-11-25 00:00,CF24 4SY,T,N,F,124,,ARABELLA STREET,,CARDIFF,CARDIFF,CARDIFF,A,A
{2ACACE8C-AE84-295E-E063-4804A8C0B0EB},190000,2024-11-22 00:00,CF24 3QS,F,N,L,39,FLAT 3,ELM STREET,,CARDIFF,CARDIFF,CARDIFF,A,A
{1EAE3DF6-7CFD-9EB1-E063-4704A8C09D02},222000,2024-07-09 00:00,M1 7AB,F,N,L,VELVET COURT,APARTMENT 43,GRANBY ROW,,MANCHESTER,MANCHESTER,GREATER MANCHESTER,A,A
{2F7F2B43-2FA9-E08F-E063-4804A8C05A49},225000,2024-11-19 00:00,M1 2BH,F,N,L,"QUANTUM, 4",APARTMENT 50,CHAPELTOWN STREET,,MANCHESTER,MANCHESTER,GREATER MANCHESTER,A,A
{1EAE3DF6-7A6C-9EB1-E063-4704A8C09D02},274500,2024-02-16 00:00,M14 7AJ,S,N,F,1,,MARBURY AVENUE,,MANCHESTER,MANCHESTER,GREATER MANCHESTER,A,A
{2F7F2B42-F852-E08F-E063-4804A8C05A49},417000,2024-10-31 00:00,M14 6EF,D,N,F,44,,WHITEBROOK ROAD,,MANCHESTER,MANCHESTER,GREATER MANCHESTER,A,A
{1EAE3DF6-7AA2-9EB1-E063-4704A8C09D02},170000,2024-07-01 00:00,M14 7LT,T,N,F,221,,PRINCESS ROAD,,MANCHESTER,MANCHESTER,GREATER MANCHESTER,A,A
{2F7F2B43-B429-E08F-E063-4804A8C05A49},464000,2024-08-28 00:00,LS6 2EN,D,N,F,HILTON COURT STABLES,2A,NORTH HILL ROAD,,LEEDS,LEEDS,WEST YORKSHIRE,A,A
{2F7F2B43-91E0-E08F-E063-4804A8C05A49},180000,2024-10-07 00:00,NE6 1LU,F,N,L,4,,PEONY PLACE,,NEWCASTLE UPON TYNE,NEWCASTLE UPON TYNE,TYNE AND WEAR,A,A
{1EAE3DF6-7E2E-9EB1-E063-4704A8C09D02},165000,2024-06-14 00:00,M1 3WS,F,N,L,"WHITWORTH HOUSE, 53",FLAT 11,WHITWORTH STREET,,MANCHESTER,MANCHESTER,GREATER MANCHESTER,A,A
{2ACACE8C-AC2E-295E-E063-4804A8C0B0EB},147500,2024-11-18 00:00,CF24 4PN,F,N,L,CITY LOFTS,5,CRWYS ROAD,,CARDIFF,CARDIFF,CARDIFF,A,A
{2ACACE8C-AC47-295E-E063-4804A8C0B0EB},200000,2024-12-04 00:00,CF24 4DG,T,N,F,42,,RHYMNEY STREET,,CARDIFF,CARDIFF,CARDIFF,A,A
{2F7F2B43-921B-E08F-E063-4804A8C05A49},140500,2024-09-13 00:00,NE6 1XB,T,N,F,36,,GRAFTON CLOSE,,NEWCASTLE UPON TYNE,NEWCASTLE UPON TYNE,TYNE AND WEAR,A,A
{2F7F2B43-965B-E08F-E063-4804A8C05A49},230000,2024-10-03 00:00,CF24 0HW,T,N,F,9,,METEOR STREET,,CARDIFF,CARDIFF,CARDIFF,A,A
{12A8BAB6-4B57-2125-E063-4804A8C08CC1},157000,2024-01-04 00:00,M14 5NG,T,N,L,13,,FLEESON STREET,,MANCHESTER,MANCHESTER,GREATER MANCHESTER,A,A
{12A8BAB6-4A91-2125-E063-4804A8C08CC1},160000,2024-01-09 00:00,M14 4RZ,T,N,F,94,,BERESFORD STREET,,MANCHESTER,MANCHESTER,GREATER MANCHESTER,A,A
{2F7F2B43-DDE2-E08F-E063-4804A8C05A49},68641,2024-11-14 00:00,NG7 4BF,O,N,F,ORTZEN COURT,UNIT 1,ORTZEN STREET,,NOTTINGHAM,CITY OF NOTTINGHAM,CITY OF NOTTINGHAM,B,A
{2F7F2B43-DE07-E08F-E063-4804A8C05A49},265000,2024-12-18 00:00,NG7 6LH,S,N,F,121,,FOXHALL ROAD,,NOTTINGHAM,CITY OF NOTTINGHAM,CITY OF NOTTINGHAM,B,A
{2F7F2B43-30D4-E08F-E063-4804A8C05A49},170000,2024-09-20 00:00,M1 7AX,F,N,L,VENICE COURT,APARTMENT 42,SAMUEL OGDEN STREET,,MANCHESTER,MANCHESTER,GREATER MANCHESTER,A,A
{2F7F2B42-F9E7-E08F-E063-4804A8C05A49},200000,2024-04-12 00:00,M14 4UR,T,N,F,17,,ROSEBERY STREET,,MANCHESTER,MANCHESTER,GREATER MANCHESTER,A,A
{2F7F2B43-DE35-E08F-E063-4804A8C05A49},160000,2024-05-13 00:00,NG7 3PE,T,N,F,236,,ALFRETON ROAD,,NOTTINGHAM,CITY OF NOTTINGHAM,CITY OF NOTTINGHAM,B,A
{2F7F2B42-F4DF-E08F-E063-4804A8C05A49},170000,2024-07-01 00:00,M14 7LT,T,N,F,221,,PRINCESS ROAD,,MANCHESTER,MANCHESTER,GREATER MANCHESTER,A,A
{2F7F2B43-DE83-E08F-E063-4804A8C05A49},170000,2024-12-13 00:00,NG7 7EZ,S,N,F,65,,SILVERDALE ROAD,,NOTTINGHAM,CITY OF NOTTINGHAM,CITY OF NOTTINGHAM,B,A
{2F7F2B42-F534-E08F-E063-4804A8C05A49},425000,2024-06-26 00:00,M14 5HQ,S,N,F,12,,PARK RANGE,,MANCHESTER,MANCHESTER,GREATER MANCHESTER,A,A
{2F7F2B43-D30C-E08F-E063-4804A8C05A49},250000,2024-08-22 00:00,M14 6NB,S,N,F,58,,LANDCROSS ROAD,,MANCHESTER,MANCHESTER,GREATER MANCHESTER,B,A
{2F7F2B43-D6FF-E08F-E063-4804A8C05A49},290000,2024-12-02 00:00,M1 2BL,O,N,L,40,APARTMENT 426,HILTON STREET,,MANCHESTER,MANCHESTER,GREATER MANCHESTER,B,A
{2F7F2B43-D700-E08F-E063-4804A8C05A49},290000,2024-12-02 00:00,M1 2BL,O,N,L,40,PARKING SPACE 92,HILTON STREET,,MANCHESTER,MANCHESTER,GREATER MANCHESTER,B,A
{2F7F2B43-D706-E08F-E063-4804A8C05A49},550000,2024-06-07 00:00,M14 4PW,O,N,F,436,,MOSS LANE EAST,,MANCHESTER,MANCHESTER,GREATER MANCHESTER,B,A
{2F7F2B43-D732-E08F-E063-4804A8C05A49},8503631,2024-05-08 00:00,M1 2AP,O,N,L,51,,PICCADILLY,,MANCHESTER,MANCHESTER,GREATER MANCHESTER,B,A
{2F7F2B43-E98A-E08F-E063-4804A8C05A49},150000,2024-03-25 00:00,NE6 2HX,O,N,F,225 - 227,,WELBECK ROAD,,NEWCASTLE UPON TYNE,NEWCASTLE UPON TYNE,TYNE AND WEAR,B,A
{2F7F2B43-D33A-E08F-E063-4804A8C05A49},325000,2024-10-04 00:00,L15 3JD,T,N,F,10,,JAMIESON ROAD,,LIVERPOOL,LIVERPOOL,MERSEYSIDE,B,A
{2F7F2B43-D360-E08F-E063-4804A8C05A49},410000,2024-12-11 00:00,M14 6AL,T,N,F,7,,LATCHMERE ROAD,,MANCHESTER,MANCHESTER,GREATER MANCHESTER,B,A
{2D4D7608-C5B2-BDF9-E063-4804A8C0672F},232000,2024-10-21 00:00,CF24 4NS,T,N,F,20,,CRWYS PLACE,,CARDIFF,CARDIFF,CARDIFF,A,A
{2D4D7609-C0BC-BDF9-E063-4804A8C0672F},325000,2024-12-16 00:00,LS6 1FL,S,N,F,12,,MAPLE GARDENS,,LEEDS,LEEDS,WEST YORKSHIRE,A,A
{2F7F2B43-E9BB-E08F-E063-4804A8C05A49},160000,2024-08-30 00:00,NE6 5SU,O,N,L,88,,ROKEBY TERRACE,HEATON,NEWCASTLE UPON TYNE,NEWCASTLE UPON TYNE,TYNE AND WEAR,B,A
{2F7F2B43-E9C5-E08F-E063-4804A8C05A49},596250,2024-10-25 00:00,NE6 1DU,O,N,F,204 - 208,,SHIELDS ROAD,,NEWCASTLE UPON TYNE,NEWCASTLE UPON TYNE,TYNE AND WEAR,B,A
{2F7F2B43-E9CF-E08F-E063-4804A8C05A49},59000,2024-06-07 00:00,NE6 2SY,T,N,L,167,,ALLENDALE ROAD,,NEWCASTLE UPON TYNE,NEWCASTLE UPON TYNE,TYNE AND WEAR,B,A
{2D4D7609-B668-BDF9-E063-4804A8C0672F},143000,2024-12-03 00:00,LS6 2PL,F,N,L,42,,GROSVENOR PARK GARDENS,,LEEDS,LEEDS,WEST YORKSHIRE,A,A
{2D4D7609-9B4C-BDF9-E063-4804A8C0672F},225000,2024-11-29 00:00,CF24 4EU,T,N,F,83,,MINNY STREET,,CARDIFF,CARDIFF,CARDIFF,A,A
{2D4D7609-BE4B-BDF9-E063-4804A8C0672F},420000,2024-07-24 00:00,LS6 3PH,S,N,F,69,,BECKETTS PARK CRESCENT,,LEEDS,LEEDS,WEST YORKSHIRE,A,A
{2D4D7609-9B69-BDF9-E063-4804A8C0672F},273000,2024-10-30 00:00,CF24 3HB,T,N,F,66,,UPPER KINCRAIG STREET,ROATH,CARDIFF,CARDIFF,CARDIFF,A,A
{2D4D7609-9B6A-BDF9-E063-4804A8C0672F},240000,2024-12-06 00:00,CF24 2NH,T,N,F,158,,RAILWAY STREET,,CARDIFF,CARDIFF,CARDIFF,A,A
{2F7F2B43-EA47-E08F-E063-4804A8C05A49},310000,2024-01-20 00:00,NE6 2AA,O,N,F,UNIT 1,,DEPOT ROAD,,NEWCASTLE UPON TYNE,NEWCASTLE UPON TYNE,TYNE AND WEAR,B,A
{12A8BAB6-29D3-2125-E063-4804A8C08CC1},157500,2024-01-26 00:00,M14 5JR,F,N,L,14,FLAT 3,BRIGHTON GROVE,,MANCHESTER,MANCHESTER,GREATER MANCHESTER,A,A
{12A8BAB6-29E3-2125-E063-4804A8C08CC1},205000,2024-02-14 00:00,M14 7NN,T,N,F,35,,BEVERIDGE STREET,,MANCHESTER,MANCHESTER,GREATER MANCHESTER,A,A
{2D4D7609-B6CE-BDF9-E063-4804A8C0672F},250000,2024-12-13 00:00,LS6 1JJ,T,N,F,100,,ROYAL PARK ROAD,,LEEDS,LEEDS,WEST YORKSHIRE,A,A
{2D4D7609-BBCF-BDF9-E063-4804A8C0672F},580000,2024-12-18 00:00,LS6 4SS,D,N,F,1,,WOODLEA GREEN,MEANWOOD,LEEDS,LEEDS,WEST YORKSHIRE,A,A
{2D4D7608-BF33-BDF9-E063-4804A8C0672F},270000,2024-06-26 00:00,CF24 2EF,S,N,F,5,,HIND CLOSE,,CARDIFF,CARDIFF,CARDIFF,A,A
{2D4D7609-BBDE-BDF9-E063-4804A8C0672F},311650,2024-12-04 00:00,LS6 3DD,S,N,F,28,,BROOMFIELD CRESCENT,,LEEDS,LEEDS,WEST YORKSHIRE,A,A
{2D4D7609-BBEA-BDF9-E063-4804A8C0672F},385000,2024-12-06 00:00,LS6 2SL,D,N,F,61,,BOOTHROYD DRIVE,,LEEDS,LEEDS,WEST YORKSHIRE,A,A
{2D4D7609-BE87-BDF9-E063-4804A8C0672F},269000,2024-12-16 00:00,LS6 3DL,S,N,F,10,,TRENIC CRESCENT,,LEEDS,LEEDS,WEST YORKSHIRE,A,A
{2D4D7609-C145-BDF9-E063-4804A8C0672F},174750,2024-12-19 00:00,LS6 3AL,F,N,L,6,,ST MICHAELS CRESCENT,,LEEDS,LEEDS,WEST YORKSHIRE,A,A
{12A8BAB6-2BA9-2125-E063-4804A8C08CC1},172500,2024-01-18 00:00,M14 6WT,F,N,L,"THE ALEXANDRA, 1",FLAT 16,WHITEOAK ROAD,,MANCHESTER,MANCHESTER,GREATER MANCHESTER,A,A
{2D4D7609-B6D9-BDF9-E063-4804A8C0672F},299500,2024-12-16 00:00,LS6 4LS,S,N,F,47,,SUNSET ROAD,,LEEDS,LEEDS,WEST YORKSHIRE,A,A
{2D4D7609-B6E2-BDF9-E063-4804A8C0672F},232500,2024-09-12 00:00,LS6 2HA,T,N,F,10,,CLIFFSIDE GARDENS,,LEEDS,LEEDS,WEST YORKSHIRE,A,A
{12A8BAB6-2C71-2125-E063-4804A8C08CC1},275000,2024-01-31 00:00,M1 5DD,F,N,L,"THE HACIENDA, 11 - 15",520,WHITWORTH STREET WEST,,MANCHESTER,MANCHESTER,GREATER MANCHESTER,A,A
{2D4D7608-BF5D-BDF9-E063-4804A8C0672F},230000,2024-12-20 00:00,CF24 1QT,T,N,F,10,,BLANCHE STREET,,CARDIFF,CARDIFF,CARDIFF,A,A
{2D4D7608-BF6D-BDF9-E063-4804A8C0672F},150000,2024-11-22 00:00,CF24 3QQ,F,N,L,LIM COURT,4,ELM STREET LANE,,CARDIFF,CARDIFF,CARDIFF,A,A
{2D4D7609-9BB7-BDF9-E063-4804A8C0672F},205000,2024-10-25 00:00,CF24 1QR,T,N,F,31,,ARTHUR STREET,,CARDIFF,CARDIFF,CARDIFF,A,A
{2D4D7609-9BCB-BDF9-E063-4804A8C0672F},175000,2024-10-30 00:00,CF24 2LQ,T,N,F,158,,MOORLAND ROAD,,CARDIFF,CARDIFF,CARDIFF,A,A
{2D4D7609-9BCD-BDF9-E063-4804A8C0672F},490000,2024-07-19 00:00,CF24 3SD,T,N,L,32,,ROATH COURT ROAD,,CARDIFF,CARDIFF,CARDIFF,A,A
{25E9DA80-8DE4-555E-E063-4704A8C066F2},125500,2024-05-31 00:00,CF24 2TW,F,N,L,117,,GLAN RHYMNI,SPLOTT,CARDIFF,CARDIFF,CARDIFF,A,A
{2D4D7608-BF82-BDF9-E063-4804A8C0672F},110000,2024-07-31 00:00,CF24 1NR,F,N,L,38A,,DIAMOND STREET,,CARDIFF,CARDIFF,CARDIFF,A,A
{2D4D7609-BC27-BDF9-E063-4804A8C0672F},220000,2024-12-19 00:00,LS6 1QA,T,N,F,36,,BURLEY LODGE TERRACE,,LEEDS,LEEDS,WEST YORKSHIRE,A,A
{2D4D7608-C276-BDF9-E063-4804A8C0672F},140000,2024-12-02 00:00,CF24 3QF,D,N,F,"COACH HOUSE, 6",,CLAUDE PLACE,,CARDIFF,CARDIFF,CARDIFF,A,A
{2D4D7608-BFC6-BDF9-E063-4804A8C0672F},220000,2024-12-11 00:00,CF24 1PL,T,N,F,100,,PEARL STREET,,CARDIFF,CARDIFF,CARDIFF,A,A
{2D4D7609-C282-BDF9-E063-4804A8C0672F},200000,2024-02-22 00:00,LS6 2DD,F,N,L,"HEADINGLEY HALL, 5",APARTMENT 10,SHIRE OAK ROAD,,LEEDS,LEEDS,WEST YORKSHIRE,A,A
{2D4D7609-9C12-BDF9-E063-4804A8C0672F},535000,2024-11-01 00:00,CF24 3SL,T,N,F,55,,PRINCES STREET,,CARDIFF,CARDIFF,CARDIFF,A,A
{2D4D7609-B754-BDF9-E063-4804A8C0672F},196000,2024-11-01 00:00,LS6 3LN,S,N,F,29,,WOODBRIDGE CRESCENT,,LEEDS,LEEDS,WEST YORKSHIRE,A,A
{1A0C5C63-FEFE-7CBE-E063-4804A8C06C96},180000,2024-03-28 00:00,L15 4JN,O,N,F,90,,WELLINGTON ROAD,WAVERTREE,LIVERPOOL,LIVERPOOL,MERSEYSIDE,B,A
{1A0C5C63-FF15-7CBE-E063-4804A8C06C96},234000,2024-04-03 00:00,L15 3JT,O,N,L,186,,SMITHDOWN ROAD,,LIVERPOOL,LIVERPOOL,MERSEYSIDE,B,A
{1A0C5C63-F3A7-7CBE-E063-4804A8C06C96},200000,2024-04-09 00:00,M1 5JF,F,N,L,"CHEPSTOW HOUSE, 16 - 20",FLAT 60,CHEPSTOW STREET,,MANCHESTER,MANCHESTER,GREATER MANCHESTER,B,A
{1A0C5C63-FF36-7CBE-E063-4804A8C06C96},130000,2024-01-22 00:00,L15 4LH,T,N,F,86,,PICTON ROAD,WAVERTREE,LIVERPOOL,LIVERPOOL,MERSEYSIDE,B,A
{1A0C5C63-FF40-7CBE-E063-4804A8C06C96},140000,2024-05-08 00:00,L15 4LL,O,N,F,222,,PICTON ROAD,WAVERTREE,LIVERPOOL,LIVERPOOL,MERSEYSIDE,B,A
{1A0C5C63-FF44-7CBE-E063-4804A8C06C96},107000,2024-05-01 00:00,L15 8HQ,O,N,F,98,,HIGH STREET,WAVERTREE,LIVERPOOL,LIVERPOOL,MERSEYSIDE,B,A
{1A0C5C63-FF4B-7CBE-E063-4804A8C06C96},190000,2024-03-05 00:00,L15 1HH,T,N,F,136,,ALDERSON ROAD,,LIVERPOOL,LIVERPOOL,MERSEYSIDE,B,A
{1A0C5C63-FF4C-7CBE-E063-4804A8C06C96},190000,2024-01-12 00:00,L15 3HF,T,N,F,118,,AVONDALE ROAD,,LIVERPOOL,LIVERPOOL,MERSEYSIDE,B,A
{1A0C5C63-FF5B-7CBE-E063-4804A8C06C96},11851287,2024-05-15 00:00,L15 3JR,O,N,F,126,,SMITHDOWN ROAD,,LIVERPOOL,LIVERPOOL,MERSEYSIDE,B,A
{1A0C5C63-F3F7-7CBE-E063-4804A8C06C96},200000,2024-02-22 00:00,M14 6TG,S,N,F,2,,BEVERLY ROAD,,MANCHESTER,MANCHESTER,GREATER MANCHESTER,B,A
{12A8BAB6-BAD1-2125-E063-4804A8C08CC1},272000,2024-01-31 00:00,CF24 4QJ,T,N,F,16,,DOGFIELD STREET,,CARDIFF,CARDIFF,CARDIFF,A,A
{12A8BAB6-BAD2-2125-E063-4804A8C08CC1},163000,2024-01-24 00:00,CF24 4QD,T,N,F,57,,MALEFANT STREET,,CARDIFF,CARDIFF,CARDIFF,A,A
{12A8BAB6-BAE5-2125-E063-4804A8C08CC1},169000,2024-02-06 00:00,CF24 2AR,T,N,F,16,,ASGOG STREET,,CARDIFF,CARDIFF,CARDIFF,B,A
{12A8BAB6-BAF0-2125-E063-4804A8C08CC1},245000,2024-02-02 00:00,CF24 4NS,T,N,F,3,,CRWYS PLACE,,CARDIFF,CARDIFF,CARDIFF,A,A
{1A0C5C63-F41B-7CBE-E063-4804A8C06C96},362000,2024-02-01 00:00,M14 6UY,T,N,F,28,,BEECH GROVE,,MANCHESTER,MANCHESTER,GREATER MANCHESTER,B,A
{1A0C5C63-FF98-7CBE-E063-4804A8C06C96},157000,2024-02-01 00:00,L15 0AB,T,N,F,16,,MYSTERY CLOSE,,LIVERPOOL,LIVERPOOL,MERSEYSIDE,B,A
{1A0C5C63-FF9D-7CBE-E063-4804A8C06C96},43000,2024-04-12 00:00,L15 1HN,F,N,L,15,FLAT B,SALISBURY ROAD,WAVERTREE,LIVERPOOL,LIVERPOOL,MERSEYSIDE,B,A
{2D4D7608-C045-BDF9-E063-4804A8C0672F},140000,2024-07-26 00:00,CF24 0ER,F,N,L,3B,,MOIRA PLACE,,CARDIFF,CARDIFF,CARDIFF,A,A
{1A0C5C63-F44E-7CBE-E063-4804A8C06C96},600000,2024-01-31 00:00,M1 2FJ,O,N,L,"JACKSONS WAREHOUSE, 20",UNIT 1,TARIFF STREET,,MANCHESTER,MANCHESTER,GREATER MANCHESTER,B,A
{12A8BAB6-BBBD-2125-E063-4804A8C08CC1},221000,2024-01-11 00:00,CF24 2BA,T,N,F,35,,ORDELL STREET,,CARDIFF,CARDIFF,CARDIFF,A,A
{1A0C5C63-F8E0-7CBE-E063-4804A8C06C96},850000,2024-04-19 00:00,M14 6BL,O,N,F,90,,WELLINGTON ROAD,FALLOWFIELD,MANCHESTER,MANCHESTER,GREATER MANCHESTER,B,A
{1A0C5C63-F8FB-7CBE-E063-4804A8C06C96},152500,2024-05-07 00:00,M14 7PQ,T,N,L,8,,NEWLYN STREET,,MANCHESTER,MANCHESTER,GREATER MANCHESTER,B,A
{1A0C5C63-F90F-7CBE-E063-4804A8C06C96},215000,2024-01-19 00:00,L15 0HR,S,N,F,23,,CRETAN ROAD,,LIVERPOOL,LIVERPOOL,MERSEYSIDE,B,A
{2ACACE8D-81AA-295E-E063-4804A8C0B0EB},225000,2024-12-11 00:00,CF24 4BS,T,N,F,6,,COBURN STREET,,CARDIFF,CARDIFF,CARDIFF,B,A
{2ACACE8D-81AE-295E-E063-4804A8C0B0EB},850000,2024-11-18 00:00,CF24 3LS,O,N,F,8,,LOCHABER STREET,,CARDIFF,CARDIFF,CARDIFF,B,A
{2ACACE8D-81B0-295E-E063-4804A8C0B0EB},360000,2024-11-08 00:00,CF24 3YR,O,N,F,40 - 42,,WELLFIELD ROAD,,CARDIFF,CARDIFF,CARDIFF,B,A
{2ACACE8D-72EF-295E-E063-4804A8C0B0EB},96000,2024-10-21 00:00,LS6 3DS,F,N,L,"ST ANNS TOWER, 214",FLAT 12,KIRKSTALL LANE,,LEEDS,LEEDS,WEST YORKSHIRE,A,A
{2ACACE8D-81E3-295E-E063-4804A8C0B0EB},235000,2024-12-10 00:00,CF24 3HL,T,N,F,98,,TREHARRIS STREET,,CARDIFF,CARDIFF,CARDIFF,B,A
{1A0C5C63-EB7D-7CBE-E063-4804A8C06C96},225000,2024-01-26 00:00,CF24 4HD,D,N,F,4,,WHITCHURCH PLACE,,CARDIFF,CARDIFF,CARDIFF,B,A
{1A0C5C63-EBAD-7CBE-E063-4804A8C06C96},235000,2024-04-08 00:00,CF24 4ET,T,N,F,60,,MINNY STREET,,CARDIFF,CARDIFF,CARDIFF,B,A
{44F406B7-5B14-1095-E063-4704A8C048D4},550000,2024-12-18 00:00,LS6 2DA,F,N,F,64,FLAT 1,RIDGE TERRACE,,LEEDS,LEEDS,WEST YORKSHIRE,B,A
{44F406B7-5B67-1095-E063-4704A8C048D4},100000,2024-11-28 00:00,LS6 1RJ,T,N,F,23,,AUTUMN PLACE,,LEEDS,LEEDS,WEST YORKSHIRE,B,A
{2ACACE8D-70FF-295E-E063-4804A8C0B0EB},325000,2024-11-22 00:00,LS6 2AW,T,N,F,3,,PRINCES GROVE,,LEEDS,LEEDS,WEST YORKSHIRE,A,A
{4C1B673F-5CA9-D8EA-E063-4704A8C0BF7D},388000,2024-05-31 00:00,M1 5LJ,F,Y,L,42,FLAT 1101,GREAT BRIDGEWATER STREET,,MANCHESTER,MANCHESTER,GREATER MANCHESTER,A,A
{2ACACE8D-7303-295E-E063-4804A8C0B0EB},385000,2024-11-15 00:00,LS6 2SA,D,N,F,2,,BOOTHROYD DRIVE,,LEEDS,LEEDS,WEST YORKSHIRE,A,A
{2ACACE8D-7305-295E-E063-4804A8C0B0EB},422500,2024-11-11 00:00,LS6 2AY,S,N,F,43,,WOOD LANE,HEADINGLEY,LEEDS,LEEDS,WEST YORKSHIRE,A,A
{1A0C5C63-EC10-7CBE-E063-4804A8C06C96},250000,2024-04-03 00:00,CF24 0EU,T,N,F,27,,NORTH LUTON PLACE,,CARDIFF,CARDIFF,CARDIFF,B,A
{1A0C5C63-EC6B-7CBE-E063-4804A8C06C96},250000,2024-05-20 00:00,CF24 4DE,T,N,F,6,,RHYMNEY TERRACE,,CARDIFF,CARDIFF,CARDIFF,B,A
{1A0C5C63-EC76-7CBE-E063-4804A8C06C96},375000,2024-03-18 00:00,CF24 3PZ,T,N,F,10,,CLAUDE ROAD,,CARDIFF,CARDIFF,CARDIFF,B,A
{1A0C5C63-ED03-7CBE-E063-4804A8C06C96},10000,2024-01-16 00:00,CF24 3JB,O,N,L,189,,CITY ROAD,,CARDIFF,CARDIFF,CARDIFF,B,A
{1A0C5C63-ED13-7CBE-E063-4804A8C06C96},155000,2024-03-20 00:00,CF24 0JD,T,N,F,23A,,ECLIPSE STREET,,CARDIFF,CARDIFF,CARDIFF,B,A
{2ACACE8D-7320-295E-E063-4804A8C0B0EB},318750,2024-05-28 00:00,LS6 4DD,T,N,F,29,,COTTAGE ROAD,,LEEDS,LEEDS,WEST YORKSHIRE,A,A
{4C1B673F-62B1-D8EA-E063-4704A8C0BF7D},119000,2024-12-13 00:00,L15 8GD,F,N,L,39,,DAVENHAM COURT,,LIVERPOOL,LIVERPOOL,MERSEYSIDE,A,A
{49E87C32-E99D-591C-E063-4704A8C00C31},62500,2024-06-05 00:00,NG7 1HF,F,N,L,12,,PETERSHAM MEWS,,NOTTINGHAM,CITY OF NOTTINGHAM,CITY OF NOTTINGHAM,B,A
{49E87C32-E99E-591C-E063-4704A8C00C31},62500,2024-06-05 00:00,NG7 1HF,F,N,L,14,,PETERSHAM MEWS,,NOTTINGHAM,CITY OF NOTTINGHAM,CITY OF NOTTINGHAM,B,A
{2ACACE8D-8240-295E-E063-4804A8C0B0EB},267500,2024-07-05 00:00,CF24 2LB,T,N,F,96,,HABERSHON STREET,,CARDIFF,CARDIFF,CARDIFF,B,A
{2ACACE8D-7344-295E-E063-4804A8C0B0EB},640000,2024-11-08 00:00,LS6 4QU,D,N,F,8,,STRETTON AVENUE,MEANWOOD,LEEDS,LEEDS,WEST YORKSHIRE,A,A
{2ACACE8D-7359-295E-E063-4804A8C0B0EB},186000,2024-11-07 00:00,LS6 1WD,F,N,L,"GARDENHURST, 45",FLAT 6,CARDIGAN ROAD,,LEEDS,LEEDS,WEST YORKSHIRE,A,A
{2ACACE8D-7363-295E-E063-4804A8C0B0EB},263000,2024-11-28 00:00,LS6 3NL,S,N,F,55,,QUEENSWOOD ROAD,,LEEDS,LEEDS,WEST YORKSHIRE,A,A
{4C1B673F-6427-D8EA-E063-4704A8C0BF7D},106000,2024-09-27 00:00,L15 7LF,F,N,L,57,,WAVERTREE NOOK ROAD,,LIVERPOOL,LIVERPOOL,MERSEYSIDE,A,A
{1A0C5C64-14CC-7CBE-E063-4804A8C06C96},190000,2024-04-19 00:00,LS6 1SD,T,N,F,16,,WOODSLEY GREEN,,LEEDS,LEEDS,WEST YORKSHIRE,B,A
{2ACACE8D-6F35-295E-E063-4804A8C0B0EB},250000,2024-12-04 00:00,LS6 4AS,S,N,F,11,,CROSS BENTLEY LANE,,LEEDS,LEEDS,WEST YORKSHIRE,A,A
{50D10B84-1D25-B8D0-E063-4704A8C08D98},303000,2024-10-18 00:00,L15 6TR,D,N,L,20,,MENDIP ROAD,,LIVERPOOL,LIVERPOOL,MERSEYSIDE,A,A
{2ACACE8D-7168-295E-E063-4804A8C0B0EB},117000,2024-11-22 00:00,LS6 3LW,F,N,L,36,,WOODBRIDGE GARDENS,,LEEDS,LEEDS,WEST YORKSHIRE,A,A
{2ACACE8D-736C-295E-E063-4804A8C0B0EB},280000,2024-11-20 00:00,LS6 1QP,T,N,F,69,,BURLEY LODGE ROAD,,LEEDS,LEEDS,WEST YORKSHIRE,A,A
{2ACACE8D-88E4-295E-E063-4804A8C0B0EB},250000,2024-11-29 00:00,M14 4DZ,T,N,F,166,,ACOMB STREET,,MANCHESTER,MANCHESTER,GREATER MANCHESTER,B,A
{1A0C5C64-1358-7CBE-E063-4804A8C06C96},295000,2024-01-12 00:00,LS6 3DY,T,N,F,8,,LANGDALE TERRACE,,LEEDS,LEEDS,WEST YORKSHIRE,B,A
{25E9DA80-8D34-555E-E063-4704A8C066F2},150000,2024-05-31 00:00,CF24 3RD,F,N,L,12D,,OAKFIELD STREET,,CARDIFF,CARDIFF,CARDIFF,A,A
{4E75C29D-667B-8922-E063-4804A8C094D0},212500,2024-06-21 00:00,M14 7GR,T,N,L,57,,BLUE MOON WAY,,MANCHESTER,MANCHESTER,GREATER MANCHESTER,A,A
{4E75C29D-D0D8-8922-E063-4804A8C094D0},290000,2024-08-30 00:00,CF24 4TD,T,N,F,67,,MOY ROAD,ROATH,CARDIFF,CARDIFF,CARDIFF,A,A
{4E75C29D-D233-8922-E063-4804A8C094D0},195000,2024-10-24 00:00,CF24 2PL,D,N,F,15,,DE HAVILLAND ROAD,,CARDIFF,CARDIFF,CARDIFF,A,A
{1A0C5C64-1361-7CBE-E063-4804A8C06C96},335000,2024-01-22 00:00,LS6 3EW,T,N,F,87,,HEADINGLEY MOUNT,,LEEDS,LEEDS,WEST YORKSHIRE,B,A
{4E75C29E-2B46-8922-E063-4804A8C094D0},90000,2024-11-06 00:00,L15 4HP,T,N,F,28,,MINDALE ROAD,WAVERTREE,LIVERPOOL,LIVERPOOL,MERSEYSIDE,B,A
{50D10B84-2F57-B8D0-E063-4704A8C08D98},210000,2024-03-01 00:00,M1 2NH,F,N,L,31,,THOMAS TELFORD BASIN,,MANCHESTER,MANCHESTER,GREATER MANCHESTER,A,A
{1A0C5C64-1381-7CBE-E063-4804A8C06C96},230000,2024-02-23 00:00,LS6 3DH,T,N,F,12,,BROOMFIELD VIEW,,LEEDS,LEEDS,WEST YORKSHIRE,B,A
{50D10B84-805F-B8D0-E063-4704A8C08D98},203000,2024-08-30 00:00,CF24 1QX,T,N,F,42,,SPRING GARDENS TERRACE,,CARDIFF,CARDIFF,CARDIFF,A,A
{1A0C5C64-13B5-7CBE-E063-4804A8C06C96},290000,2024-05-23 00:00,LS6 2DB,S,N,F,43,,SHIRE OAK ROAD,,LEEDS,LEEDS,WEST YORKSHIRE,B,A
{1A0C5C64-13C9-7CBE-E063-4804A8C06C96},116000,2024-01-03 00:00,LS6 1PG,T,N,F,4,,HAROLD TERRACE,,LEEDS,LEEDS,WEST YORKSHIRE,B,A
{1A0C5C64-13DA-7CBE-E063-4804A8C06C96},357800,2024-01-19 00:00,LS6 3JS,T,N,F,19,,GRIMTHORPE TERRACE,,LEEDS,LEEDS,WEST YORKSHIRE,B,A
{2ACACE8D-8904-295E-E063-4804A8C0B0EB},140000,2024-10-30 00:00,M14 6FB,F,N,L,"CEDAR COURT, 31",FLAT 13,WILBRAHAM ROAD,,MANCHESTER,MANCHESTER,GREATER MANCHESTER,B,A
{2ACACE8D-8905-295E-E063-4804A8C0B0EB},160500,2024-12-13 00:00,M14 6FB,F,N,L,"CEDAR COURT, 31",FLAT 1,WILBRAHAM ROAD,,MANCHESTER,MANCHESTER,GREATER MANCHESTER,B,A
{2ACACE8D-8906-295E-E063-4804A8C0B0EB},170000,2024-11-14 00:00,M14 4RU,T,N,F,162,,HARTINGTON STREET,,MANCHESTER,MANCHESTER,GREATER MANCHESTER,B,A
{2ACACE8D-890B-295E-E063-4804A8C0B0EB},165000,2024-12-09 00:00,M14 7WH,T,N,F,17,,DUNWORTH STREET,,MANCHESTER,MANCHESTER,GREATER MANCHESTER,B,A
{25E9DA80-8D55-555E-E063-4704A8C066F2},133000,2024-07-11 00:00,CF24 2TX,F,N,L,145,,BEAUFORT SQUARE,,CARDIFF,CARDIFF,CARDIFF,A,A
{25E9DA80-8D56-555E-E063-4704A8C066F2},108000,2024-09-06 00:00,CF24 2TX,F,N,L,137,,BEAUFORT SQUARE,,CARDIFF,CARDIFF,CARDIFF,A,A
{25E9DA80-8D64-555E-E063-4704A8C066F2},236000,2024-09-06 00:00,CF24 3JU,T,N,F,100,,KEPPOCH STREET,,CARDIFF,CARDIFF,CARDIFF,A,A
{1A0C5C64-1400-7CBE-E063-4804A8C06C96},169000,2024-05-03 00:00,LS6 4RQ,O,N,L,6,,STONE MILL COURT,,LEEDS,LEEDS,WEST YORKSHIRE,B,A
{49E87C32-2410-591C-E063-4704A8C00C31},360000,2024-12-20 00:00,M1 3AR,F,Y,L,"CARDING BUILDING, 42",FLAT 304,WHITWORTH STREET,,MANCHESTER,MANCHESTER,GREATER MANCHESTER,A,A
{49E87C32-253B-591C-E063-4704A8C00C31},419440,2024-06-21 00:00,M1 5LJ,F,Y,L,42,FLAT 1503,GREAT BRIDGEWATER STREET,,MANCHESTER,MANCHESTER,GREATER MANCHESTER,A,A
{49E87C32-253C-591C-E063-4704A8C00C31},412580,2024-06-21 00:00,M1 5LJ,F,Y,L,42,FLAT 1203,GREAT BRIDGEWATER STREET,,MANCHESTER,MANCHESTER,GREATER MANCHESTER,A,A
{2ACACE8D-73D4-295E-E063-4804A8C0B0EB},355000,2024-11-15 00:00,LS6 4EJ,T,N,F,14,,BROOKFIELD ROAD,,LEEDS,LEEDS,WEST YORKSHIRE,A,A
{1A0C5C64-1406-7CBE-E063-4804A8C06C96},410000,2024-04-19 00:00,LS6 3EP,T,N,F,22,,HEADINGLEY AVENUE,,LEEDS,LEEDS,WEST YORKSHIRE,B,A
{4777E0AF-4A9F-5D59-E063-4804A8C09F8E},240000,2024-12-19 00:00,CF24 3HL,T,N,F,95,,TREHARRIS STREET,,CARDIFF,CARDIFF,CARDIFF,A,A
{1A0C5C64-14B2-7CBE-E063-4804A8C06C96},280000,2024-05-08 00:00,LS6 1LR,T,N,F,8,,BEAMSLEY MOUNT,,LEEDS,LEEDS,WEST YORKSHIRE,B,A
{1A0C5C64-14BC-7CBE-E063-4804A8C06C96},350000,2024-04-25 00:00,LS6 3DD,T,N,F,13,,BROOMFIELD CRESCENT,,LEEDS,LEEDS,WEST YORKSHIRE,B,A
{44F406B7-5393-1095-E063-4704A8C048D4},100500,2024-12-18 00:00,NE6 2SH,T,N,F,166,,BENSON ROAD,,NEWCASTLE UPON TYNE,NEWCASTLE UPON TYNE,TYNE AND WEAR,B,A
{49E87C32-29B3-591C-E063-4704A8C00C31},295000,2024-04-16 00:00,L15 7JX,T,N,L,141,,THINGWALL ROAD,,LIVERPOOL,LIVERPOOL,MERSEYSIDE,A,A
{2ACACE8D-7938-295E-E063-4804A8C0B0EB},252000,2024-10-08 00:00,LS6 2BZ,F,N,L,GRANGE COURT,FLAT 17,NORTH GRANGE MOUNT,,LEEDS,LEEDS,WEST YORKSHIRE,A,A
{2ACACE8D-895E-295E-E063-4804A8C0B0EB},265000,2024-11-20 00:00,M14 4DL,T,N,F,26,,HAYDN AVENUE,,MANCHESTER,MANCHESTER,GREATER MANCHESTER,B,A
{25E9DA80-8DB5-555E-E063-4704A8C066F2},190000,2024-10-04 00:00,CF24 1QP,T,N,F,1,,TYLER STREET,,CARDIFF,CARDIFF,CARDIFF,A,A
{2ACACE8D-71FE-295E-E063-4804A8C0B0EB},241000,2024-07-31 00:00,LS6 4NP,S,N,F,77,,CHURCH LANE,MEANWOOD,LEEDS,LEEDS,WEST YORKSHIRE,A,A
{44F406B6-F883-1095-E063-4704A8C048D4},135000,2024-08-15 00:00,CF24 2DT,T,N,F,48,,CARLISLE STREET,,CARDIFF,CARDIFF,CARDIFF,A,A
{2ACACE8D-8985-295E-E063-4804A8C0B0EB},171500,2024-11-26 00:00,M1 3WS,F,N,L,"WHITWORTH HOUSE, 53",FLAT 28,WHITWORTH STREET,,MANCHESTER,MANCHESTER,GREATER MANCHESTER,B,A
{2ACACE8D-7212-295E-E063-4804A8C0B0EB},210000,2024-12-18 00:00,LS6 4HD,T,N,F,11,,HIGHBURY PLACE,,LEEDS,LEEDS,WEST YORKSHIRE,A,A
{49E87C32-2D90-591C-E063-4704A8C00C31},245500,2024-10-11 00:00,L15 4JE,F,N,L,12,APARTMENT 2,SHANKLIN ROAD,,LIVERPOOL,LIVERPOOL,MERSEYSIDE,A,A
{2ACACE8D-8999-295E-E063-4804A8C0B0EB},192500,2024-12-03 00:00,M14 6WT,F,N,L,"THE ALEXANDRA, 1",FLAT 11,WHITEOAK ROAD,,MANCHESTER,MANCHESTER,GREATER MANCHESTER,B,A
{2ACACE8D-899A-295E-E063-4804A8C0B0EB},192500,2024-12-03 00:00,M14 6WT,F,N,L,"THE ALEXANDRA, 1",FLAT 17,WHITEOAK ROAD,,MANCHESTER,MANCHESTER,GREATER MANCHESTER,B,A
{237B17FE-950B-22AC-E063-4804A8C0EA3A},201000,2024-09-17 00:00,NE6 4RD,T,N,F,16,,PALMERSTON AVENUE,,NEWCASTLE UPON TYNE,NEWCASTLE UPON TYNE,TYNE AND WEAR,A,A
{237B17FE-950D-22AC-E063-4804A8C0EA3A},85000,2024-09-19 00:00,NE6 3EU,T,N,F,9,,LOWFIELD TERRACE,,NEWCASTLE UPON TYNE,NEWCASTLE UPON TYNE,TYNE AND WEAR,A,A
{237B17FE-9518-22AC-E063-4804A8C0EA3A},235000,2024-03-27 00:00,CF24 4DD,T,N,F,96,,RICHARDS STREET,,CARDIFF,CARDIFF,CARDIFF,A,A
{237B17FE-9781-22AC-E063-4804A8C0EA3A},215000,2024-07-05 00:00,CF24 3EL,T,N,F,4,,PEARSON STREET,,CARDIFF,CARDIFF,CARDIFF,A,A
{3B5CE842-9C94-EE3A-E063-4804A8C0D6F1},170000,2024-08-02 00:00,L15 4JF,S,N,F,18,,VENTNOR ROAD,,LIVERPOOL,LIVERPOOL,MERSEYSIDE,B,A
{2ACACE8D-7688-295E-E063-4804A8C0B0EB},321000,2024-11-21 00:00,LS6 4AL,D,N,F,93,,GROVE LANE,,LEEDS,LEEDS,WEST YORKSHIRE,A,A
{2ACACE8D-7697-295E-E063-4804A8C0B0EB},400000,2024-11-14 00:00,LS6 4PP,S,N,F,73,,PARKLAND DRIVE,MEANWOOD,LEEDS,LEEDS,WEST YORKSHIRE,A,A
{2ACACE8D-89B3-295E-E063-4804A8C0B0EB},175000,2024-11-18 00:00,M14 5RH,F,N,L,ELLERSLIE COURT,APARTMENT 6,UPPER PARK ROAD,,MANCHESTER,MANCHESTER,GREATER MANCHESTER,B,A
{2ACACE8D-89C1-295E-E063-4804A8C0B0EB},230000,2024-12-04 00:00,M1 2DQ,F,N,L,"BRIDGE HOUSE, 26",APARTMENT 21,DUCIE STREET,,MANCHESTER,MANCHESTER,GREATER MANCHESTER,B,A
{3B5CE842-A1C4-EE3A-E063-4804A8C0D6F1},5225000,2024-09-27 00:00,NG7 2NR,O,N,F,37,,LENTON LANE,,NOTTINGHAM,CITY OF NOTTINGHAM,CITY OF NOTTINGHAM,B,A
{2ACACE8D-89CE-295E-E063-4804A8C0B0EB},80800,2024-12-03 00:00,M1 1EU,F,N,L,"THE WENTWOOD, 76",APARTMENT LG-4,NEWTON STREET,,MANCHESTER,MANCHESTER,GREATER MANCHESTER,B,A
{4777E0AF-0463-5D59-E063-4804A8C09F8E},150000,2024-08-27 00:00,NG7 2HL,T,N,F,1,,WATERSIDE GARDENS,,NOTTINGHAM,CITY OF NOTTINGHAM,CITY OF NOTTINGHAM,A,A
{2ACACE8D-76CA-295E-E063-4804A8C0B0EB},521500,2024-11-15 00:00,LS6 4BU,S,N,F,4,,MOOR PARK MOUNT,,LEEDS,LEEDS,WEST YORKSHIRE,A,A
{3B5CE842-A212-EE3A-E063-4804A8C0D6F1},175000,2024-08-02 00:00,NG7 6NS,T,N,F,86,,CEDAR ROAD,,NOTTINGHAM,CITY OF NOTTINGHAM,CITY OF NOTTINGHAM,B,A
{49E87C32-8366-591C-E063-4704A8C00C31},152000,2024-04-25 00:00,NE6 4RD,T,N,F,5,,PALMERSTON AVENUE,,NEWCASTLE UPON TYNE,NEWCASTLE UPON TYNE,TYNE AND WEAR,A,A
{49E87C31-B68D-591C-E063-4704A8C00C31},220000,2024-12-09 00:00,CF24 3QB,F,N,L,70,FLAT 1,CLAUDE ROAD,,CARDIFF,CARDIFF,CARDIFF,A,A
{4777E0AE-A79F-5D59-E063-4804A8C09F8E},219165,2024-02-26 00:00,M14 6JB,T,N,L,1,,REDSHAW CLOSE,,MANCHESTER,MANCHESTER,GREATER MANCHESTER,A,A
{2ACACE8D-7085-295E-E063-4804A8C0B0EB},350000,2024-11-29 00:00,LS6 4BS,S,N,F,4,,CASTLE GROVE AVENUE,,LEEDS,LEEDS,WEST YORKSHIRE,A,A
{2ACACE8D-709C-295E-E063-4804A8C0B0EB},285000,2024-11-29 00:00,LS6 3EN,S,N,F,7,,DERWENTWATER GROVE,,LEEDS,LEEDS,WEST YORKSHIRE,A,A
{4777E0AE-7556-5D59-E063-4804A8C09F8E},138000,2024-05-17 00:00,CF24 2RS,T,N,F,8,,STORRAR ROAD,,CARDIFF,CARDIFF,CARDIFF,A,A
{3B5CE842-8E9A-EE3A-E063-4804A8C0D6F1},225000,2024-08-23 00:00,M1 5JF,F,N,L,"CHEPSTOW HOUSE, 16 - 20",FLAT 49,CHEPSTOW STREET,,MANCHESTER,MANCHESTER,GREATER MANCHESTER,B,A
{3B5CE842-8ECF-EE3A-E063-4804A8C0D6F1},225000,2024-10-18 00:00,M14 4EZ,T,N,F,12,,GREAT SOUTHERN STREET,,MANCHESTER,MANCHESTER,GREATER MANCHESTER,B,A
{3B5CE842-997F-EE3A-E063-4804A8C0D6F1},459900,2024-06-04 00:00,M1 5LP,F,N,L,42,FLAT 1903,GREAT BRIDGEWATER STREET,,MANCHESTER,MANCHESTER,GREATER MANCHESTER,B,A
{3B5CE842-795B-EE3A-E063-4804A8C0D6F1},350000,2024-09-27 00:00,LS6 3PE,S,N,F,22,,ST CHADS VIEW,,LEEDS,LEEDS,WEST YORKSHIRE,A,A
{4777E0AE-7888-5D59-E063-4804A8C09F8E},156543,2024-09-18 00:00,CF24 0JS,F,N,L,ST. GERMANS COURT,FLAT 14,METAL STREET,,CARDIFF,CARDIFF,CARDIFF,A,A
{1C3E72FD-F170-F410-E063-4804A8C0DFA6},57000,2024-02-22 00:00,CF24 1QF,F,N,L,81,FIRST FLOOR FLAT,BROADWAY,,CARDIFF,CARDIFF,CARDIFF,A,A
{3B5CE842-8F19-EE3A-E063-4804A8C0D6F1},195000,2024-09-06 00:00,M14 4AU,T,N,L,5,,FRODSHAM STREET,,MANCHESTER,MANCHESTER,GREATER MANCHESTER,B,A
{3B5CE842-8F34-EE3A-E063-4804A8C0D6F1},220000,2024-08-29 00:00,M1 1EP,F,N,L,"THE SORTING HOUSE, 83",FLAT 6,NEWTON STREET,,MANCHESTER,MANCHESTER,GREATER MANCHESTER,B,A
{3B5CE842-8F3A-EE3A-E063-4804A8C0D6F1},200000,2024-08-29 00:00,M14 7NF,T,N,F,43,,KIPPAX STREET,,MANCHESTER,MANCHESTER,GREATER MANCHESTER,B,A
{1C3E72FD-F1CD-F410-E063-4804A8C0DFA6},230750,2024-06-13 00:00,CF24 2SB,T,N,F,1,,HEOL LAYARD,,CARDIFF,CARDIFF,CARDIFF,A,A
{49E87C32-C2A6-591C-E063-4704A8C00C31},155000,2024-08-09 00:00,CF24 5EE,O,N,L,THE TIMBER YARD,UNIT 9,EAST MOORS ROAD,,CARDIFF,CARDIFF,CARDIFF,B,A
{2ACACE8D-8DB8-295E-E063-4804A8C0B0EB},265000,2024-11-20 00:00,M14 4DQ,T,N,F,10,,RUSKIN AVENUE,,MANCHESTER,MANCHESTER,GREATER MANCHESTER,B,A
{2ACACE8D-8DCF-295E-E063-4804A8C0B0EB},730000,2024-08-19 00:00,M14 5RF,D,N,F,10,,KENT ROAD WEST,,MANCHESTER,MANCHESTER,GREATER MANCHESTER,B,A
{1C3E72FD-EFDD-F410-E063-4804A8C0DFA6},125000,2024-05-24 00:00,CF24 2SF,F,N,L,29,,CWRT BOSTON,,CARDIFF,CARDIFF,CARDIFF,A,A
{4777E0AE-E642-5D59-E063-4804A8C09F8E},380000,2024-11-07 00:00,M1 3AT,F,Y,L,"CARDING BUILDING, 42",FLAT 903,WHITWORTH STREET,,MANCHESTER,MANCHESTER,GREATER MANCHESTER,A,A
{2ACACE8D-A510-295E-E063-4804A8C0B0EB},240000,2024-10-29 00:00,LS6 2HP,T,N,F,48,,CLIFF MOUNT,,LEEDS,LEEDS,WEST YORKSHIRE,B,A
{3B5CE842-94D4-EE3A-E063-4804A8C0D6F1},310000,2024-10-03 00:00,M14 6UU,T,N,F,38,,LADYBARN CRESCENT,,MANCHESTER,MANCHESTER,GREATER MANCHESTER,B,A
{3B5CE842-9517-EE3A-E063-4804A8C0D6F1},265000,2024-10-31 00:00,M14 4DF,T,N,F,149,,ACOMB STREET,,MANCHESTER,MANCHESTER,GREATER MANCHESTER,B,A
{3B5CE842-9519-EE3A-E063-4804A8C0D6F1},155000,2024-12-18 00:00,M14 6YJ,T,N,F,15,,THORN GROVE,,MANCHESTER,MANCHESTER,GREATER MANCHESTER,B,A
{4777E0AF-AA1F-5D59-E063-4804A8C09F8E},90000,2024-10-02 00:00,NE6 2NY,O,N,F,440 - 442,,WELBECK ROAD,,NEWCASTLE UPON TYNE,NEWCASTLE UPON TYNE,TYNE AND WEAR,B,A
{4777E0AF-AB90-5D59-E063-4804A8C09F8E},270000,2024-09-13 00:00,CF24 3LW,T,N,F,9,,ANGUS STREET,,CARDIFF,CARDIFF,CARDIFF,B,A
{2ACACE8D-8DD6-295E-E063-4804A8C0B0EB},70000,2024-11-15 00:00,L15 0HB,T,N,F,142,,GROSVENOR ROAD,WAVERTREE,LIVERPOOL,LIVERPOOL,MERSEYSIDE,B,A
{2ACACE8D-8DEA-295E-E063-4804A8C0B0EB},62500,2024-10-30 00:00,L15 0HB,T,N,L,106,,GROSVENOR ROAD,WAVERTREE,LIVERPOOL,LIVERPOOL,MERSEYSIDE,B,A
{4777E0AE-79B2-5D59-E063-4804A8C09F8E},207000,2024-11-21 00:00,CF24 4EL,T,N,F,33,,LETTY STREET,,CARDIFF,CARDIFF,CARDIFF,A,A
{2ACACE8D-96FB-295E-E063-4804A8C0B0EB},415000,2024-11-29 00:00,NG7 2DT,S,N,F,74,,CYCLE ROAD,,NOTTINGHAM,CITY OF NOTTINGHAM,CITY OF NOTTINGHAM,B,A
{1C3E72FD-F07F-F410-E063-4804A8C0DFA6},230000,2024-05-31 00:00,CF24 2NU,T,N,F,3,,SWINTON STREET,,CARDIFF,CARDIFF,CARDIFF,A,A
{4777E0AF-97B6-5D59-E063-4804A8C09F8E},420000,2024-12-05 00:00,L15 5AJ,O,N,F,328 - 330,,SMITHDOWN ROAD,,LIVERPOOL,LIVERPOOL,MERSEYSIDE,B,A
{4777E0AF-9826-5D59-E063-4804A8C09F8E},145100,2024-12-18 00:00,L15 3JQ,T,N,F,70,,LIDDERDALE ROAD,,LIVERPOOL,LIVERPOOL,MERSEYSIDE,B,A
{4777E0AF-ABA4-5D59-E063-4804A8C09F8E},710000,2024-12-17 00:00,CF24 3PW,D,N,F,58,,CONNAUGHT ROAD,,CARDIFF,CARDIFF,CARDIFF,B,A
{2ACACE8D-8E06-295E-E063-4804A8C0B0EB},327000,2024-11-29 00:00,M14 6FN,S,N,F,10,,COLGATE CRESCENT,,MANCHESTER,MANCHESTER,GREATER MANCHESTER,B,A
{2ACACE8D-90DF-295E-E063-4804A8C0B0EB},150000,2024-11-22 00:00,M1 5GH,F,N,L,"MACINTOSH MILLS, 4",APARTMENT 18,CAMBRIDGE STREET,,MANCHESTER,MANCHESTER,GREATER MANCHESTER,B,A
{2ACACE8D-96FF-295E-E063-4804A8C0B0EB},210000,2024-12-03 00:00,NG7 2DT,T,N,F,20,,CYCLE ROAD,,NOTTINGHAM,CITY OF NOTTINGHAM,CITY OF NOTTINGHAM,B,A
{2ACACE8D-970F-295E-E063-4804A8C0B0EB},280000,2024-11-15 00:00,NG7 1AF,O,N,L,7,FLAT 2,WESTERN TERRACE,THE PARK,NOTTINGHAM,CITY OF NOTTINGHAM,CITY OF NOTTINGHAM,B,A
{2ACACE8D-971C-295E-E063-4804A8C0B0EB},167500,2024-11-11 00:00,NG7 7GN,T,N,F,108,,EGYPT ROAD,,NOTTINGHAM,CITY OF NOTTINGHAM,CITY OF NOTTINGHAM,B,A
{4777E0AE-E755-5D59-E063-4804A8C09F8E},255525,2024-05-31 00:00,M1 5LG,F,Y,L,42,FLAT 907,GREAT BRIDGEWATER STREET,,MANCHESTER,MANCHESTER,GREATER MANCHESTER,A,A
{2ACACE8D-A047-295E-E063-4804A8C0B0EB},150000,2024-11-25 00:00,NE6 5NB,O,N,L,85,,ADDYCOMBE TERRACE,,NEWCASTLE UPON TYNE,NEWCASTLE UPON TYNE,TYNE AND WEAR,B,A
{2ACACE8D-A049-295E-E063-4804A8C0B0EB},145000,2024-04-16 00:00,NE6 5XX,T,N,F,20,,NINTH AVENUE,,NEWCASTLE UPON TYNE,NEWCASTLE UPON TYNE,TYNE AND WEAR,B,A
{2ACACE8D-A04F-295E-E063-4804A8C0B0EB},50000,2024-12-06 00:00,NE6 2SX,T,N,F,93,,ALLENDALE ROAD,,NEWCASTLE UPON TYNE,NEWCASTLE UPON TYNE,TYNE AND WEAR,B,A
{3B5CE842-7BE9-EE3A-E063-4804A8C0D6F1},150000,2024-02-29 00:00,LS6 3DS,F,N,L,"ST ANNS TOWER, 214",FLAT 2,KIRKSTALL LANE,,LEEDS,LEEDS,WEST YORKSHIRE,A,A
{3B5CE842-85DF-EE3A-E063-4804A8C0D6F1},90000,2024-08-23 00:00,CF24 2ER,F,N,L,4,,ABERDOVEY STREET,,CARDIFF,CARDIFF,CARDIFF,B,A
{2ACACE8D-A564-295E-E063-4804A8C0B0EB},290000,2024-12-06 00:00,LS6 3JN,T,N,F,1A,,TRELAWN AVENUE,,LEEDS,LEEDS,WEST YORKSHIRE,B,A
{2ACACE8D-973D-295E-E063-4804A8C0B0EB},200000,2024-11-14 00:00,NG7 2FR,T,N,F,1,,MIRBERRY MEWS,,NOTTINGHAM,CITY OF NOTTINGHAM,CITY OF NOTTINGHAM,B,A
{2ACACE8D-A06D-295E-E063-4804A8C0B0EB},50000,2024-12-06 00:00,NE6 2SX,F,N,L,95,,ALLENDALE ROAD,,NEWCASTLE UPON TYNE,NEWCASTLE UPON TYNE,TYNE AND WEAR,B,A
{3B5CE842-8672-EE3A-E063-4804A8C0D6F1},175000,2024-09-04 00:00,CF24 1QA,T,N,F,57,,EMERALD STREET,,CARDIFF,CARDIFF,CARDIFF,B,A
{49E87C31-E3E8-591C-E063-4704A8C00C31},220000,2024-08-22 00:00,M1 2PE,F,N,L,"PICCADILLY LOFTS, 70",APARTMENT 41,DALE STREET,,MANCHESTER,MANCHESTER,GREATER MANCHESTER,A,A
{2ACACE8D-9122-295E-E063-4804A8C0B0EB},195000,2024-11-19 00:00,M14 5JS,F,N,L,26,,DANES ROAD,,MANCHESTER,MANCHESTER,GREATER MANCHESTER,B,A
{2ACACE8D-974A-295E-E063-4804A8C0B0EB},168000,2024-11-18 00:00,NG7 6HS,T,N,F,137,,BERRIDGE ROAD,,NOTTINGHAM,CITY OF NOTTINGHAM,CITY OF NOTTINGHAM,B,A
{2ACACE8D-975E-295E-E063-4804A8C0B0EB},380000,2024-05-20 00:00,NG7 2BU,T,N,F,34,,ELMSTHORPE AVENUE,,NOTTINGHAM,CITY OF NOTTINGHAM,CITY OF NOTTINGHAM,B,A
{2ACACE8D-9761-295E-E063-4804A8C0B0EB},113000,2024-11-20 00:00,NG7 6FZ,T,N,F,39,,GOODLIFFE STREET,,NOTTINGHAM,CITY OF NOTTINGHAM,CITY OF NOTTINGHAM,B,A
{2ACACE8D-A09B-295E-E063-4804A8C0B0EB},62000,2024-07-25 00:00,NE6 2HY,S,N,F,10,,CLEADON STREET,,NEWCASTLE UPON TYNE,NEWCASTLE UPON TYNE,TYNE AND WEAR,B,A
{2ACACE8D-A0A7-295E-E063-4804A8C0B0EB},172000,2024-11-22 00:00,NE6 5BT,F,N,L,108,,CHILLINGHAM ROAD,,NEWCASTLE UPON TYNE,NEWCASTLE UPON TYNE,TYNE AND WEAR,B,A
{4777E0AF-4649-5D59-E063-4804A8C09F8E},200000,2024-12-18 00:00,NE6 3UF,D,N,F,33,,LYSANDER DRIVE,WALKER,NEWCASTLE UPON TYNE,NEWCASTLE UPON TYNE,TYNE AND WEAR,A,A
{2ACACE8D-A59B-295E-E063-4804A8C0B0EB},333000,2024-11-29 00:00,LS6 3EW,T,N,F,51,,HEADINGLEY MOUNT,,LEEDS,LEEDS,WEST YORKSHIRE,B,A
{49E87C32-CD51-591C-E063-4704A8C00C31},100000,2024-12-18 00:00,M14 5AR,S,N,F,26,,RUSHOLME GROVE,,MANCHESTER,MANCHESTER,GREATER MANCHESTER,B,A
{2ACACE8D-9785-295E-E063-4804A8C0B0EB},210000,2024-12-13 00:00,NG7 1QD,T,N,F,18,,ASHBURNHAM AVENUE,,NOTTINGHAM,CITY OF NOTTINGHAM,CITY OF NOTTINGHAM,B,A
{4777E0AE-EFA4-5D59-E063-4804A8C09F8E},270000,2024-05-03 00:00,L15 8HS,F,N,L,"GROVE MANOR, 21A",APARTMENT 9,CHESTNUT GROVE,WAVERTREE,LIVERPOOL,LIVERPOOL,MERSEYSIDE,A,A
{4777E0AE-EFA6-5D59-E063-4804A8C09F8E},83000,2024-11-25 00:00,L15 1EJ,T,N,F,81,,MACDONALD STREET,,LIVERPOOL,LIVERPOOL,MERSEYSIDE,A,A
{4777E0AF-4872-5D59-E063-4804A8C09F8E},225000,2024-12-18 00:00,CF24 4TY,T,N,F,19,,ALFRED STREET,,CARDIFF,CARDIFF,CARDIFF,A,A
{4777E0AF-492F-5D59-E063-4804A8C09F8E},330000,2024-12-12 00:00,CF24 4TD,T,N,F,81,,MOY ROAD,ROATH,CARDIFF,CARDIFF,CARDIFF,A,A
{4777E0AF-9ECA-5D59-E063-4804A8C09F8E},415000,2024-09-09 00:00,NG7 7GE,O,N,F,"RESTORATION HOUSE, 69 - 73",,LIDDINGTON STREET,,NOTTINGHAM,CITY OF NOTTINGHAM,CITY OF NOTTINGHAM,B,A
{3B5CE842-4D52-EE3A-E063-4804A8C0D6F1},150000,2024-08-30 00:00,NE6 2NP,T,N,F,10,,LANCEFIELD AVENUE,,NEWCASTLE UPON TYNE,NEWCASTLE UPON TYNE,TYNE AND WEAR,A,A
{3B5CE842-4D60-EE3A-E063-4804A8C0D6F1},144000,2024-08-09 00:00,NE6 5YB,F,N,L,93,,EIGHTH AVENUE,,NEWCASTLE UPON TYNE,NEWCASTLE UPON TYNE,TYNE AND WEAR,B,A
{1C3E72FE-1EC3-F410-E063-4804A8C0DFA6},333000,2024-05-17 00:00,M1 3NR,F,N,L,"REGENCY HOUSE, 36 - 38",FLAT 30,WHITWORTH STREET,,MANCHESTER,MANCHESTER,GREATER MANCHESTER,A,A
{237B17FD-F122-22AC-E063-4804A8C0EA3A},230000,2024-04-15 00:00,M14 7EY,S,N,F,4,,AVRO CLOSE,,MANCHESTER,MANCHESTER,GREATER MANCHESTER,A,A
{237B17FD-F373-22AC-E063-4804A8C0EA3A},225000,2024-05-17 00:00,M1 6HP,F,N,L,"CHINA HOUSE, 14",FLAT 25,HARTER STREET,,MANCHESTER,MANCHESTER,GREATER MANCHESTER,A,A
{3B5CE842-4E8E-EE3A-E063-4804A8C0D6F1},159000,2024-09-20 00:00,NE6 4TN,S,N,F,21,,HOLLYWOOD AVENUE,WALKERVILLE,NEWCASTLE UPON TYNE,NEWCASTLE UPON TYNE,TYNE AND WEAR,A,A
{3B5CE842-55DF-EE3A-E063-4804A8C0D6F1},70000,2024-01-23 00:00,CF24 4NX,F,N,L,LION COURT,FLAT 1,DANIEL STREET,,CARDIFF,CARDIFF,CARDIFF,B,A
{1C3E72FE-1F3A-F410-E063-4804A8C0DFA6},230000,2024-01-25 00:00,M1 2PE,F,N,L,"PICCADILLY LOFTS, 70",APARTMENT 9,DALE STREET,,MANCHESTER,MANCHESTER,GREATER MANCHESTER,A,A
{1C3E72FE-1F7B-F410-E063-4804A8C0DFA6},240000,2024-06-20 00:00,M1 5ED,F,N,L,51,APARTMENT 711,WHITWORTH STREET WEST,,MANCHESTER,MANCHESTER,GREATER MANCHESTER,A,A
{1C3E72FE-1F99-F410-E063-4804A8C0DFA6},150000,2024-04-19 00:00,M14 5LY,F,N,L,82,,HADFIELD CLOSE,RUSHOLME,MANCHESTER,MANCHESTER,GREATER MANCHESTER,A,A
{1C3E72FE-1FBA-F410-E063-4804A8C0DFA6},250000,2024-05-13 00:00,M1 6BD,F,N,L,"ASIA HOUSE, 82",215,PRINCESS STREET,,MANCHESTER,MANCHESTER,GREATER MANCHESTER,A,A
{237B17FD-F3A1-22AC-E063-4804A8C0EA3A},181000,2024-09-09 00:00,M14 7BA,F,N,L,"PARKSIDE, 193",FLAT 36,HART ROAD,,MANCHESTER,MANCHESTER,GREATER MANCHESTER,A,A
{237B17FD-F3AA-22AC-E063-4804A8C0EA3A},144000,2024-09-13 00:00,M14 7BA,F,N,L,"PARKSIDE, 193",FLAT 21,HART ROAD,,MANCHESTER,MANCHESTER,GREATER MANCHESTER,A,A
{1C3E72FE-1FD8-F410-E063-4804A8C0DFA6},180000,2024-05-24 00:00,M1 5DE,F,N,L,"THE HACIENDA, 11 - 15",312,WHITWORTH STREET WEST,,MANCHESTER,MANCHESTER,GREATER MANCHESTER,A,A
{3B5CE842-4FA0-EE3A-E063-4804A8C0D6F1},255000,2024-04-05 00:00,NE6 4LP,D,N,F,1,,COQUETDALE AVENUE,,NEWCASTLE UPON TYNE,NEWCASTLE UPON TYNE,TYNE AND WEAR,A,A
{3B5CE842-4FAA-EE3A-E063-4804A8C0D6F1},87000,2024-09-16 00:00,NE6 4UW,F,N,L,20,,WYEDALE WAY,,NEWCASTLE UPON TYNE,NEWCASTLE UPON TYNE,TYNE AND WEAR,A,A
{3B5CE842-7A4C-EE3A-E063-4804A8C0D6F1},185000,2024-08-14 00:00,LS6 3BY,S,N,F,10,,NEWPORT CRESCENT,,LEEDS,LEEDS,WEST YORKSHIRE,A,A
{3B5CE842-10C7-EE3A-E063-4804A8C0D6F1},370000,2024-11-06 00:00,NG7 4DT,S,N,F,6B,,BURNS STREET,,NOTTINGHAM,CITY OF NOTTINGHAM,CITY OF NOTTINGHAM,A,A
{3B5CE842-10DC-EE3A-E063-4804A8C0D6F1},310000,2024-09-06 00:00,NG7 1NF,F,N,L,"WESTBURY HOUSE, 186",FLAT 6,DERBY ROAD,,NOTTINGHAM,CITY OF NOTTINGHAM,CITY OF NOTTINGHAM,A,A
{237B17FD-EF26-22AC-E063-4804A8C0EA3A},252230,2024-09-04 00:00,M14 7QF,S,N,F,216,,HORTON ROAD,,MANCHESTER,MANCHESTER,GREATER MANCHESTER,A,A
{237B17FD-F16B-22AC-E063-4804A8C0EA3A},325000,2024-08-27 00:00,M14 6EL,S,N,F,39,,BROCKLEBANK ROAD,,MANCHESTER,MANCHESTER,GREATER MANCHESTER,A,A
{1C3E72FE-1E88-F410-E063-4804A8C0DFA6},325000,2024-04-22 00:00,M14 7EW,S,N,F,271,,WILBRAHAM ROAD,,MANCHESTER,MANCHESTER,GREATER MANCHESTER,A,A
{3B5CE842-1197-EE3A-E063-4804A8C0D6F1},255000,2024-08-19 00:00,NG7 2LS,S,N,F,2,,RATHMINES CLOSE,,NOTTINGHAM,CITY OF NOTTINGHAM,CITY OF NOTTINGHAM,A,A
{1C3E72FE-1EBA-F410-E063-4804A8C0DFA6},285000,2024-01-24 00:00,M1 3NR,F,N,L,"REGENCY HOUSE, 36 - 38",FLAT 25,WHITWORTH STREET,,MANCHESTER,MANCHESTER,GREATER MANCHESTER,B,A
{237B17FD-F3D2-22AC-E063-4804A8C0EA3A},242000,2024-08-16 00:00,M14 6GR,T,N,F,14,,RHOS AVENUE,,MANCHESTER,MANCHESTER,GREATER MANCHESTER,A,A
{237B17FD-F3E5-22AC-E063-4804A8C0EA3A},176000,2024-04-19 00:00,M14 5RH,F,N,L,ELLERSLIE COURT,APARTMENT 24,UPPER PARK ROAD,,MANCHESTER,MANCHESTER,GREATER MANCHESTER,A,A
{237B17FD-F3EA-22AC-E063-4804A8C0EA3A},225000,2024-08-19 00:00,M1 5BZ,F,N,L,"CHORLTON MILL, 3",302,CAMBRIDGE STREET,,MANCHESTER,MANCHESTER,GREATER MANCHESTER,A,A
{237B17FD-F3ED-22AC-E063-4804A8C0EA3A},260000,2024-09-05 00:00,M1 1ER,F,N,L,"THE SORTING HOUSE, 83",FLAT 92,NEWTON STREET,,MANCHESTER,MANCHESTER,GREATER MANCHESTER,A,A
{1C3E72FE-7885-F410-E063-4804A8C0DFA6},360000,2024-03-13 00:00,NG7 1BY,T,N,F,3,,CAVENDISH MEWS,,NOTTINGHAM,CITY OF NOTTINGHAM,CITY OF NOTTINGHAM,A,A
{1C3E72FE-78C7-F410-E063-4804A8C0DFA6},503000,2024-06-18 00:00,NG7 1DT,T,N,F,28,,LENTON ROAD,THE PARK,NOTTINGHAM,CITY OF NOTTINGHAM,CITY OF NOTTINGHAM,A,A
{3B5CE842-7A9E-EE3A-E063-4804A8C0D6F1},365000,2024-07-19 00:00,LS6 3PD,S,N,F,27,,BECKETTS PARK DRIVE,,LEEDS,LEEDS,WEST YORKSHIRE,A,A
{1C3E72FE-78E2-F410-E063-4804A8C0DFA6},240000,2024-04-26 00:00,NG7 5PH,D,N,F,8,,MEADOW BROWN ROAD,,NOTTINGHAM,CITY OF NOTTINGHAM,CITY OF NOTTINGHAM,A,A
{1C3E72FE-76CF-F410-E063-4804A8C0DFA6},345000,2024-01-22 00:00,NG7 1BG,T,N,F,1,,LINCOLN CIRCUS,,NOTTINGHAM,CITY OF NOTTINGHAM,CITY OF NOTTINGHAM,A,A
{3B5CE842-12FD-EE3A-E063-4804A8C0D6F1},118000,2024-06-27 00:00,NG7 7AP,T,N,F,3,,MAUD STREET,,NOTTINGHAM,CITY OF NOTTINGHAM,CITY OF NOTTINGHAM,A,A
{3B5CE842-12FE-EE3A-E063-4804A8C0D6F1},113000,2024-07-02 00:00,NG7 5LZ,T,N,F,38,,PLAYER STREET,,NOTTINGHAM,CITY OF NOTTINGHAM,CITY OF NOTTINGHAM,A,A
{3B5CE842-1307-EE3A-E063-4804A8C0D6F1},275000,2024-08-23 00:00,NG7 1QE,S,N,F,22,,COTTESMORE ROAD,,NOTTINGHAM,CITY OF NOTTINGHAM,CITY OF NOTTINGHAM,A,A
{237B17FD-EF63-22AC-E063-4804A8C0EA3A},250000,2024-08-28 00:00,M14 4WH,T,N,F,74,,BROADFIELD ROAD,,MANCHESTER,MANCHESTER,GREATER MANCHESTER,A,A
{1C3E72FE-7918-F410-E063-4804A8C0DFA6},113000,2024-05-13 00:00,NG7 3FD,T,N,F,31,,BASTION STREET,,NOTTINGHAM,CITY OF NOTTINGHAM,CITY OF NOTTINGHAM,A,A
{1A0C5C64-0E2A-7CBE-E063-4804A8C06C96},147500,2024-03-22 00:00,NE6 5LS,O,N,L,78,,WARTON TERRACE,,NEWCASTLE UPON TYNE,NEWCASTLE UPON TYNE,TYNE AND WEAR,B,A
{1A0C5C64-0E57-7CBE-E063-4804A8C06C96},370000,2024-04-29 00:00,NE6 5PD,O,N,F,24,,STRATFORD ROAD,,NEWCASTLE UPON TYNE,NEWCASTLE UPON TYNE,TYNE AND WEAR,B,A
{1A0C5C64-0E6A-7CBE-E063-4804A8C06C96},93500,2024-05-03 00:00,NE6 2QL,T,N,F,9,,FLODDEN STREET,,NEWCASTLE UPON TYNE,NEWCASTLE UPON TYNE,TYNE AND WEAR,B,A
{1C3E72FE-76F0-F410-E063-4804A8C0DFA6},135000,2024-05-31 00:00,NG7 7EW,T,N,F,18,,CHATSWORTH AVENUE,,NOTTINGHAM,CITY OF NOTTINGHAM,CITY OF NOTTINGHAM,A,A
{1C3E72FE-7939-F410-E063-4804A8C0DFA6},160000,2024-06-06 00:00,NG7 5HA,S,N,F,18,,THE POPLARS,,NOTTINGHAM,CITY OF NOTTINGHAM,CITY OF NOTTINGHAM,A,A
{1C3E72FE-793D-F410-E063-4804A8C0DFA6},150000,2024-02-12 00:00,NG7 6GB,F,N,L,"THE PAVILION, 3",APARTMENT 8,RUSSELL ROAD,,NOTTINGHAM,CITY OF NOTTINGHAM,CITY OF NOTTINGHAM,A,A
{1A0C5C64-0E76-7CBE-E063-4804A8C06C96},168000,2024-02-07 00:00,NE6 5NB,O,N,L,79,,ADDYCOMBE TERRACE,,NEWCASTLE UPON TYNE,NEWCASTLE UPON TYNE,TYNE AND WEAR,B,A
{1A0C5C64-0E77-7CBE-E063-4804A8C06C96},168000,2024-02-07 00:00,NE6 5NB,T,N,F,77,,ADDYCOMBE TERRACE,,NEWCASTLE UPON TYNE,NEWCASTLE UPON TYNE,TYNE AND WEAR,B,A
{1C3E72FE-771D-F410-E063-4804A8C0DFA6},445000,2024-06-07 00:00,NG7 2LQ,D,N,F,3,,INGHAM GROVE,,NOTTINGHAM,CITY OF NOTTINGHAM,CITY OF NOTTINGHAM,A,A
{1C3E72FE-7958-F410-E063-4804A8C0DFA6},170000,2024-02-21 00:00,NG7 6AT,T,N,F,166,,NOEL STREET,,NOTTINGHAM,CITY OF NOTTINGHAM,CITY OF NOTTINGHAM,A,A
{3B5CE842-7AC8-EE3A-E063-4804A8C0D6F1},295000,2024-09-03 00:00,LS6 1AB,S,N,F,9,,SPRINGBANK CRESCENT,HEADINGLEY,LEEDS,LEEDS,WEST YORKSHIRE,A,A
{1C3E72FE-7734-F410-E063-4804A8C0DFA6},137000,2024-01-26 00:00,NG7 7LX,T,N,F,51,,ALBANY ROAD,,NOTTINGHAM,CITY OF NOTTINGHAM,CITY OF NOTTINGHAM,A,A
{1C3E72FE-798B-F410-E063-4804A8C0DFA6},540000,2024-01-26 00:00,NG7 6JJ,D,N,F,5,,SECOND AVENUE,,NOTTINGHAM,CITY OF NOTTINGHAM,CITY OF NOTTINGHAM,A,A
{1C3E72FE-776F-F410-E063-4804A8C0DFA6},170000,2024-05-31 00:00,NG7 6HZ,T,N,F,23,,CEDAR ROAD,,NOTTINGHAM,CITY OF NOTTINGHAM,CITY OF NOTTINGHAM,A,A
{1C3E72FE-79A6-F410-E063-4804A8C0DFA6},205000,2024-02-09 00:00,NG7 4EQ,F,N,L,50,FLAT 1,FOREST ROAD WEST,,NOTTINGHAM,CITY OF NOTTINGHAM,CITY OF NOTTINGHAM,A,A
{237B17FD-F43B-22AC-E063-4804A8C0EA3A},348000,2024-08-21 00:00,M1 2FJ,F,N,L,"JACKSONS WAREHOUSE, 20",APARTMENT 14,TARIFF STREET,,MANCHESTER,MANCHESTER,GREATER MANCHESTER,A,A
{1C3E72FE-79C0-F410-E063-4804A8C0DFA6},135000,2024-01-09 00:00,NG7 5LA,T,N,F,25,,HAZELWOOD ROAD,,NOTTINGHAM,CITY OF NOTTINGHAM,CITY OF NOTTINGHAM,A,A
{3B5CE842-510E-EE3A-E063-4804A8C0D6F1},110500,2024-10-04 00:00,NE6 5SD,F,N,L,334,,CHILLINGHAM ROAD,,NEWCASTLE UPON TYNE,NEWCASTLE UPON TYNE,TYNE AND WEAR,A,A
{1C3E72FE-779B-F410-E063-4804A8C0DFA6},144500,2024-02-16 00:00,NG7 7FB,T,N,F,5,,REIGATE ROAD,,NOTTINGHAM,CITY OF NOTTINGHAM,CITY OF NOTTINGHAM,A,A
{1A0C5C64-0317-7CBE-E063-4804A8C06C96},215000,2024-02-21 00:00,NG7 2LE,T,N,F,4,,MARLBOROUGH STREET,,NOTTINGHAM,CITY OF NOTTINGHAM,CITY OF NOTTINGHAM,B,A
{1A0C5C64-0319-7CBE-E063-4804A8C06C96},240000,2024-01-26 00:00,NG7 2EW,T,N,F,3,,CHURCH AVENUE,,NOTTINGHAM,CITY OF NOTTINGHAM,CITY OF NOTTINGHAM,B,A
{1A0C5C64-0326-7CBE-E063-4804A8C06C96},315100,2024-03-01 00:00,NG7 2EP,S,N,F,13,,WILLOUGHBY AVENUE,,NOTTINGHAM,CITY OF NOTTINGHAM,CITY OF NOTTINGHAM,B,A
{1A0C5C64-0EC2-7CBE-E063-4804A8C06C96},215000,2024-02-28 00:00,NE6 5BG,T,N,L,10,,HARTFORD COURT,,NEWCASTLE UPON TYNE,NEWCASTLE UPON TYNE,TYNE AND WEAR,B,A
{1A0C5C64-033F-7CBE-E063-4804A8C06C96},2000000,2024-01-12 00:00,NG7 2PN,O,N,F,WOLSELEY UK LIMITED,,LEENGATE,,NOTTINGHAM,CITY OF NOTTINGHAM,CITY OF NOTTINGHAM,B,A
{1A0C5C64-0343-7CBE-E063-4804A8C06C96},1080000,2024-01-19 00:00,NG7 2RG,O,N,F,PLUMB CENTER,,NOTTINGHAM SCIENCE & TECHNOLOGY PARK,,NOTTINGHAM,CITY OF NOTTINGHAM,CITY OF NOTTINGHAM,B,A
{1C3E72FE-7A0B-F410-E063-4804A8C0DFA6},150000,2024-01-29 00:00,NG7 7FL,T,N,F,3,,DRAYMANS COURT,,NOTTINGHAM,CITY OF NOTTINGHAM,CITY OF NOTTINGHAM,A,A
{1A0C5C64-0357-7CBE-E063-4804A8C06C96},220000,2024-05-20 00:00,NG7 2RF,O,N,L,EDISON VILLAGE,11,NOTTINGHAM SCIENCE & TECHNOLOGY PARK,,NOTTINGHAM,CITY OF NOTTINGHAM,CITY OF NOTTINGHAM,B,A
{1A0C5C64-0362-7CBE-E063-4804A8C06C96},140000,2024-02-23 00:00,NG7 5NE,T,N,F,366,,ALFRETON ROAD,,NOTTINGHAM,CITY OF NOTTINGHAM,CITY OF NOTTINGHAM,B,A
{1A0C5C64-0F3C-7CBE-E063-4804A8C06C96},193000,2024-03-22 00:00,NE6 5XN,T,N,F,153,,CHILLINGHAM ROAD,,NEWCASTLE UPON TYNE,NEWCASTLE UPON TYNE,TYNE AND WEAR,B,A
{1C3E72FE-7803-F410-E063-4804A8C0DFA6},210000,2024-01-26 00:00,NG7 2JP,S,N,F,42,,BEESTON ROAD,,NOTTINGHAM,CITY OF NOTTINGHAM,CITY OF NOTTINGHAM,A,A
{1A0C5C64-0388-7CBE-E063-4804A8C06C96},170000,2024-04-19 00:00,NG7 6LS,T,N,F,96,,EXETER ROAD,,NOTTINGHAM,CITY OF NOTTINGHAM,CITY OF NOTTINGHAM,B,A
{1A0C5C64-039D-7CBE-E063-4804A8C06C96},747500,2024-01-10 00:00,NG7 1BB,F,N,L,"REDCLIFFE, 33B",,CAVENDISH ROAD EAST,,NOTTINGHAM,CITY OF NOTTINGHAM,CITY OF NOTTINGHAM,B,A
{1C3E72FE-7A57-F410-E063-4804A8C0DFA6},192000,2024-02-09 00:00,NG7 1GJ,F,N,L,25,,FLAMINGO COURT,CASTLE MARINA,NOTTINGHAM,CITY OF NOTTINGHAM,CITY OF NOTTINGHAM,A,A
{1A0C5C64-0F64-7CBE-E063-4804A8C06C96},300000,2024-04-06 00:00,CF24 4ND,O,N,F,43A,,CRWYS ROAD,,CARDIFF,CARDIFF,CARDIFF,B,A
{1A0C5C64-0F77-7CBE-E063-4804A8C06C96},260000,2024-03-28 00:00,CF24 1LU,T,N,F,105,,CLIFTON STREET,,CARDIFF,CARDIFF,CARDIFF,B,A
{1A0C5C64-0F81-7CBE-E063-4804A8C06C96},300000,2024-04-30 00:00,CF24 4BS,T,N,F,4,,COBURN STREET,,CARDIFF,CARDIFF,CARDIFF,B,A
{1A0C5C64-0420-7CBE-E063-4804A8C06C96},148000,2024-04-30 00:00,NG7 6AR,S,N,F,203,,NOEL STREET,,NOTTINGHAM,CITY OF NOTTINGHAM,CITY OF NOTTINGHAM,B,A
{1A0C5C64-0428-7CBE-E063-4804A8C06C96},187000,2024-05-10 00:00,NG7 6AR,T,N,F,175,,NOEL STREET,,NOTTINGHAM,CITY OF NOTTINGHAM,CITY OF NOTTINGHAM,B,A
{1A0C5C64-0429-7CBE-E063-4804A8C06C96},305000,2024-01-22 00:00,NG7 2BZ,S,N,F,124,,LENTON BOULEVARD,,NOTTINGHAM,CITY OF NOTTINGHAM,CITY OF NOTTINGHAM,B,A
{1A0C5C64-0F88-7CBE-E063-4804A8C06C96},238000,2024-03-15 00:00,CF24 3QX,T,N,F,8,,PARTRIDGE ROAD,,CARDIFF,CARDIFF,CARDIFF,B,A
{1C3E72FE-7851-F410-E063-4804A8C0DFA6},135000,2024-05-28 00:00,NG7 5EB,T,N,F,15,,ST PAULS AVENUE,,NOTTINGHAM,CITY OF NOTTINGHAM,CITY OF NOTTINGHAM,A,A
{1A0C5C64-0FAF-7CBE-E063-4804A8C06C96},50000,2024-04-29 00:00,CF24 4PD,T,N,F,16A,,ROBERT STREET,CATHAYS,CARDIFF,CARDIFF,CARDIFF,B,A
{1A0C5C64-0FBB-7CBE-E063-4804A8C06C96},159600,2024-02-19 00:00,CF24 5JX,O,N,L,UNIT 2,,EAST MOORS BUSINESS PARK,,CARDIFF,CARDIFF,CARDIFF,B,A
{1A0C5C64-1000-7CBE-E063-4804A8C06C96},600000,2024-04-12 00:00,CF24 4EA,T,N,F,2,,WOODVILLE ROAD,,CARDIFF,CARDIFF,CARDIFF,B,A
{3B5CE842-51AB-EE3A-E063-4804A8C0D6F1},250200,2024-01-06 00:00,NE6 5TD,S,N,F,129,,SACKVILLE ROAD,,NEWCASTLE UPON TYNE,NEWCASTLE UPON TYNE,TYNE AND WEAR,A,A
{3B5CE842-51EA-EE3A-E063-4804A8C0D6F1},308000,2024-07-05 00:00,NE6 5TX,T,N,F,58,,RAVENSWOOD ROAD,,NEWCASTLE UPON TYNE,NEWCASTLE UPON TYNE,TYNE AND WEAR,A,A
{237B17FD-F260-22AC-E063-4804A8C0EA3A},165000,2024-09-12 00:00,M1 5GL,F,N,L,"LINCOLN PLACE, 7",APARTMENT 8,HULME STREET,,MANCHESTER,MANCHESTER,GREATER MANCHESTER,A,A
{237B17FD-EDF2-22AC-E063-4804A8C0EA3A},337500,2024-08-21 00:00,M14 6XT,T,N,L,24,,WILLOW BANK,,MANCHESTER,MANCHESTER,GREATER MANCHESTER,A,A
{3B5CE842-7660-EE3A-E063-4804A8C0D6F1},185000,2024-05-16 00:00,LS6 1DW,F,N,L,"OAKHURST, 49",APARTMENT 1,CARDIGAN ROAD,,LEEDS,LEEDS,WEST YORKSHIRE,A,A
{237B17FD-F062-22AC-E063-4804A8C0EA3A},229000,2024-09-18 00:00,M14 7WR,T,N,F,67,,DORSET AVENUE,,MANCHESTER,MANCHESTER,GREATER MANCHESTER,A,A
{1A0C5C63-DAA3-7CBE-E063-4804A8C06C96},330000,2024-03-04 00:00,LS6 3PZ,S,N,F,57,,ST CHADS DRIVE,,LEEDS,LEEDS,WEST YORKSHIRE,A,A
{1A0C5C63-DCDD-7CBE-E063-4804A8C06C96},191000,2024-01-15 00:00,LS6 2AE,F,N,L,18,FLAT 3,WOOD LANE,HEADINGLEY,LEEDS,LEEDS,WEST YORKSHIRE,A,A
{1A0C5C63-DCE9-7CBE-E063-4804A8C06C96},157000,2024-02-29 00:00,LS6 1AY,F,N,L,34,,ASH GROVE,,LEEDS,LEEDS,WEST YORKSHIRE,A,A
{34222872-A31C-4D2B-E063-4704A8C07853},276000,2024-11-15 00:00,NG7 2DP,S,N,F,265,,DERBY ROAD,,NOTTINGHAM,CITY OF NOTTINGHAM,CITY OF NOTTINGHAM,A,A
{1A0C5C63-DD75-7CBE-E063-4804A8C06C96},350000,2024-04-11 00:00,LS6 3PQ,D,N,F,52A,,BECKETTS PARK CRESCENT,,LEEDS,LEEDS,WEST YORKSHIRE,A,A
{1A0C5C63-D876-7CBE-E063-4804A8C06C96},268000,2024-05-01 00:00,LS6 3LE,S,N,F,29,,ASH CRESCENT,,LEEDS,LEEDS,WEST YORKSHIRE,A,A
{237B17FD-F2D4-22AC-E063-4804A8C0EA3A},230000,2024-08-21 00:00,M14 6RF,T,N,F,37,,EXBURY STREET,,MANCHESTER,MANCHESTER,GREATER MANCHESTER,A,A
{237B17FE-99DC-22AC-E063-4804A8C0EA3A},312000,2024-04-23 00:00,CF24 4SA,T,N,F,114,,INVERNESS PLACE,,CARDIFF,CARDIFF,CARDIFF,A,A
{237B17FD-EE49-22AC-E063-4804A8C0EA3A},280000,2024-07-25 00:00,M14 6XW,D,N,F,2,,EGERTON ROAD,,MANCHESTER,MANCHESTER,GREATER MANCHESTER,A,A
{237B17FD-F300-22AC-E063-4804A8C0EA3A},200000,2024-09-09 00:00,M1 3LR,F,N,L,63,FLAT 103,BLOOM STREET,,MANCHESTER,MANCHESTER,GREATER MANCHESTER,A,A
{34222872-9E8D-4D2B-E063-4704A8C07853},127000,2024-09-03 00:00,NG7 5GF,T,N,F,7,,RANDAL GARDENS,,NOTTINGHAM,CITY OF NOTTINGHAM,CITY OF NOTTINGHAM,A,A
{237B17FE-9A07-22AC-E063-4804A8C0EA3A},197000,2024-08-14 00:00,CF24 1LT,T,N,F,60,,CLIFTON STREET,,CARDIFF,CARDIFF,CARDIFF,A,A
{34222872-81A0-4D2B-E063-4704A8C07853},155740,2024-10-23 00:00,M14 5PP,F,N,L,20A,,LANGDALE ROAD,,MANCHESTER,MANCHESTER,GREATER MANCHESTER,A,A
{237B17FE-8F89-22AC-E063-4804A8C0EA3A},510000,2024-08-28 00:00,NE6 5AU,S,N,F,5,,PARKVILLE,,NEWCASTLE UPON TYNE,NEWCASTLE UPON TYNE,TYNE AND WEAR,A,A
{237B17FE-8F91-22AC-E063-4804A8C0EA3A},310800,2024-05-31 00:00,NE6 5XU,T,N,F,43,,TENTH AVENUE,,NEWCASTLE UPON TYNE,NEWCASTLE UPON TYNE,TYNE AND WEAR,A,A
{237B17FE-8F95-22AC-E063-4804A8C0EA3A},300000,2024-09-06 00:00,NE6 5TD,S,N,F,119,,SACKVILLE ROAD,,NEWCASTLE UPON TYNE,NEWCASTLE UPON TYNE,TYNE AND WEAR,A,A
{237B17FE-91E3-22AC-E063-4804A8C0EA3A},115550,2024-08-21 00:00,NE6 1LR,F,N,L,117,,ALBION ROW,,NEWCASTLE UPON TYNE,NEWCASTLE UPON TYNE,TYNE AND WEAR,A,A
{237B17FE-956A-22AC-E063-4804A8C0EA3A},265000,2024-05-03 00:00,CF24 2DB,T,N,F,66,,SPLOTT ROAD,,CARDIFF,CARDIFF,CARDIFF,A,A
{237B17FE-9577-22AC-E063-4804A8C0EA3A},245000,2024-07-08 00:00,CF24 4SL,T,N,F,12,,DAVIOT STREET,,CARDIFF,CARDIFF,CARDIFF,A,A
{237B17FE-97CB-22AC-E063-4804A8C0EA3A},195000,2024-09-23 00:00,CF24 2AD,T,N,F,89,,SANQUHAR STREET,,CARDIFF,CARDIFF,CARDIFF,A,A
{34222872-9F06-4D2B-E063-4704A8C07853},428000,2024-08-16 00:00,NG7 1LF,T,N,F,1,,POTOMAC MEWS,,NOTTINGHAM,CITY OF NOTTINGHAM,CITY OF NOTTINGHAM,A,A
{34222872-9F18-4D2B-E063-4704A8C07853},145000,2024-07-02 00:00,NG7 5JJ,T,N,F,38,,GRUNDY STREET,,NOTTINGHAM,CITY OF NOTTINGHAM,CITY OF NOTTINGHAM,A,A
{1C3E72FE-625E-F410-E063-4804A8C0DFA6},117000,2024-03-27 00:00,L15 3AH,F,N,L,"LIDDERDALE COURT, 26",APARTMENT 20,LIDDERDALE ROAD,,LIVERPOOL,LIVERPOOL,MERSEYSIDE,A,A
{237B17FD-F34E-22AC-E063-4804A8C0EA3A},227755,2024-08-30 00:00,M1 7AX,F,N,L,"COTTON MILL, 7",APARTMENT 4,SAMUEL OGDEN STREET,,MANCHESTER,MANCHESTER,GREATER MANCHESTER,A,A
{237B17FD-F35B-22AC-E063-4804A8C0EA3A},235000,2024-09-04 00:00,M1 3GB,F,N,L,"STONEBRIDGE HOUSE, 5",FLAT 26,COBOURG STREET,,MANCHESTER,MANCHESTER,GREATER MANCHESTER,A,A
{1C3E72FE-629F-F410-E063-4804A8C0DFA6},252500,2024-05-24 00:00,L15 7JE,T,N,F,21,,ABBEYSTEAD ROAD,,LIVERPOOL,LIVERPOOL,MERSEYSIDE,A,A
{1C3E72FE-62BB-F410-E063-4804A8C0DFA6},110000,2024-05-02 00:00,L15 8HS,F,N,F,52C,,CHESTNUT GROVE,WAVERTREE,LIVERPOOL,LIVERPOOL,MERSEYSIDE,A,A
{1C3E72FE-6056-F410-E063-4804A8C0DFA6},102500,2024-06-14 00:00,L15 6TS,F,N,L,11,FLAT 9,LANCE LANE,,LIVERPOOL,LIVERPOOL,MERSEYSIDE,A,A
{1C3E72FE-6061-F410-E063-4804A8C0DFA6},342000,2024-02-16 00:00,L15 6XP,S,N,L,19,,EPPING GROVE,,LIVERPOOL,LIVERPOOL,MERSEYSIDE,A,A
{237B17FE-8FB6-22AC-E063-4804A8C0EA3A},110000,2024-09-02 00:00,NE6 2TA,T,N,F,25,,NORBURY GROVE,,NEWCASTLE UPON TYNE,NEWCASTLE UPON TYNE,TYNE AND WEAR,A,A
{237B17FE-8FC7-22AC-E063-4804A8C0EA3A},106000,2024-08-30 00:00,NE6 2EA,T,N,F,177,,ST PETERS ROAD,,NEWCASTLE UPON TYNE,NEWCASTLE UPON TYNE,TYNE AND WEAR,A,A
{237B17FE-957B-22AC-E063-4804A8C0EA3A},210000,2024-09-03 00:00,CF24 2LE,T,N,F,180,,HABERSHON STREET,,CARDIFF,CARDIFF,CARDIFF,A,A
{237B17FE-9583-22AC-E063-4804A8C0EA3A},266000,2024-08-23 00:00,CF24 4PH,T,N,F,1,,GWENNYTH STREET,,CARDIFF,CARDIFF,CARDIFF,A,A
{237B17FE-9591-22AC-E063-4804A8C0EA3A},249000,2024-03-28 00:00,CF24 3EZ,T,N,F,84,,COTTRELL ROAD,ROATH,CARDIFF,CARDIFF,CARDIFF,A,A
{237B17FE-959A-22AC-E063-4804A8C0EA3A},140000,2024-04-08 00:00,CF24 0JX,T,N,F,12,,ORBIT STREET,,CARDIFF,CARDIFF,CARDIFF,A,A
{34222872-9F85-4D2B-E063-4704A8C07853},470000,2024-10-04 00:00,NG7 1AL,F,N,L,CLAREMONT,FLAT 8,NORTH ROAD,,NOTTINGHAM,CITY OF NOTTINGHAM,CITY OF NOTTINGHAM,A,A
{34222872-820A-4D2B-E063-4704A8C07853},430634,2024-06-17 00:00,M1 5LQ,F,Y,L,42,FLAT 2801,GREAT BRIDGEWATER STREET,,MANCHESTER,MANCHESTER,GREATER MANCHESTER,A,A
{2ACACE8D-A0E2-295E-E063-4804A8C0B0EB},180000,2024-11-28 00:00,NE6 2UL,T,N,F,22,,LAWSON CLOSE,,NEWCASTLE UPON TYNE,NEWCASTLE UPON TYNE,TYNE AND WEAR,B,A
{2ACACE8D-A0EC-295E-E063-4804A8C0B0EB},140000,2024-12-04 00:00,NE6 2QX,O,N,F,333,,WELBECK ROAD,,NEWCASTLE UPON TYNE,NEWCASTLE UPON TYNE,TYNE AND WEAR,B,A
{237B17FE-922F-22AC-E063-4804A8C0EA3A},136000,2024-08-30 00:00,NE6 1BY,F,N,L,OUSEBURN WHARF,20,ST LAWRENCE ROAD,,NEWCASTLE UPON TYNE,NEWCASTLE UPON TYNE,TYNE AND WEAR,A,A
{237B17FE-9232-22AC-E063-4804A8C0EA3A},145000,2024-08-12 00:00,NE6 1BZ,F,N,L,OUSEBURN WHARF,76,ST LAWRENCE ROAD,,NEWCASTLE UPON TYNE,NEWCASTLE UPON TYNE,TYNE AND WEAR,A,A
{237B17FE-95AD-22AC-E063-4804A8C0EA3A},265000,2024-05-10 00:00,CF24 4HN,T,N,F,127,,MAINDY ROAD,,CARDIFF,CARDIFF,CARDIFF,A,A
{237B17FE-1720-22AC-E063-4804A8C0EA3A},350000,2024-04-29 00:00,L15 9EZ,S,N,F,34,,HEATHFIELD ROAD,WAVERTREE,LIVERPOOL,LIVERPOOL,MERSEYSIDE,A,A
{2ACACE8D-8ED9-295E-E063-4804A8C0B0EB},255000,2024-10-30 00:00,L15 3LA,T,N,F,25,,LANGDALE ROAD,,LIVERPOOL,LIVERPOOL,MERSEYSIDE,B,A
{2ACACE8D-9208-295E-E063-4804A8C0B0EB},112000,2024-11-29 00:00,M14 4LB,F,N,L,347,APARTMENT 31,MOSS LANE EAST,,MANCHESTER,MANCHESTER,GREATER MANCHESTER,B,A
{2ACACE8D-920A-295E-E063-4804A8C0B0EB},300000,2024-11-29 00:00,M14 6TE,S,N,F,18,,WALD AVENUE,,MANCHESTER,MANCHESTER,GREATER MANCHESTER,B,A
{34222872-8B99-4D2B-E063-4704A8C07853},255000,2024-05-30 00:00,L15 7JB,T,N,F,39,,NOOK RISE,,LIVERPOOL,LIVERPOOL,MERSEYSIDE,A,A
{2ACACE8D-A11A-295E-E063-4804A8C0B0EB},970000,2024-07-08 00:00,CF24 5TH,O,N,F,84,,SEAWALL ROAD,,CARDIFF,CARDIFF,CARDIFF,B,A
{2ACACE8D-A127-295E-E063-4804A8C0B0EB},240000,2024-09-27 00:00,CF24 4LF,T,N,F,79,,BRITHDIR STREET,,CARDIFF,CARDIFF,CARDIFF,B,A
{2ACACE8D-A128-295E-E063-4804A8C0B0EB},850000,2024-11-18 00:00,CF24 3LS,O,N,F,10,,LOCHABER STREET,,CARDIFF,CARDIFF,CARDIFF,B,A
{2ACACE8D-A12A-295E-E063-4804A8C0B0EB},160000,2024-10-24 00:00,CF24 2EG,T,N,F,11,,WALKER ROAD,,CARDIFF,CARDIFF,CARDIFF,B,A
{2ACACE8D-A12E-295E-E063-4804A8C0B0EB},325000,2024-07-22 00:00,CF24 4QW,T,N,F,6,,MONTHERMER ROAD,,CARDIFF,CARDIFF,CARDIFF,B,A
{237B17FE-9004-22AC-E063-4804A8C0EA3A},110000,2024-05-14 00:00,NE6 3BA,T,N,F,27,,CRAWFORD TERRACE,,NEWCASTLE UPON TYNE,NEWCASTLE UPON TYNE,TYNE AND WEAR,A,A
{237B17FE-9244-22AC-E063-4804A8C0EA3A},305000,2024-09-12 00:00,NE6 4PQ,S,N,F,30,,ROSEWOOD CRESCENT,,NEWCASTLE UPON TYNE,NEWCASTLE UPON TYNE,TYNE AND WEAR,A,A
{34222872-A0BF-4D2B-E063-4704A8C07853},122500,2024-11-14 00:00,NG7 1GF,F,N,L,34,,HERON WHARF,CASTLE MARINA,NOTTINGHAM,CITY OF NOTTINGHAM,CITY OF NOTTINGHAM,A,A
{34222872-A0DA-4D2B-E063-4704A8C07853},223500,2024-03-01 00:00,NG7 1BS,F,N,L,11,FLAT 4,PARK VALLEY,,NOTTINGHAM,CITY OF NOTTINGHAM,CITY OF NOTTINGHAM,A,A
{34222872-A121-4D2B-E063-4704A8C07853},85000,2024-11-15 00:00,NG7 1HH,F,N,L,8,,CASTLE GARDENS,,NOTTINGHAM,CITY OF NOTTINGHAM,CITY OF NOTTINGHAM,B,A
{2ACACE8D-A61E-295E-E063-4804A8C0B0EB},260000,2024-12-02 00:00,LS6 1LB,T,N,F,67,,HAROLD GROVE,,LEEDS,LEEDS,WEST YORKSHIRE,B,A
{2ACACE8D-A627-295E-E063-4804A8C0B0EB},330000,2024-10-29 00:00,LS6 2HN,T,N,F,23,,PROVIDENCE AVENUE,,LEEDS,LEEDS,WEST YORKSHIRE,B,A
{2ACACE8D-A62C-295E-E063-4804A8C0B0EB},295000,2024-11-29 00:00,LS6 1EN,T,N,F,2,,SCHOOL VIEW,,LEEDS,LEEDS,WEST YORKSHIRE,B,A
{237B17FE-9832-22AC-E063-4804A8C0EA3A},295000,2024-08-29 00:00,CF24 4QT,T,N,F,46,,TEWKESBURY STREET,,CARDIFF,CARDIFF,CARDIFF,A,A
{34222872-A12A-4D2B-E063-4704A8C07853},170000,2024-11-25 00:00,NG7 5GG,T,N,F,24,,BATEMAN GARDENS,,NOTTINGHAM,CITY OF NOTTINGHAM,CITY OF NOTTINGHAM,A,A
{237B17FE-1762-22AC-E063-4804A8C0EA3A},370000,2024-09-10 00:00,M14 6AS,S,N,F,22,,BRENTBRIDGE ROAD,,MANCHESTER,MANCHESTER,GREATER MANCHESTER,A,A
{34222872-8643-4D2B-E063-4704A8C07853},85000,2024-12-02 00:00,L15 4HX,T,N,F,41,,SOUTHDALE ROAD,,LIVERPOOL,LIVERPOOL,MERSEYSIDE,A,A
{2ACACE8D-A135-295E-E063-4804A8C0B0EB},227000,2024-09-12 00:00,CF24 3BZ,T,N,F,12,,BEDFORD STREET,,CARDIFF,CARDIFF,CARDIFF,B,A
{2ACACE8D-A13A-295E-E063-4804A8C0B0EB},260000,2024-08-06 00:00,CF24 4NQ,T,N,F,106,,CRWYS ROAD,,CARDIFF,CARDIFF,CARDIFF,B,A
{2ACACE8D-A13C-295E-E063-4804A8C0B0EB},250000,2024-11-20 00:00,CF24 0LL,T,N,F,27,,IRON STREET,,CARDIFF,CARDIFF,CARDIFF,B,A
{2ACACE8D-A14D-295E-E063-4804A8C0B0EB},280000,2024-07-08 00:00,CF24 5TH,O,N,F,83,,SEAWALL ROAD,,CARDIFF,CARDIFF,CARDIFF,B,A
{237B17FE-9266-22AC-E063-4804A8C0EA3A},35000,2024-09-20 00:00,NE6 2EF,F,N,L,36,,RABYGATE,,NEWCASTLE UPON TYNE,NEWCASTLE UPON TYNE,TYNE AND WEAR,A,A
{237B17FE-926F-22AC-E063-4804A8C0EA3A},365624,2024-09-18 00:00,NE6 5AL,T,N,F,27,,EVERSLEY PLACE,,NEWCASTLE UPON TYNE,NEWCASTLE UPON TYNE,TYNE AND WEAR,A,A
{237B17FE-9615-22AC-E063-4804A8C0EA3A},335000,2024-08-23 00:00,CF24 4RY,T,N,F,215,,INVERNESS PLACE,,CARDIFF,CARDIFF,CARDIFF,A,A
{34222872-A14D-4D2B-E063-4704A8C07853},170000,2024-07-22 00:00,NG7 1GU,F,N,L,12,,CURLEW WHARF,CASTLE MARINA,NOTTINGHAM,CITY OF NOTTINGHAM,CITY OF NOTTINGHAM,A,A
{237B17FE-1781-22AC-E063-4804A8C0EA3A},185000,2024-08-01 00:00,M14 7JW,T,N,F,9,,LAUREL AVENUE,,MANCHESTER,MANCHESTER,GREATER MANCHESTER,A,A
{2ACACE8D-92BD-295E-E063-4804A8C0B0EB},125000,2024-10-25 00:00,L15 1HL,T,N,F,3,,PICTON GROVE,,LIVERPOOL,LIVERPOOL,MERSEYSIDE,B,A
{2ACACE8D-92CF-295E-E063-4804A8C0B0EB},62500,2024-11-15 00:00,L15 1EQ,T,N,F,97,,METHUEN STREET,,LIVERPOOL,LIVERPOOL,MERSEYSIDE,B,A
{34222872-8251-4D2B-E063-4704A8C07853},349950,2024-08-30 00:00,M1 3AR,F,Y,L,"CARDING BUILDING, 42",FLAT 204,WHITWORTH STREET,,MANCHESTER,MANCHESTER,GREATER MANCHESTER,A,A
{2ACACE8D-A174-295E-E063-4804A8C0B0EB},365000,2024-11-04 00:00,CF24 4NH,T,N,F,149A,,CRWYS ROAD,,CARDIFF,CARDIFF,CARDIFF,B,A
{34222872-86AF-4D2B-E063-4704A8C07853},77000,2024-07-10 00:00,L15 4JD,F,N,L,THE PRIORY,12,SANDOWN ROAD,WAVERTREE,LIVERPOOL,LIVERPOOL,MERSEYSIDE,A,A
{237B17FE-9058-22AC-E063-4804A8C0EA3A},130000,2024-04-22 00:00,NE6 2JP,S,N,F,58,,GILLIES STREET,,NEWCASTLE UPON TYNE,NEWCASTLE UPON TYNE,TYNE AND WEAR,A,A
{237B17FE-961A-22AC-E063-4804A8C0EA3A},220000,2024-08-09 00:00,CF24 4SH,T,N,F,47,,MOY ROAD,ROATH,CARDIFF,CARDIFF,CARDIFF,A,A
{237B17FE-961C-22AC-E063-4804A8C0EA3A},270000,2024-09-12 00:00,CF24 3HU,T,N,F,122,,ARRAN STREET,ROATH,CARDIFF,CARDIFF,CARDIFF,A,A
{34222872-A1D4-4D2B-E063-4704A8C07853},131000,2024-03-21 00:00,NG7 6PZ,T,N,F,51,,HARCOURT ROAD,,NOTTINGHAM,CITY OF NOTTINGHAM,CITY OF NOTTINGHAM,A,A
{2ACACE8D-92D5-295E-E063-4804A8C0B0EB},67500,2024-11-01 00:00,L15 0HU,T,N,F,17,,WHITMAN STREET,,LIVERPOOL,LIVERPOOL,MERSEYSIDE,B,A
{2ACACE8D-92F0-295E-E063-4804A8C0B0EB},255000,2024-10-30 00:00,L15 3LA,T,N,F,13,,LANGDALE ROAD,,LIVERPOOL,LIVERPOOL,MERSEYSIDE,B,A
{34222872-8701-4D2B-E063-4704A8C07853},110000,2024-10-23 00:00,L15 1EQ,T,N,F,93,,METHUEN STREET,,LIVERPOOL,LIVERPOOL,MERSEYSIDE,A,A
{237B17FE-9075-22AC-E063-4804A8C0EA3A},160000,2024-09-02 00:00,NE6 5DD,S,N,L,144,,ROTHBURY TERRACE,,NEWCASTLE UPON TYNE,NEWCASTLE UPON TYNE,TYNE AND WEAR,A,A
{237B17FE-9076-22AC-E063-4804A8C0EA3A},160000,2024-09-02 00:00,NE6 5DD,F,N,F,146,,ROTHBURY TERRACE,,NEWCASTLE UPON TYNE,NEWCASTLE UPON TYNE,TYNE AND WEAR,A,A
{237B17FE-17CA-22AC-E063-4804A8C0EA3A},275000,2024-05-13 00:00,M14 5RW,S,N,F,12,,CRESCENT RANGE,,MANCHESTER,MANCHESTER,GREATER MANCHESTER,A,A
{2ACACE8D-9311-295E-E063-4804A8C0B0EB},97000,2024-11-12 00:00,L15 0HS,T,N,F,16,,TALTON ROAD,,LIVERPOOL,LIVERPOOL,MERSEYSIDE,B,A
{2ACACE8D-A1BC-295E-E063-4804A8C0B0EB},230000,2024-11-08 00:00,CF24 4BG,T,N,F,1,,WYEVERNE ROAD,,CARDIFF,CARDIFF,CARDIFF,B,A
{237B17FE-908B-22AC-E063-4804A8C0EA3A},288000,2024-08-12 00:00,NE6 4RY,S,N,F,20,,NORTHMOOR ROAD,,NEWCASTLE UPON TYNE,NEWCASTLE UPON TYNE,TYNE AND WEAR,A,A
{237B17FE-92F0-22AC-E063-4804A8C0EA3A},177500,2024-06-28 00:00,NE6 2US,T,N,F,73,,LAWSON CLOSE,,NEWCASTLE UPON TYNE,NEWCASTLE UPON TYNE,TYNE AND WEAR,A,A
{237B17FE-98DB-22AC-E063-4804A8C0EA3A},235000,2024-06-21 00:00,CF24 3JU,T,N,F,141,,KEPPOCH STREET,,CARDIFF,CARDIFF,CARDIFF,A,A
{2ACACE8D-932F-295E-E063-4804A8C0B0EB},100000,2024-11-13 00:00,L15 1HH,T,N,F,102,,ALDERSON ROAD,,LIVERPOOL,LIVERPOOL,MERSEYSIDE,B,A
{2ACACE8D-9343-295E-E063-4804A8C0B0EB},195000,2024-11-25 00:00,L15 3HT,T,N,F,101,,BLANTYRE ROAD,,LIVERPOOL,LIVERPOOL,MERSEYSIDE,B,A
{237B17FE-17EA-22AC-E063-4804A8C0EA3A},180000,2024-08-05 00:00,M14 6PY,T,N,F,78,,BRAILSFORD ROAD,,MANCHESTER,MANCHESTER,GREATER MANCHESTER,A,A
{237B17FE-17F4-22AC-E063-4804A8C0EA3A},213000,2024-09-06 00:00,L15 5AU,T,N,F,8,,WEARDALE ROAD,,LIVERPOOL,LIVERPOOL,MERSEYSIDE,A,A
{2ACACE8D-A4BB-295E-E063-4804A8C0B0EB},427500,2024-08-23 00:00,LS6 3ER,T,N,F,53,,HEADINGLEY AVENUE,,LEEDS,LEEDS,WEST YORKSHIRE,B,A
{237B17FE-90BB-22AC-E063-4804A8C0EA3A},85000,2024-05-07 00:00,NE6 1UG,F,N,L,29,,FOUNDRY COURT,,NEWCASTLE UPON TYNE,NEWCASTLE UPON TYNE,TYNE AND WEAR,A,A
{237B17FE-90BC-22AC-E063-4804A8C0EA3A},195000,2024-09-17 00:00,NE6 4HX,S,N,F,24,,WHINNEYFIELD ROAD,,NEWCASTLE UPON TYNE,NEWCASTLE UPON TYNE,TYNE AND WEAR,A,A
{237B17FE-90C7-22AC-E063-4804A8C0EA3A},588675,2024-09-06 00:00,NE6 5QQ,S,N,F,4,,CARTINGTON TERRACE,,NEWCASTLE UPON TYNE,NEWCASTLE UPON TYNE,TYNE AND WEAR,A,A
{237B17FE-9301-22AC-E063-4804A8C0EA3A},216500,2024-07-24 00:00,NE6 4EF,D,N,F,16,,LANGLEY PLACE,,NEWCASTLE UPON TYNE,NEWCASTLE UPON TYNE,TYNE AND WEAR,A,A
{2ACACE8D-9365-295E-E063-4804A8C0B0EB},28500,2024-09-20 00:00,L15 8JJ,F,N,L,31,FLAT 10,SOUTH DRIVE,WAVERTREE,LIVERPOOL,LIVERPOOL,MERSEYSIDE,B,A
{34222872-7F22-4D2B-E063-4704A8C07853},135000,2024-12-06 00:00,M1 2BH,F,N,L,"QUANTUM, 4",APARTMENT 44,CHAPELTOWN STREET,,MANCHESTER,MANCHESTER,GREATER MANCHESTER,A,A
{34222872-88AE-4D2B-E063-4704A8C07853},83000,2024-08-23 00:00,L15 1EE,T,N,F,21,,PLUMER STREET,,LIVERPOOL,LIVERPOOL,MERSEYSIDE,A,A
{237B17FE-90DA-22AC-E063-4804A8C0EA3A},345500,2024-09-05 00:00,NE6 5SH,T,N,F,77,,CARTINGTON TERRACE,,NEWCASTLE UPON TYNE,NEWCASTLE UPON TYNE,TYNE AND WEAR,A,A
{237B17FE-90E3-22AC-E063-4804A8C0EA3A},253000,2024-07-31 00:00,NE6 4RY,S,N,F,31,,NORTHMOOR ROAD,,NEWCASTLE UPON TYNE,NEWCASTLE UPON TYNE,TYNE AND WEAR,A,A
{237B17FE-9333-22AC-E063-4804A8C0EA3A},120000,2024-08-23 00:00,NE6 2RN,T,N,F,56,,ORPINGTON AVENUE,,NEWCASTLE UPON TYNE,NEWCASTLE UPON TYNE,TYNE AND WEAR,A,A
{237B17FE-96A8-22AC-E063-4804A8C0EA3A},230000,2024-08-20 00:00,CF24 4TJ,T,N,F,29,,DONALD STREET,,CARDIFF,CARDIFF,CARDIFF,A,A
{237B17FE-96B6-22AC-E063-4804A8C0EA3A},240000,2024-08-30 00:00,CF24 1PE,T,N,F,16,,BRADLEY STREET,,CARDIFF,CARDIFF,CARDIFF,A,A
{2ACACE8D-568C-295E-E063-4804A8C0B0EB},285000,2024-11-29 00:00,CF24 4RB,T,N,F,15,,CLUN TERRACE,,CARDIFF,CARDIFF,CARDIFF,A,A
{2ACACE8D-568D-295E-E063-4804A8C0B0EB},290000,2024-10-18 00:00,CF24 4QU,S,N,F,1,,TEWKESBURY PLACE,,CARDIFF,CARDIFF,CARDIFF,A,A
{2ACACE8D-568E-295E-E063-4804A8C0B0EB},230000,2024-05-31 00:00,CF24 4QN,T,N,F,107,,DOGFIELD STREET,,CARDIFF,CARDIFF,CARDIFF,A,A
{2ACACE8D-568F-295E-E063-4804A8C0B0EB},422250,2024-11-04 00:00,CF24 4GA,T,N,F,6,,PEN Y WAIN PLACE,,CARDIFF,CARDIFF,CARDIFF,A,A
{2ACACE8D-58AB-295E-E063-4804A8C0B0EB},190000,2024-10-01 00:00,CF24 2LW,T,N,F,33,,HORWOOD CLOSE,,CARDIFF,CARDIFF,CARDIFF,A,A
{2ACACE8D-5AF6-295E-E063-4804A8C0B0EB},180000,2024-10-25 00:00,CF24 2PL,T,N,F,21,,DE HAVILLAND ROAD,,CARDIFF,CARDIFF,CARDIFF,A,A
{237B17FE-9924-22AC-E063-4804A8C0EA3A},250000,2024-08-06 00:00,CF24 3HE,T,N,F,19,,CYFARTHFA STREET,,CARDIFF,CARDIFF,CARDIFF,A,A
{237B17FE-1830-22AC-E063-4804A8C0EA3A},145000,2024-04-08 00:00,L15 3HT,T,N,F,60,,BLANTYRE ROAD,,LIVERPOOL,LIVERPOOL,MERSEYSIDE,A,A
{237B17FE-9113-22AC-E063-4804A8C0EA3A},440000,2024-09-27 00:00,NE6 5RD,T,N,F,22,,ARMSTRONG AVENUE,,NEWCASTLE UPON TYNE,NEWCASTLE UPON TYNE,TYNE AND WEAR,A,A
{2ACACE8D-58D6-295E-E063-4804A8C0B0EB},245000,2024-11-15 00:00,CF24 2NS,T,N,F,63,,SEYMOUR STREET,,CARDIFF,CARDIFF,CARDIFF,A,A
{237B17FE-96DC-22AC-E063-4804A8C0EA3A},310000,2024-08-16 00:00,CF24 4TR,T,N,F,82,,DONALD STREET,,CARDIFF,CARDIFF,CARDIFF,A,A
{237B17FE-9B99-22AC-E063-4804A8C0EA3A},240000,2024-08-21 00:00,CF24 2BL,T,N,F,81,,ADELINE STREET,,CARDIFF,CARDIFF,CARDIFF,A,A
{237B17FE-9BA9-22AC-E063-4804A8C0EA3A},215000,2024-08-30 00:00,CF24 2BD,T,N,F,15,,JANET STREET,,CARDIFF,CARDIFF,CARDIFF,A,A
{237B17FE-9BB5-22AC-E063-4804A8C0EA3A},120000,2024-09-13 00:00,CF24 1PL,F,N,L,PEARL COURT,FLAT 7,PEARL STREET,,CARDIFF,CARDIFF,CARDIFF,A,A
{2ACACE8D-5B13-295E-E063-4804A8C0B0EB},151025,2024-09-16 00:00,CF24 4EF,F,N,L,21,,CATHERINE STREET,,CARDIFF,CARDIFF,CARDIFF,A,A
{34222872-8022-4D2B-E063-4704A8C07853},245000,2024-08-21 00:00,M1 5BY,F,N,L,"CHORLTON MILL, 3",G3,CAMBRIDGE STREET,,MANCHESTER,MANCHESTER,GREATER MANCHESTER,A,A
{237B17FE-9134-22AC-E063-4804A8C0EA3A},144000,2024-08-16 00:00,NE6 5DB,F,N,L,121,,ROTHBURY TERRACE,,NEWCASTLE UPON TYNE,NEWCASTLE UPON TYNE,TYNE AND WEAR,A,A
{237B17FE-9711-22AC-E063-4804A8C0EA3A},245000,2024-08-09 00:00,CF24 3EY,T,N,F,8,,COTTRELL ROAD,ROATH,CARDIFF,CARDIFF,CARDIFF,A,A
{237B17FE-9962-22AC-E063-4804A8C0EA3A},190000,2024-08-20 00:00,CF24 1QT,T,N,F,18,,BLANCHE STREET,,CARDIFF,CARDIFF,CARDIFF,A,A
{237B17FE-9970-22AC-E063-4804A8C0EA3A},210000,2024-08-12 00:00,CF24 1QP,T,N,F,10,,TYLER STREET,,CARDIFF,CARDIFF,CARDIFF,A,A
{237B17FE-9BC3-22AC-E063-4804A8C0EA3A},212000,2024-08-02 00:00,CF24 1LT,T,N,F,66,,CLIFTON STREET,,CARDIFF,CARDIFF,CARDIFF,A,A
{2ACACE8D-524A-295E-E063-4804A8C0B0EB},286000,2024-11-22 00:00,NE6 4ST,S,N,F,38,,BRIARWOOD CRESCENT,,NEWCASTLE UPON TYNE,NEWCASTLE UPON TYNE,TYNE AND WEAR,A,A
{2ACACE8D-5459-295E-E063-4804A8C0B0EB},59000,2024-08-02 00:00,NE6 4DB,T,N,L,76,,MIDDLE STREET,,NEWCASTLE UPON TYNE,NEWCASTLE UPON TYNE,TYNE AND WEAR,A,A
{2ACACE8D-56E8-295E-E063-4804A8C0B0EB},318000,2024-09-18 00:00,CF24 4TY,T,N,F,34,,ALFRED STREET,,CARDIFF,CARDIFF,CARDIFF,A,A
{237B17FE-94CA-22AC-E063-4804A8C0EA3A},185000,2024-08-30 00:00,NE6 4UH,S,N,F,8,,STOTTS ROAD,,NEWCASTLE UPON TYNE,NEWCASTLE UPON TYNE,TYNE AND WEAR,A,A
{237B17FE-9728-22AC-E063-4804A8C0EA3A},155000,2024-07-26 00:00,CF24 2AL,T,N,F,3,,INCHMARNOCK STREET,,CARDIFF,CARDIFF,CARDIFF,A,A
{2ACACE8D-591A-295E-E063-4804A8C0B0EB},495000,2024-11-25 00:00,CF24 3LS,T,N,F,28,,LOCHABER STREET,,CARDIFF,CARDIFF,CARDIFF,A,A
{237B17FE-9998-22AC-E063-4804A8C0EA3A},224000,2024-09-03 00:00,CF24 3HG,T,N,F,106,,CYFARTHFA STREET,,CARDIFF,CARDIFF,CARDIFF,A,A
{34222873-40BD-4D2B-E063-4704A8C07853},350000,2024-12-12 00:00,LS6 3ER,T,N,F,61,,HEADINGLEY AVENUE,,LEEDS,LEEDS,WEST YORKSHIRE,B,A
{237B17FE-9164-22AC-E063-4804A8C0EA3A},352500,2024-09-11 00:00,NE6 5SE,T,N,F,46,,CARTINGTON TERRACE,,NEWCASTLE UPON TYNE,NEWCASTLE UPON TYNE,TYNE AND WEAR,A,A
{237B17FE-9165-22AC-E063-4804A8C0EA3A},145000,2024-08-23 00:00,NE6 3ED,S,N,F,11,,EXETER STREET,,NEWCASTLE UPON TYNE,NEWCASTLE UPON TYNE,TYNE AND WEAR,A,A
{237B17FE-9172-22AC-E063-4804A8C0EA3A},132500,2024-04-24 00:00,NE6 5XY,F,N,L,6,,KING JOHN TERRACE,,NEWCASTLE UPON TYNE,NEWCASTLE UPON TYNE,TYNE AND WEAR,A,A
{237B17FE-9756-22AC-E063-4804A8C0EA3A},250000,2024-09-02 00:00,CF24 1PD,T,N,F,18,,THEODORA STREET,,CARDIFF,CARDIFF,CARDIFF,A,A
{2ACACE8D-5700-295E-E063-4804A8C0B0EB},340000,2024-11-29 00:00,CF24 4SY,T,N,F,167,,ARABELLA STREET,,CARDIFF,CARDIFF,CARDIFF,A,A
{2ACACE8D-5714-295E-E063-4804A8C0B0EB},229500,2024-11-22 00:00,CF24 3HF,T,N,F,49,,CYFARTHFA STREET,,CARDIFF,CARDIFF,CARDIFF,A,A
{2ACACE8D-5720-295E-E063-4804A8C0B0EB},201000,2024-11-29 00:00,CF24 4PE,T,N,F,30,,FLORENTIA STREET,,CARDIFF,CARDIFF,CARDIFF,A,A
{237B17FE-99A5-22AC-E063-4804A8C0EA3A},195000,2024-08-23 00:00,CF24 1PY,T,N,F,15,,SAPPHIRE STREET,,CARDIFF,CARDIFF,CARDIFF,A,A
{2ACACE8D-573A-295E-E063-4804A8C0B0EB},250000,2024-11-29 00:00,CF24 2NS,T,N,F,56,,SEYMOUR STREET,,CARDIFF,CARDIFF,CARDIFF,A,A
{2ACACE8D-5957-295E-E063-4804A8C0B0EB},245000,2024-12-12 00:00,CF24 3LA,T,N,F,140,,GLENROY STREET,,CARDIFF,CARDIFF,CARDIFF,A,A
{34222873-2F82-4D2B-E063-4704A8C07853},325000,2024-07-19 00:00,NG7 1LA,S,N,F,154,,ROLLESTON DRIVE,,NOTTINGHAM,CITY OF NOTTINGHAM,CITY OF NOTTINGHAM,B,A
{2ACACE8D-5B9F-295E-E063-4804A8C0B0EB},205000,2024-10-31 00:00,CF24 2HF,T,N,F,30,,HANDLEY ROAD,,CARDIFF,CARDIFF,CARDIFF,A,A
{237B17FE-CB27-22AC-E063-4804A8C0EA3A},165000,2024-06-03 00:00,CF24 4EH,T,N,F,6,,FANNY STREET,,CARDIFF,CARDIFF,CARDIFF,B,A
{34222873-3BBE-4D2B-E063-4704A8C07853},350000,2024-10-22 00:00,CF24 4QZ,T,N,F,54,,DOGFIELD STREET,,CARDIFF,CARDIFF,CARDIFF,B,A
{34222873-3BBF-4D2B-E063-4704A8C07853},182500,2024-07-29 00:00,CF24 4JY,T,N,F,21,,CWMDARE STREET,,CARDIFF,CARDIFF,CARDIFF,B,A
{34222873-3BCB-4D2B-E063-4704A8C07853},157000,2024-12-17 00:00,CF24 2SY,T,N,F,13,,MADOC ROAD,,CARDIFF,CARDIFF,CARDIFF,B,A
{34222873-3BD2-4D2B-E063-4704A8C07853},310000,2024-11-29 00:00,CF24 1HD,T,N,F,16,,PEARL STREET,,CARDIFF,CARDIFF,CARDIFF,B,A
{34222873-3BD7-4D2B-E063-4704A8C07853},230000,2024-07-19 00:00,CF24 1NL,T,N,F,138,,BROADWAY,,CARDIFF,CARDIFF,CARDIFF,B,A
{2ACACE8D-52B6-295E-E063-4804A8C0B0EB},75500,2024-11-22 00:00,NE6 3NU,F,N,L,89,,KINGSMERE GARDENS,,NEWCASTLE UPON TYNE,NEWCASTLE UPON TYNE,TYNE AND WEAR,A,A
{2ACACE8D-54BC-295E-E063-4804A8C0B0EB},124100,2024-12-11 00:00,NE6 4UJ,T,N,F,382,,FOSSWAY,,NEWCASTLE UPON TYNE,NEWCASTLE UPON TYNE,TYNE AND WEAR,A,A
{2ACACE8D-5760-295E-E063-4804A8C0B0EB},275000,2024-12-09 00:00,CF24 4TZ,T,N,F,60,,ALFRED STREET,,CARDIFF,CARDIFF,CARDIFF,A,A
{2ACACE8D-576A-295E-E063-4804A8C0B0EB},245000,2024-12-06 00:00,CF24 3JP,T,N,F,65,,STRATHNAIRN STREET,,CARDIFF,CARDIFF,CARDIFF,A,A
{2ACACE8D-597E-295E-E063-4804A8C0B0EB},233750,2024-12-17 00:00,CF24 2NE,T,N,F,307,,RAILWAY STREET,,CARDIFF,CARDIFF,CARDIFF,A,A
{237B17FE-BFCF-22AC-E063-4804A8C0EA3A},72000,2024-08-23 00:00,LS6 3FA,F,N,L,45,FLAT 26,ST MICHAELS LANE,,LEEDS,LEEDS,WEST YORKSHIRE,A,A
{34222873-2FB6-4D2B-E063-4704A8C07853},59300000,2024-05-10 00:00,NG7 3EL,O,N,F,1,,ST PETERS STREET,,NOTTINGHAM,CITY OF NOTTINGHAM,CITY OF NOTTINGHAM,B,A
{34222873-2FC6-4D2B-E063-4704A8C07853},400000,2024-07-10 00:00,NG7 7EA,O,N,F,"LEAH COURT, 536",,RADFORD ROAD,,NOTTINGHAM,CITY OF NOTTINGHAM,CITY OF NOTTINGHAM,B,A
{2ACACE8D-5993-295E-E063-4804A8C0B0EB},290000,2024-11-26 00:00,CF24 0LD,S,N,F,30,,PIERCEFIELD PLACE,,CARDIFF,CARDIFF,CARDIFF,A,A
{34222873-2FFA-4D2B-E063-4704A8C07853},322500,2024-02-14 00:00,NG7 6AT,O,N,F,NOEL STREET BATHS,,NOEL STREET,,NOTTINGHAM,CITY OF NOTTINGHAM,CITY OF NOTTINGHAM,B,A
{34222873-41AA-4D2B-E063-4704A8C07853},700000,2024-07-30 00:00,LS6 1BN,O,N,F,1,,BUCKINGHAM PLACE,HEADINGLEY,LEEDS,LEEDS,WEST YORKSHIRE,B,A
{36A61A94-63D0-DEF2-E063-4704A8C046AE},205000,2024-07-04 00:00,CF24 3HA,T,N,F,17,,UPPER KINCRAIG STREET,ROATH,CARDIFF,CARDIFF,CARDIFF,A,A
{36A61A94-696C-DEF2-E063-4704A8C046AE},137000,2024-11-15 00:00,CF24 1NW,F,N,L,72,,CECIL STREET,ROATH,CARDIFF,CARDIFF,CARDIFF,A,A
{237B17FE-BFEF-22AC-E063-4804A8C0EA3A},462500,2024-05-03 00:00,LS6 4DU,D,N,F,8,,SHAW LANE,,LEEDS,LEEDS,WEST YORKSHIRE,A,A
{2ACACE8D-54DB-295E-E063-4804A8C0B0EB},111000,2024-08-29 00:00,NE6 5NL,F,N,L,52,,MOWBRAY STREET,,NEWCASTLE UPON TYNE,NEWCASTLE UPON TYNE,TYNE AND WEAR,A,A
{2ACACE8D-54DE-295E-E063-4804A8C0B0EB},145500,2024-12-05 00:00,NE6 3TS,S,N,F,5,,POTTERY PARK,,NEWCASTLE UPON TYNE,NEWCASTLE UPON TYNE,TYNE AND WEAR,A,A
{2ACACE8D-576F-295E-E063-4804A8C0B0EB},430000,2024-11-29 00:00,CF24 3SN,T,N,F,8,,PRINCES AVENUE,,CARDIFF,CARDIFF,CARDIFF,A,A
{2ACACE8D-5787-295E-E063-4804A8C0B0EB},235000,2024-11-26 00:00,CF24 2NU,T,N,F,1,,SWINTON STREET,,CARDIFF,CARDIFF,CARDIFF,A,A
{34222873-302A-4D2B-E063-4704A8C07853},310000,2024-07-16 00:00,NG7 4EQ,O,N,L,36,,FOREST ROAD WEST,,NOTTINGHAM,CITY OF NOTTINGHAM,CITY OF NOTTINGHAM,B,A
{34222873-302B-4D2B-E063-4704A8C07853},220000,2024-07-16 00:00,NG7 4DS,T,N,L,41,,BURNS STREET,,NOTTINGHAM,CITY OF NOTTINGHAM,CITY OF NOTTINGHAM,B,A
{34222873-3C69-4D2B-E063-4704A8C07853},175000,2024-11-15 00:00,CF24 3JP,T,N,F,80,,STRATHNAIRN STREET,,CARDIFF,CARDIFF,CARDIFF,B,A
{34222873-3C91-4D2B-E063-4704A8C07853},38690227,2024-04-02 00:00,CF24 5PB,O,N,L,MAGELLAN COURT,UNIT B,BEIGNON CLOSE,,CARDIFF,CARDIFF,CARDIFF,B,A
{237B17FE-16E9-22AC-E063-4804A8C0EA3A},295000,2024-09-13 00:00,M14 6BX,S,N,F,46,,DELACOURT ROAD,,MANCHESTER,MANCHESTER,GREATER MANCHESTER,A,A
{237B17FE-D840-22AC-E063-4804A8C0EA3A},285000,2024-03-13 00:00,M14 6UU,T,N,F,44,,LADYBARN CRESCENT,,MANCHESTER,MANCHESTER,GREATER MANCHESTER,B,A
{237B17FE-D84D-22AC-E063-4804A8C0EA3A},69000,2024-09-04 00:00,L15 0HB,T,N,L,110,,GROSVENOR ROAD,WAVERTREE,LIVERPOOL,LIVERPOOL,MERSEYSIDE,B,A
{237B17FE-D84E-22AC-E063-4804A8C0EA3A},1791299,2024-05-01 00:00,L15 8JE,O,N,F,21A,,NORTH DRIVE,WAVERTREE,LIVERPOOL,LIVERPOOL,MERSEYSIDE,B,A
{237B17FE-2C9F-22AC-E063-4804A8C0EA3A},195000,2024-03-28 00:00,M14 7PE,T,N,F,48,,LETCHWORTH STREET,,MANCHESTER,MANCHESTER,GREATER MANCHESTER,A,A
{237B17FE-4E97-22AC-E063-4804A8C0EA3A},141000,2024-09-13 00:00,NG7 4DG,F,N,L,CLEEVES COURT,FLAT 1,RALEIGH STREET,,NOTTINGHAM,CITY OF NOTTINGHAM,CITY OF NOTTINGHAM,A,A
{237B17FE-4EAF-22AC-E063-4804A8C0EA3A},302000,2024-09-13 00:00,NG7 1FA,T,N,L,9,,PARK WHARF,,NOTTINGHAM,CITY OF NOTTINGHAM,CITY OF NOTTINGHAM,A,A
{2ACACE8D-52FB-295E-E063-4804A8C0B0EB},330000,2024-11-26 00:00,NE6 1TR,T,N,F,9,,MERCHANTS WHARF,,NEWCASTLE UPON TYNE,NEWCASTLE UPON TYNE,TYNE AND WEAR,A,A
{2ACACE8D-52FC-295E-E063-4804A8C0B0EB},120000,2024-10-25 00:00,NE6 4LN,T,N,F,10,,NIDSDALE AVENUE,,NEWCASTLE UPON TYNE,NEWCASTLE UPON TYNE,TYNE AND WEAR,A,A
{237B17FE-D1B8-22AC-E063-4804A8C0EA3A},250000,2024-05-03 00:00,M14 6PR,T,N,L,21,,BRAEMAR ROAD,,MANCHESTER,MANCHESTER,GREATER MANCHESTER,B,A
{237B17FE-D1C9-22AC-E063-4804A8C0EA3A},265000,2024-09-06 00:00,M14 4DJ,T,N,F,27,,HAYDN AVENUE,,MANCHESTER,MANCHESTER,GREATER MANCHESTER,B,A
{34222873-303F-4D2B-E063-4704A8C07853},335000,2024-12-20 00:00,NG7 1NF,F,N,L,"WELLINGTON HOUSE, 190",APARTMENT 1,DERBY ROAD,,NOTTINGHAM,CITY OF NOTTINGHAM,CITY OF NOTTINGHAM,B,A
{34222873-3040-4D2B-E063-4704A8C07853},250000,2024-12-20 00:00,NG7 1NF,F,N,L,"WELLINGTON HOUSE, 190",APARTMENT 2,DERBY ROAD,,NOTTINGHAM,CITY OF NOTTINGHAM,CITY OF NOTTINGHAM,B,A
{34222873-3041-4D2B-E063-4704A8C07853},250000,2024-12-20 00:00,NG7 1NF,F,N,L,"WELLINGTON HOUSE, 190",APARTMENT 3,DERBY ROAD,,NOTTINGHAM,CITY OF NOTTINGHAM,CITY OF NOTTINGHAM,B,A
{34222873-3042-4D2B-E063-4704A8C07853},250000,2024-12-20 00:00,NG7 1NF,F,N,L,"WELLINGTON HOUSE, 190",APARTMENT 4,DERBY ROAD,,NOTTINGHAM,CITY OF NOTTINGHAM,CITY OF NOTTINGHAM,B,A
{34222873-3043-4D2B-E063-4704A8C07853},265000,2024-12-20 00:00,NG7 1NF,F,N,L,"WELLINGTON HOUSE, 190",APARTMENT 5,DERBY ROAD,,NOTTINGHAM,CITY OF NOTTINGHAM,CITY OF NOTTINGHAM,B,A
{34222873-3044-4D2B-E063-4704A8C07853},250000,2024-12-20 00:00,NG7 1NF,F,N,L,194,,DERBY ROAD,,NOTTINGHAM,CITY OF NOTTINGHAM,CITY OF NOTTINGHAM,B,A
{34222873-3045-4D2B-E063-4704A8C07853},235000,2024-12-20 00:00,NG7 1NG,F,N,L,15A,,WELLINGTON SQUARE,,NOTTINGHAM,CITY OF NOTTINGHAM,CITY OF NOTTINGHAM,B,A
{34222873-3046-4D2B-E063-4704A8C07853},250000,2024-12-20 00:00,NG7 1NG,F,N,L,15B,APARTMENT 1,WELLINGTON SQUARE,,NOTTINGHAM,CITY OF NOTTINGHAM,CITY OF NOTTINGHAM,B,A
{34222873-3047-4D2B-E063-4704A8C07853},265000,2024-12-20 00:00,NG7 1NG,F,N,L,15B,APARTMENT 2,WELLINGTON SQUARE,,NOTTINGHAM,CITY OF NOTTINGHAM,CITY OF NOTTINGHAM,B,A
{34222873-3048-4D2B-E063-4704A8C07853},265000,2024-12-20 00:00,NG7 1NG,F,N,L,15B,APARTMENT 3,WELLINGTON SQUARE,,NOTTINGHAM,CITY OF NOTTINGHAM,CITY OF NOTTINGHAM,B,A
{34222873-3049-4D2B-E063-4704A8C07853},265000,2024-12-20 00:00,NG7 1NG,F,N,L,15B,APARTMENT 4,WELLINGTON SQUARE,,NOTTINGHAM,CITY OF NOTTINGHAM,CITY OF NOTTINGHAM,B,A
{34222873-304A-4D2B-E063-4704A8C07853},265000,2024-12-20 00:00,NG7 1NG,F,N,L,15B,APARTMENT 5,WELLINGTON SQUARE,,NOTTINGHAM,CITY OF NOTTINGHAM,CITY OF NOTTINGHAM,B,A
{34222873-304B-4D2B-E063-4704A8C07853},325000,2024-12-20 00:00,NG7 1NG,F,N,L,15C,,WELLINGTON SQUARE,,NOTTINGHAM,CITY OF NOTTINGHAM,CITY OF NOTTINGHAM,B,A
{237B17FE-33F0-22AC-E063-4804A8C0EA3A},225000,2024-04-15 00:00,L15 3HF,T,N,F,71,,AVONDALE ROAD,,LIVERPOOL,LIVERPOOL,MERSEYSIDE,A,A
{237B17FE-D860-22AC-E063-4804A8C0EA3A},88000,2024-08-28 00:00,L15 4HA,T,N,F,61,,STEVENSON STREET,,LIVERPOOL,LIVERPOOL,MERSEYSIDE,B,A
{237B17FE-D866-22AC-E063-4804A8C0EA3A},500000,2024-05-22 00:00,M1 3NJ,O,N,L,78,,SACKVILLE STREET,,MANCHESTER,MANCHESTER,GREATER MANCHESTER,B,A
{36A61A94-6508-DEF2-E063-4704A8C046AE},146250,2024-11-28 00:00,CF24 1AD,F,N,L,RICHARDS COURT,12,RICHARDS TERRACE,,CARDIFF,CARDIFF,CARDIFF,A,A
{237B17FE-3BFE-22AC-E063-4804A8C0EA3A},325000,2024-09-09 00:00,NE6 5SH,D,N,F,96,,CARTINGTON TERRACE,,NEWCASTLE UPON TYNE,NEWCASTLE UPON TYNE,TYNE AND WEAR,A,A
{237B17FE-B751-22AC-E063-4804A8C0EA3A},240000,2024-04-19 00:00,LS6 3DD,T,N,F,33,,BROOMFIELD CRESCENT,,LEEDS,LEEDS,WEST YORKSHIRE,A,A
{2ACACE8D-5305-295E-E063-4804A8C0B0EB},125000,2024-11-29 00:00,NE6 1LR,F,N,L,101,,ALBION ROW,,NEWCASTLE UPON TYNE,NEWCASTLE UPON TYNE,TYNE AND WEAR,A,A
{34222873-3067-4D2B-E063-4704A8C07853},200000,2024-12-17 00:00,NG7 1SF,T,N,F,15,,HART STREET,LENTON,NOTTINGHAM,CITY OF NOTTINGHAM,CITY OF NOTTINGHAM,B,A
{237B17FE-4C94-22AC-E063-4804A8C0EA3A},159000,2024-04-24 00:00,NG7 5QU,T,N,F,19,,WORDSWORTH ROAD,,NOTTINGHAM,CITY OF NOTTINGHAM,CITY OF NOTTINGHAM,A,A
{2ACACE8D-57C8-295E-E063-4804A8C0B0EB},258500,2024-11-29 00:00,CF24 4QF,T,N,F,117,,MALEFANT STREET,,CARDIFF,CARDIFF,CARDIFF,A,A
{2ACACE8D-59E8-295E-E063-4804A8C0B0EB},255000,2024-12-12 00:00,CF24 0EU,T,N,F,8,,NORTH LUTON PLACE,,CARDIFF,CARDIFF,CARDIFF,A,A
{2ACACE8D-5A01-295E-E063-4804A8C0B0EB},215000,2024-09-13 00:00,CF24 3HG,T,N,F,127,,CYFARTHFA STREET,,CARDIFF,CARDIFF,CARDIFF,A,A
{237B17FE-D87D-22AC-E063-4804A8C0EA3A},266666,2024-04-19 00:00,M14 4DE,T,N,F,59,,HAYDN AVENUE,,MANCHESTER,MANCHESTER,GREATER MANCHESTER,B,A
{237B17FE-D887-22AC-E063-4804A8C0EA3A},250000,2024-08-30 00:00,M14 4SN,T,N,F,146,,GREAT WESTERN STREET,,MANCHESTER,MANCHESTER,GREATER MANCHESTER,B,A
{237B17FE-4C26-22AC-E063-4804A8C0EA3A},375000,2024-08-30 00:00,NG7 1EY,T,N,F,20,,CLUMBER CRESCENT NORTH,,NOTTINGHAM,CITY OF NOTTINGHAM,CITY OF NOTTINGHAM,A,A
{237B17FE-D21B-22AC-E063-4804A8C0EA3A},250000,2024-05-03 00:00,M14 6YF,T,N,F,19,,CEDAR GROVE,,MANCHESTER,MANCHESTER,GREATER MANCHESTER,B,A
{2ACACE8D-55AE-295E-E063-4804A8C0B0EB},408496,2024-04-19 00:00,NE6 5BP,D,Y,F,120,,GREENHEAD DRIVE,,NEWCASTLE UPON TYNE,NEWCASTLE UPON TYNE,TYNE AND WEAR,A,A
{237B17FE-4CC2-22AC-E063-4804A8C0EA3A},268000,2024-08-07 00:00,NG7 1JY,S,N,F,135,,ALLINGTON AVENUE,,NOTTINGHAM,CITY OF NOTTINGHAM,CITY OF NOTTINGHAM,A,A
{237B17FE-3442-22AC-E063-4804A8C0EA3A},227000,2024-09-13 00:00,L15 3JF,T,N,F,77,,BROOKDALE ROAD,,LIVERPOOL,LIVERPOOL,MERSEYSIDE,A,A
{237B17FE-B5B8-22AC-E063-4804A8C0EA3A},152000,2024-09-10 00:00,LS6 1PW,T,N,F,34,,HAROLD MOUNT,,LEEDS,LEEDS,WEST YORKSHIRE,A,A
{237B17FE-3699-22AC-E063-4804A8C0EA3A},107000,2024-05-17 00:00,L15 0HS,T,N,F,45,,TALTON ROAD,,LIVERPOOL,LIVERPOOL,MERSEYSIDE,A,A
{237B17FE-369D-22AC-E063-4804A8C0EA3A},125000,2024-08-09 00:00,L15 4HE,T,N,F,47,,LONG LANE,WAVERTREE,LIVERPOOL,LIVERPOOL,MERSEYSIDE,A,A
{237B17FE-B9FD-22AC-E063-4804A8C0EA3A},172500,2024-05-23 00:00,LS6 4EZ,T,N,F,12,,HIGHBURY STREET,,LEEDS,LEEDS,WEST YORKSHIRE,A,A
{2ACACE8D-534F-295E-E063-4804A8C0B0EB},87125,2024-12-09 00:00,NE6 2FT,T,N,F,46,,ST MICHAELS MOUNT,,NEWCASTLE UPON TYNE,NEWCASTLE UPON TYNE,TYNE AND WEAR,A,A
{2ACACE8D-535F-295E-E063-4804A8C0B0EB},339460,2024-11-01 00:00,NE6 5LT,T,N,F,19,,TREWHITT ROAD,,NEWCASTLE UPON TYNE,NEWCASTLE UPON TYNE,TYNE AND WEAR,A,A
{2ACACE8D-55C6-295E-E063-4804A8C0B0EB},297346,2024-05-30 00:00,NE6 5BP,D,Y,F,80,,GREENHEAD DRIVE,,NEWCASTLE UPON TYNE,NEWCASTLE UPON TYNE,TYNE AND WEAR,A,A
{2ACACE8D-55C8-295E-E063-4804A8C0B0EB},294596,2024-05-31 00:00,NE6 5BP,D,Y,F,82,,GREENHEAD DRIVE,,NEWCASTLE UPON TYNE,NEWCASTLE UPON TYNE,TYNE AND WEAR,A,A
{2ACACE8D-55C9-295E-E063-4804A8C0B0EB},294495,2024-05-31 00:00,NE6 5BP,D,Y,F,78,,GREENHEAD DRIVE,,NEWCASTLE UPON TYNE,NEWCASTLE UPON TYNE,TYNE AND WEAR,A,A
{2ACACE8D-55CB-295E-E063-4804A8C0B0EB},409995,2024-05-24 00:00,NE6 5BP,D,Y,F,86,,GREENHEAD DRIVE,,NEWCASTLE UPON TYNE,NEWCASTLE UPON TYNE,TYNE AND WEAR,A,A
{237B17FE-4CCF-22AC-E063-4804A8C0EA3A},305000,2024-08-19 00:00,NG7 7AF,S,N,F,34,,CENTRAL AVENUE,NEW BASFORD,NOTTINGHAM,CITY OF NOTTINGHAM,CITY OF NOTTINGHAM,A,A
{237B17FE-4CD6-22AC-E063-4804A8C0EA3A},165000,2024-06-28 00:00,NG7 4GL,T,N,F,14,,CROMWELL STREET,,NOTTINGHAM,CITY OF NOTTINGHAM,CITY OF NOTTINGHAM,B,A
{237B17FE-30EA-22AC-E063-4804A8C0EA3A},180000,2024-09-05 00:00,M1 1EW,F,N,L,72 - 76,APARTMENT 94,NEWTON STREET,,MANCHESTER,MANCHESTER,GREATER MANCHESTER,A,A
{2ACACE8D-5A41-295E-E063-4804A8C0B0EB},325000,2024-11-25 00:00,CF24 4LE,T,N,F,35,,BRITHDIR STREET,,CARDIFF,CARDIFF,CARDIFF,A,A
{237B17FE-D8D2-22AC-E063-4804A8C0EA3A},170000,2024-09-13 00:00,L15 3HU,T,N,F,14,,GAINSBOROUGH ROAD,,LIVERPOOL,LIVERPOOL,MERSEYSIDE,B,A
{237B17FE-BCD6-22AC-E063-4804A8C0EA3A},525000,2024-08-15 00:00,LS6 4BY,S,N,F,21,,MOOR DRIVE,,LEEDS,LEEDS,WEST YORKSHIRE,A,A
{237B17FE-BCDF-22AC-E063-4804A8C0EA3A},281820,2024-08-15 00:00,LS6 4LN,S,N,F,3,,SUNSET RISE,,LEEDS,LEEDS,WEST YORKSHIRE,A,A
{237B17FE-BCE0-22AC-E063-4804A8C0EA3A},535000,2024-08-12 00:00,LS6 4DU,D,N,F,4A,,SHAW LANE,,LEEDS,LEEDS,WEST YORKSHIRE,A,A
{237B17FE-D259-22AC-E063-4804A8C0EA3A},175000,2024-04-26 00:00,M14 7GD,T,N,F,92,,HORTON ROAD,,MANCHESTER,MANCHESTER,GREATER MANCHESTER,B,A
{2ACACE8D-5376-295E-E063-4804A8C0B0EB},190000,2024-11-08 00:00,NE6 5HY,F,N,L,1,,HEATON PARK VIEW,,NEWCASTLE UPON TYNE,NEWCASTLE UPON TYNE,TYNE AND WEAR,A,A
{237B17FE-2CD9-22AC-E063-4804A8C0EA3A},280000,2024-09-16 00:00,M1 3BP,F,N,L,5,APARTMENT 914,PICCADILLY PLACE,,MANCHESTER,MANCHESTER,GREATER MANCHESTER,A,A
{237B17FE-4CF0-22AC-E063-4804A8C0EA3A},85000,2024-04-19 00:00,NG7 1HD,F,N,L,45,,ALDERNEY STREET,,NOTTINGHAM,CITY OF NOTTINGHAM,CITY OF NOTTINGHAM,A,A
{237B17FE-4CFF-22AC-E063-4804A8C0EA3A},135000,2024-04-26 00:00,NG7 7DU,S,N,F,53,,SPRINGFIELD STREET,,NOTTINGHAM,CITY OF NOTTINGHAM,CITY OF NOTTINGHAM,A,A
{2ACACE8D-582A-295E-E063-4804A8C0B0EB},248000,2024-08-30 00:00,CF24 3HF,T,N,F,57,,CYFARTHFA STREET,,CARDIFF,CARDIFF,CARDIFF,A,A
{237B17FE-B411-22AC-E063-4804A8C0EA3A},492500,2024-09-13 00:00,LS6 3PF,D,N,F,56,,BECKETTS PARK CRESCENT,,LEEDS,LEEDS,WEST YORKSHIRE,A,A
{237B17FE-36E6-22AC-E063-4804A8C0EA3A},131000,2024-08-29 00:00,L15 8GD,F,N,L,45,,DAVENHAM COURT,,LIVERPOOL,LIVERPOOL,MERSEYSIDE,A,A
{237B17FE-BA35-22AC-E063-4804A8C0EA3A},406000,2024-04-26 00:00,LS6 4PP,S,N,F,93,,PARKLAND DRIVE,MEANWOOD,LEEDS,LEEDS,WEST YORKSHIRE,A,A
{237B17FE-D284-22AC-E063-4804A8C0EA3A},250000,2024-05-03 00:00,M14 6YF,O,N,F,15,,CEDAR GROVE,,MANCHESTER,MANCHESTER,GREATER MANCHESTER,B,A
{237B17FE-4D1A-22AC-E063-4804A8C0EA3A},220000,2024-09-10 00:00,NG7 2NB,T,N,F,6,,ST ANTHONY COURT,,NOTTINGHAM,CITY OF NOTTINGHAM,CITY OF NOTTINGHAM,A,A
{2ACACE8D-5603-295E-E063-4804A8C0B0EB},262000,2024-12-06 00:00,NE6 4RY,S,N,F,19,,NORTHMOOR ROAD,,NEWCASTLE UPON TYNE,NEWCASTLE UPON TYNE,TYNE AND WEAR,A,A
{237B17FE-3125-22AC-E063-4804A8C0EA3A},162500,2024-08-14 00:00,M14 6WP,F,N,L,"LADYBARN COURT, 28",APARTMENT 22,LADYBARN LANE,,MANCHESTER,MANCHESTER,GREATER MANCHESTER,A,A
{237B17FE-312A-22AC-E063-4804A8C0EA3A},115000,2024-09-12 00:00,M14 4LB,F,N,L,347,APARTMENT 39,MOSS LANE EAST,,MANCHESTER,MANCHESTER,GREATER MANCHESTER,A,A
{237B17FE-3140-22AC-E063-4804A8C0EA3A},215000,2024-08-30 00:00,M1 4AB,F,N,L,"THE ARTHOUSE, 43",APARTMENT 405,GEORGE STREET,,MANCHESTER,MANCHESTER,GREATER MANCHESTER,A,A
{237B17FE-34B7-22AC-E063-4804A8C0EA3A},370000,2024-08-23 00:00,L15 5BG,T,N,F,8,,PRINCE ALFRED ROAD,,LIVERPOOL,LIVERPOOL,MERSEYSIDE,A,A
{237B17FE-BD35-22AC-E063-4804A8C0EA3A},364000,2024-08-30 00:00,LS6 1FH,T,N,F,20,,VICTORIA GARDENS,HYDE PARK,LEEDS,LEEDS,WEST YORKSHIRE,A,A
{2ACACE8D-53B5-295E-E063-4804A8C0B0EB},285000,2024-12-09 00:00,NE6 4SU,S,N,F,87,,APPLETREE GARDENS,,NEWCASTLE UPON TYNE,NEWCASTLE UPON TYNE,TYNE AND WEAR,A,A
{2ACACE8D-5627-295E-E063-4804A8C0B0EB},510000,2024-04-03 00:00,CF24 3NX,T,N,F,265,,ALBANY ROAD,,CARDIFF,CARDIFF,CARDIFF,A,A
{2ACACE8D-5644-295E-E063-4804A8C0B0EB},235000,2024-07-22 00:00,CF24 4AL,T,N,F,29,,CRANBROOK STREET,,CARDIFF,CARDIFF,CARDIFF,A,A
{237B17FE-34BE-22AC-E063-4804A8C0EA3A},240000,2024-08-30 00:00,L15 9HW,T,N,F,12,,TRURO ROAD,,LIVERPOOL,LIVERPOOL,MERSEYSIDE,A,A
{237B17FE-34C6-22AC-E063-4804A8C0EA3A},255000,2024-09-05 00:00,L15 5BZ,T,N,F,66,,EARLSFIELD ROAD,,LIVERPOOL,LIVERPOOL,MERSEYSIDE,A,A
{237B17FE-34CA-22AC-E063-4804A8C0EA3A},215000,2024-09-16 00:00,L15 8JB,T,N,F,1,,WESLEY PLACE,,LIVERPOOL,LIVERPOOL,MERSEYSIDE,A,A
{36A61A94-6818-DEF2-E063-4704A8C046AE},135000,2024-05-24 00:00,CF24 3QG,F,N,L,16,FLAT 1,CONNAUGHT ROAD,,CARDIFF,CARDIFF,CARDIFF,A,A
{237B17FE-D2D8-22AC-E063-4804A8C0EA3A},178500,2024-05-03 00:00,M1 1BA,F,N,L,3,FLAT 11,DALE STREET,,MANCHESTER,MANCHESTER,GREATER MANCHESTER,B,A
{2ACACE8D-5660-295E-E063-4804A8C0B0EB},235000,2024-12-02 00:00,CF24 2PS,T,N,F,26,,SKELMUIR ROAD,,CARDIFF,CARDIFF,CARDIFF,A,A
{2ACACE8D-5AC8-295E-E063-4804A8C0B0EB},286000,2024-11-29 00:00,CF24 3JW,T,N,F,22,,KEPPOCH STREET,,CARDIFF,CARDIFF,CARDIFF,A,A
{2ACACE8D-5AE2-295E-E063-4804A8C0B0EB},270000,2024-11-20 00:00,CF24 1PE,T,N,F,31,,BRADLEY STREET,,CARDIFF,CARDIFF,CARDIFF,A,A
{237B17FE-3750-22AC-E063-4804A8C0EA3A},300000,2024-08-30 00:00,L15 7LU,T,N,L,55,,FIELDWAY,WAVERTREE,LIVERPOOL,LIVERPOOL,MERSEYSIDE,A,A
{237B17FE-3761-22AC-E063-4804A8C0EA3A},420000,2024-08-16 00:00,L15 9EU,T,N,F,39,,HEATHFIELD ROAD,WAVERTREE,LIVERPOOL,LIVERPOOL,MERSEYSIDE,A,A
{237B17FE-D2F0-22AC-E063-4804A8C0EA3A},146000,2024-08-21 00:00,M14 6EZ,F,N,L,"VILLAGE GATE, 15",4,WILBRAHAM ROAD,,MANCHESTER,MANCHESTER,GREATER MANCHESTER,B,A
{237B17FE-2D79-22AC-E063-4804A8C0EA3A},142000,2024-08-30 00:00,M1 1LT,F,N,L,15,FLAT 2,PICCADILLY,,MANCHESTER,MANCHESTER,GREATER MANCHESTER,A,A
{237B17FE-2D7C-22AC-E063-4804A8C0EA3A},250000,2024-08-06 00:00,M1 1AQ,F,N,L,"OXID HOUSE, 78",FLAT 706,NEWTON STREET,,MANCHESTER,MANCHESTER,GREATER MANCHESTER,A,A
{237B17FE-2D7E-22AC-E063-4804A8C0EA3A},248000,2024-08-09 00:00,M1 1AQ,F,N,L,"OXID HOUSE, 78",FLAT 806,NEWTON STREET,,MANCHESTER,MANCHESTER,GREATER MANCHESTER,A,A
{237B17FE-4D8E-22AC-E063-4804A8C0EA3A},173000,2024-09-06 00:00,NG7 6PH,S,N,F,93,,LAURIE AVENUE,,NOTTINGHAM,CITY OF NOTTINGHAM,CITY OF NOTTINGHAM,A,A
{237B17FE-BAEA-22AC-E063-4804A8C0EA3A},330000,2024-01-03 00:00,LS6 4LA,T,N,F,11,,WELLS CROFT,,LEEDS,LEEDS,WEST YORKSHIRE,A,A
{36A61A94-685A-DEF2-E063-4704A8C046AE},216000,2024-05-28 00:00,CF24 2LG,T,N,F,99,,MOORLAND ROAD,,CARDIFF,CARDIFF,CARDIFF,A,A
{237B17FE-C9FD-22AC-E063-4804A8C0EA3A},135000,2024-04-26 00:00,CF24 5JX,O,N,L,UNIT 5,,EAST MOORS BUSINESS PARK,,CARDIFF,CARDIFF,CARDIFF,B,A
{237B17FE-CA11-22AC-E063-4804A8C0EA3A},365000,2024-04-10 00:00,CF24 4NX,T,N,F,4,,DANIEL STREET,,CARDIFF,CARDIFF,CARDIFF,B,A
{34222873-3AB3-4D2B-E063-4704A8C07853},135000,2024-07-10 00:00,NE6 5LF,O,N,F,107,,SIMONSIDE TERRACE,,NEWCASTLE UPON TYNE,NEWCASTLE UPON TYNE,TYNE AND WEAR,B,A
{1EAE3DF6-7BD3-9EB1-E063-4704A8C09D02},644000,2024-06-13 00:00,M14 5LA,T,N,F,76,,NORMAN ROAD,,MANCHESTER,MANCHESTER,GREATER MANCHESTER,A,A
{1EAE3DF6-7D6C-9EB1-E063-4704A8C09D02},265000,2024-05-24 00:00,M14 5JD,T,N,F,3,,HALL AVENUE,,MANCHESTER,MANCHESTER,GREATER MANCHESTER,A,A
{34222873-3AD7-4D2B-E063-4704A8C07853},38000,2024-07-22 00:00,NE6 2SE,F,N,L,309,,BENSON ROAD,,NEWCASTLE UPON TYNE,NEWCASTLE UPON TYNE,TYNE AND WEAR,B,A
{34222872-9F1B-4D2B-E063-4704A8C07853},175000,2024-11-29 00:00,NG7 2DG,T,N,F,135,,HERON DRIVE,LENTON,NOTTINGHAM,CITY OF NOTTINGHAM,CITY OF NOTTINGHAM,A,A
{237B17FE-CA2C-22AC-E063-4804A8C0EA3A},180000,2024-02-06 00:00,CF24 2PE,T,N,F,191,,CARLISLE STREET,,CARDIFF,CARDIFF,CARDIFF,B,A
{2F7F2B43-EEE5-E08F-E063-4804A8C05A49},145000,2024-10-18 00:00,LS6 2JT,T,N,F,8,,QUARRY PLACE,,LEEDS,LEEDS,WEST YORKSHIRE,B,A
{1EAE3DF6-7A2B-9EB1-E063-4704A8C09D02},205000,2024-03-19 00:00,M14 4DY,T,N,F,185,,ACOMB STREET,,MANCHESTER,MANCHESTER,GREATER MANCHESTER,A,A
{1EAE3DF6-7DA0-9EB1-E063-4704A8C09D02},135000,2024-06-21 00:00,M1 3AB,F,N,L,"BOMBAY HOUSE, 59",FLAT 6,WHITWORTH STREET,,MANCHESTER,MANCHESTER,GREATER MANCHESTER,A,A
{1EAE3DF6-7C8D-9EB1-E063-4704A8C09D02},272000,2024-06-28 00:00,M14 7DS,S,N,F,167,,WILBRAHAM ROAD,FALLOWFIELD,MANCHESTER,MANCHESTER,GREATER MANCHESTER,A,A
{34222873-3B11-4D2B-E063-4704A8C07853},300000,2024-10-11 00:00,NE6 1SD,O,N,F,HEATON BINGO,,HEATON ROAD,,NEWCASTLE UPON TYNE,NEWCASTLE UPON TYNE,TYNE AND WEAR,B,A
{34222873-3B2D-4D2B-E063-4704A8C07853},80000,2024-07-10 00:00,NE6 2PD,T,N,F,43,,ST ANTHONYS ROAD,,NEWCASTLE UPON TYNE,NEWCASTLE UPON TYNE,TYNE AND WEAR,B,A
{237B17FE-CA61-22AC-E063-4804A8C0EA3A},105000,2024-05-03 00:00,CF24 0HN,T,N,L,10,,CONSTELLATION STREET,,CARDIFF,CARDIFF,CARDIFF,B,A
{2F7F2B43-EAD2-E08F-E063-4804A8C05A49},395000,2024-06-14 00:00,CF24 4RQ,T,N,F,38,,MACKINTOSH PLACE,,CARDIFF,CARDIFF,CARDIFF,B,A
{2F7F2B43-EF2C-E08F-E063-4804A8C05A49},270000,2024-11-29 00:00,LS6 1ET,T,N,F,13,,WELTON MOUNT,,LEEDS,LEEDS,WEST YORKSHIRE,B,A
{237B17FE-B4ED-22AC-E063-4804A8C0EA3A},275000,2024-08-30 00:00,LS6 4AJ,S,N,F,30,,BENTLEY LANE,,LEEDS,LEEDS,WEST YORKSHIRE,A,A
{237B17FE-B503-22AC-E063-4804A8C0EA3A},164000,2024-09-24 00:00,LS6 4DT,F,N,L,MASHAM COURT,30,SHAW LANE,,LEEDS,LEEDS,WEST YORKSHIRE,A,A
{237B17FE-B8ED-22AC-E063-4804A8C0EA3A},270000,2024-05-03 00:00,LS6 2EN,D,N,F,6,,NORTH HILL ROAD,,LEEDS,LEEDS,WEST YORKSHIRE,A,A
{237B17FE-B8EF-22AC-E063-4804A8C0EA3A},240000,2024-08-12 00:00,LS6 4ET,T,N,F,52,,HIGHBURY TERRACE,,LEEDS,LEEDS,WEST YORKSHIRE,A,A
{2F7F2B43-EF52-E08F-E063-4804A8C05A49},330000,2024-08-23 00:00,LS6 2HT,T,N,F,17,,INGLEWOOD TERRACE,,LEEDS,LEEDS,WEST YORKSHIRE,B,A
{237B17FE-F008-22AC-E063-4804A8C0EA3A},135000,2024-09-23 00:00,NE6 5UY,F,N,L,39,,BENFIELD ROAD,,NEWCASTLE UPON TYNE,NEWCASTLE UPON TYNE,TYNE AND WEAR,B,A
{237B17FE-F64F-22AC-E063-4804A8C0EA3A},160000,2024-07-03 00:00,LS6 1EG,T,N,F,96,,BRUDENELL ROAD,,LEEDS,LEEDS,WEST YORKSHIRE,B,A
{1C3E72FF-050E-F410-E063-4804A8C0DFA6},210000,2024-02-28 00:00,L15 1HW,S,N,F,48,,SALISBURY ROAD,WAVERTREE,LIVERPOOL,LIVERPOOL,MERSEYSIDE,B,A
{1C3E72FE-FC1C-F410-E063-4804A8C0DFA6},152500,2024-06-06 00:00,M14 6LH,F,N,L,HILLTOP COURT,FLAT 13,WILMSLOW ROAD,,MANCHESTER,MANCHESTER,GREATER MANCHESTER,B,A
{1C3E72FE-FC30-F410-E063-4804A8C0DFA6},260000,2024-05-10 00:00,M14 5DT,T,N,L,6,,KINROSS ROAD,,MANCHESTER,MANCHESTER,GREATER MANCHESTER,B,A
{1C3E72FF-0545-F410-E063-4804A8C0DFA6},198000,2024-02-12 00:00,M14 5DJ,T,N,F,9,,HARLEY AVENUE,,MANCHESTER,MANCHESTER,GREATER MANCHESTER,B,A
{237B17FE-E03B-22AC-E063-4804A8C0EA3A},230000,2024-08-30 00:00,L15 6YB,O,N,F,5A,,CHILDWALL FIVEWAYS,,LIVERPOOL,LIVERPOOL,MERSEYSIDE,B,A
{237B17FE-F02F-22AC-E063-4804A8C0EA3A},50000,2024-02-08 00:00,NE6 2RQ,F,N,L,428,,GRACE STREET,,NEWCASTLE UPON TYNE,NEWCASTLE UPON TYNE,TYNE AND WEAR,B,A
{237B17FE-F030-22AC-E063-4804A8C0EA3A},107000,2024-02-29 00:00,NE6 3LP,T,N,F,21,,ELSTOB PLACE,,NEWCASTLE UPON TYNE,NEWCASTLE UPON TYNE,TYNE AND WEAR,B,A
{237B17FE-F032-22AC-E063-4804A8C0EA3A},182500,2024-08-21 00:00,NE6 5AQ,T,N,F,53,,WARWICK STREET,,NEWCASTLE UPON TYNE,NEWCASTLE UPON TYNE,TYNE AND WEAR,B,A
{237B17FE-F034-22AC-E063-4804A8C0EA3A},127500,2024-07-19 00:00,NE6 5XR,F,N,L,16,,KING JOHN STREET,,NEWCASTLE UPON TYNE,NEWCASTLE UPON TYNE,TYNE AND WEAR,B,A
{237B17FE-F696-22AC-E063-4804A8C0EA3A},250000,2024-09-12 00:00,LS6 1EW,T,N,F,27,,WELTON PLACE,,LEEDS,LEEDS,WEST YORKSHIRE,B,A
{1C3E72FE-FCCC-F410-E063-4804A8C0DFA6},360000,2024-05-24 00:00,M14 6GQ,T,N,F,54,,FILEY ROAD,,MANCHESTER,MANCHESTER,GREATER MANCHESTER,B,A
{1C3E72FE-FCE6-F410-E063-4804A8C0DFA6},7315910,2024-04-02 00:00,M1 7DG,O,N,F,HOTEL IBIS,,CHARLES STREET,,MANCHESTER,MANCHESTER,GREATER MANCHESTER,B,A
{36A61A94-C899-DEF2-E063-4704A8C046AE},272000,2024-08-01 00:00,L15 6XB,S,N,F,14,,BANSTEAD GROVE,,LIVERPOOL,LIVERPOOL,MERSEYSIDE,A,A
{1C3E72FE-FD18-F410-E063-4804A8C0DFA6},180000,2024-04-04 00:00,M14 7RP,S,N,F,11,,CONGLETON AVENUE,,MANCHESTER,MANCHESTER,GREATER MANCHESTER,B,A
{237B17FE-F057-22AC-E063-4804A8C0EA3A},200000,2024-09-11 00:00,NE6 5LL,O,N,F,249,,CHILLINGHAM ROAD,,NEWCASTLE UPON TYNE,NEWCASTLE UPON TYNE,TYNE AND WEAR,B,A
{237B17FE-F6B5-22AC-E063-4804A8C0EA3A},295000,2024-04-26 00:00,LS6 1DY,T,N,F,23,,NORWOOD PLACE,,LEEDS,LEEDS,WEST YORKSHIRE,B,A
{1C3E72FE-FD51-F410-E063-4804A8C0DFA6},260000,2024-05-10 00:00,M14 5DT,T,N,L,12,,KINROSS ROAD,,MANCHESTER,MANCHESTER,GREATER MANCHESTER,B,A
{1C3E72FE-FD69-F410-E063-4804A8C0DFA6},870000,2024-05-23 00:00,M14 4PX,D,N,F,406,,MOSS LANE EAST,,MANCHESTER,MANCHESTER,GREATER MANCHESTER,B,A
{237B17FE-E3B7-22AC-E063-4804A8C0EA3A},128000,2024-06-21 00:00,NG7 7NB,T,N,F,12,,FALCON GROVE,,NOTTINGHAM,CITY OF NOTTINGHAM,CITY OF NOTTINGHAM,B,A
{237B17FE-E3B8-22AC-E063-4804A8C0EA3A},245000,2024-03-15 00:00,NG7 3BS,T,N,F,125,,RADFORD BOULEVARD,,NOTTINGHAM,CITY OF NOTTINGHAM,CITY OF NOTTINGHAM,B,A
{237B17FE-E3BA-22AC-E063-4804A8C0EA3A},159000,2024-04-26 00:00,NG7 5ND,T,N,F,37,,WALLAN STREET,,NOTTINGHAM,CITY OF NOTTINGHAM,CITY OF NOTTINGHAM,B,A
{1C3E72FE-FDA0-F410-E063-4804A8C0DFA6},170000,2024-05-17 00:00,M1 1JQ,F,N,L,"REGENTS COURT, 6",16,OLDHAM STREET,,MANCHESTER,MANCHESTER,GREATER MANCHESTER,B,A
{1C3E72FE-FDC3-F410-E063-4804A8C0DFA6},177500,2024-06-12 00:00,M1 5DE,F,N,L,"THE HACIENDA, 11 - 15",211,WHITWORTH STREET WEST,,MANCHESTER,MANCHESTER,GREATER MANCHESTER,B,A
{237B17FE-F081-22AC-E063-4804A8C0EA3A},65000,2024-08-28 00:00,NE6 3AA,F,N,L,583,,WELBECK ROAD,,NEWCASTLE UPON TYNE,NEWCASTLE UPON TYNE,TYNE AND WEAR,B,A
{237B17FE-F091-22AC-E063-4804A8C0EA3A},115550,2024-08-21 00:00,NE6 1LR,O,N,L,117,,ALBION ROW,,NEWCASTLE UPON TYNE,NEWCASTLE UPON TYNE,TYNE AND WEAR,B,A
{1C3E72FF-0429-F410-E063-4804A8C0DFA6},105000,2024-01-12 00:00,L15 1HL,T,N,F,21,,PICTON GROVE,,LIVERPOOL,LIVERPOOL,MERSEYSIDE,B,A
{1C3E72FF-0447-F410-E063-4804A8C0DFA6},292500,2024-02-09 00:00,L15 2HU,S,N,F,106,,SALISBURY ROAD,WAVERTREE,LIVERPOOL,LIVERPOOL,MERSEYSIDE,B,A
{1C3E72FF-0452-F410-E063-4804A8C0DFA6},158000,2024-03-07 00:00,M14 7DT,S,N,L,213,,WILBRAHAM ROAD,,MANCHESTER,MANCHESTER,GREATER MANCHESTER,B,A
{1C3E72FF-045E-F410-E063-4804A8C0DFA6},210000,2024-05-07 00:00,L15 2HH,T,N,F,33,,PORTMAN ROAD,,LIVERPOOL,LIVERPOOL,MERSEYSIDE,B,A
{1C3E72FF-0462-F410-E063-4804A8C0DFA6},82000,2024-01-05 00:00,L15 4JX,T,N,F,28,,COLVILLE STREET,WAVERTREE,LIVERPOOL,LIVERPOOL,MERSEYSIDE,B,A
{2F7F2B43-F031-E08F-E063-4804A8C05A49},490000,2024-08-23 00:00,LS6 1BJ,T,N,F,14,,HYDE PARK TERRACE,,LEEDS,LEEDS,WEST YORKSHIRE,B,A
{1C3E72FF-046B-F410-E063-4804A8C0DFA6},168000,2024-06-20 00:00,L15 0EQ,T,N,F,100,,LAWRENCE ROAD,,LIVERPOOL,LIVERPOOL,MERSEYSIDE,B,A
{1C3E72FF-0485-F410-E063-4804A8C0DFA6},253000,2024-05-23 00:00,M14 6GL,S,N,F,15,,LINDLEYWOOD ROAD,,MANCHESTER,MANCHESTER,GREATER MANCHESTER,B,A
{237B17FE-E3CF-22AC-E063-4804A8C0EA3A},285000,2024-09-16 00:00,NG7 2JF,S,N,F,3,,EDNASTON ROAD,,NOTTINGHAM,CITY OF NOTTINGHAM,CITY OF NOTTINGHAM,B,A
{36A61A94-C382-DEF2-E063-4704A8C046AE},112500,2024-11-29 00:00,L15 8HH,F,N,L,33,FLAT A,PRINCE ALFRED ROAD,,LIVERPOOL,LIVERPOOL,MERSEYSIDE,A,A
{237B17FE-F6EC-22AC-E063-4804A8C0EA3A},390000,2024-04-18 00:00,LS6 2LL,T,N,F,43,,HARTLEY CRESCENT,,LEEDS,LEEDS,WEST YORKSHIRE,B,A
{237B17FE-F707-22AC-E063-4804A8C0EA3A},309000,2024-04-23 00:00,LS6 1HG,T,N,F,2,,BRUDENELL VIEW,,LEEDS,LEEDS,WEST YORKSHIRE,B,A
{1C3E72FF-04A5-F410-E063-4804A8C0DFA6},170000,2024-05-31 00:00,M14 7QF,T,N,F,208,,HORTON ROAD,,MANCHESTER,MANCHESTER,GREATER MANCHESTER,B,A
{36A61A94-AA46-DEF2-E063-4704A8C046AE},97500,2024-08-21 00:00,L15 4NE,T,N,F,20,,OLTON STREET,,LIVERPOOL,LIVERPOOL,MERSEYSIDE,A,A
{2F7F2B43-DA0C-E08F-E063-4804A8C05A49},100840,2024-12-17 00:00,L15 0HG,T,N,L,5,,BANNER STREET,,LIVERPOOL,LIVERPOOL,MERSEYSIDE,B,A
{237B17FE-DC81-22AC-E063-4804A8C0EA3A},275000,2024-09-03 00:00,M1 5DE,F,N,L,"THE HACIENDA, 11 - 15",113,WHITWORTH STREET WEST,,MANCHESTER,MANCHESTER,GREATER MANCHESTER,B,A
{36A61A94-AA70-DEF2-E063-4704A8C046AE},100000,2024-08-21 00:00,L15 4HL,T,N,F,12,,STANDALE ROAD,,LIVERPOOL,LIVERPOOL,MERSEYSIDE,A,A
{237B17FE-E3E4-22AC-E063-4804A8C0EA3A},135000,2024-08-15 00:00,NG7 5GP,T,N,F,332,,RADFORD ROAD,,NOTTINGHAM,CITY OF NOTTINGHAM,CITY OF NOTTINGHAM,B,A
{237B17FE-E402-22AC-E063-4804A8C0EA3A},180000,2024-08-23 00:00,NG7 6LP,T,N,F,57,,EXETER ROAD,,NOTTINGHAM,CITY OF NOTTINGHAM,CITY OF NOTTINGHAM,B,A
{36A61A94-BFE8-DEF2-E063-4704A8C046AE},381000,2024-08-09 00:00,M1 3AW,F,Y,L,"LINTER BUILDING, 44",FLAT 704,WHITWORTH STREET,,MANCHESTER,MANCHESTER,GREATER MANCHESTER,A,A
{36A61A94-C40C-DEF2-E063-4704A8C046AE},215000,2024-12-04 00:00,L15 7JP,S,N,F,26,,DUNHAM ROAD,,LIVERPOOL,LIVERPOOL,MERSEYSIDE,A,A
{12A8BAB6-B565-2125-E063-4804A8C08CC1},58000,2024-01-25 00:00,NE6 2DB,F,N,L,221,,AYTON STREET,,NEWCASTLE UPON TYNE,NEWCASTLE UPON TYNE,TYNE AND WEAR,A,A
{237B17FE-F102-22AC-E063-4804A8C0EA3A},40000,2024-08-27 00:00,NE6 2TH,F,N,F,17,,RELTON AVENUE,,NEWCASTLE UPON TYNE,NEWCASTLE UPON TYNE,TYNE AND WEAR,B,A
{237B17FE-F128-22AC-E063-4804A8C0EA3A},142500,2024-05-10 00:00,NE6 1DS,O,N,F,82 - 84,,SHIELDS ROAD,,NEWCASTLE UPON TYNE,NEWCASTLE UPON TYNE,TYNE AND WEAR,B,A
{237B17FE-F12D-22AC-E063-4804A8C0EA3A},142000,2024-06-14 00:00,NE6 3AB,T,N,F,576,,WELBECK ROAD,,NEWCASTLE UPON TYNE,NEWCASTLE UPON TYNE,TYNE AND WEAR,B,A
{237B17FE-F71F-22AC-E063-4804A8C0EA3A},195000,2024-08-23 00:00,LS6 1QD,T,N,F,67,,BURLEY LODGE TERRACE,,LEEDS,LEEDS,WEST YORKSHIRE,B,A
{237B17FE-F73D-22AC-E063-4804A8C0EA3A},102500,2024-02-08 00:00,LS6 1RE,T,N,F,24,,AUTUMN AVENUE,,LEEDS,LEEDS,WEST YORKSHIRE,B,A
{12A8BAB6-B5BC-2125-E063-4804A8C08CC1},141787,2024-02-16 00:00,NE6 4HX,S,N,F,88,,WHINNEYFIELD ROAD,,NEWCASTLE UPON TYNE,NEWCASTLE UPON TYNE,TYNE AND WEAR,A,A
{237B17FE-DCBA-22AC-E063-4804A8C0EA3A},200000,2024-04-26 00:00,M14 5JS,F,N,L,48,,DANES ROAD,,MANCHESTER,MANCHESTER,GREATER MANCHESTER,B,A
{237B17FE-DCC0-22AC-E063-4804A8C0EA3A},775000,2024-06-05 00:00,M1 1LS,O,N,L,17,,PICCADILLY,,MANCHESTER,MANCHESTER,GREATER MANCHESTER,B,A
{36A61A94-AA9D-DEF2-E063-4704A8C046AE},180000,2024-11-27 00:00,M14 6PR,T,N,F,69,,BRAEMAR ROAD,,MANCHESTER,MANCHESTER,GREATER MANCHESTER,A,A
{36A61A94-AADD-DEF2-E063-4704A8C046AE},85000,2024-10-25 00:00,L15 1EA,T,N,F,49,,STRATHCONA ROAD,,LIVERPOOL,LIVERPOOL,MERSEYSIDE,A,A
{12A8BAB6-B63E-2125-E063-4804A8C08CC1},145000,2024-02-16 00:00,NE6 4HX,S,N,F,32,,WHINNEYFIELD ROAD,,NEWCASTLE UPON TYNE,NEWCASTLE UPON TYNE,TYNE AND WEAR,A,A
{12A8BAB6-B665-2125-E063-4804A8C08CC1},70000,2024-01-16 00:00,NE6 1DE,T,N,F,35,,CLIVE PLACE,,NEWCASTLE UPON TYNE,NEWCASTLE UPON TYNE,TYNE AND WEAR,A,A
{237B17FE-E419-22AC-E063-4804A8C0EA3A},332500,2024-05-01 00:00,NG7 1HP,T,N,F,309,,CASTLE BOULEVARD,,NOTTINGHAM,CITY OF NOTTINGHAM,CITY OF NOTTINGHAM,B,A
{237B17FE-E420-22AC-E063-4804A8C0EA3A},127000,2024-09-02 00:00,NG7 4DP,F,N,L,9,FLAT 1,ALL SAINTS STREET,,NOTTINGHAM,CITY OF NOTTINGHAM,CITY OF NOTTINGHAM,B,A
{36A61A94-C008-DEF2-E063-4704A8C046AE},390000,2024-10-18 00:00,M1 3AW,F,Y,L,"LINTER BUILDING, 44",FLAT 1110,WHITWORTH STREET,,MANCHESTER,MANCHESTER,GREATER MANCHESTER,A,A
{12A8BAB6-B673-2125-E063-4804A8C08CC1},162000,2024-01-29 00:00,NE6 5LW,F,N,F,50,,TOSSON TERRACE,,NEWCASTLE UPON TYNE,NEWCASTLE UPON TYNE,TYNE AND WEAR,A,A
{12A8BAB6-B67A-2125-E063-4804A8C08CC1},90000,2024-01-25 00:00,NE6 4RH,F,N,L,40,,SUTTON STREET,,NEWCASTLE UPON TYNE,NEWCASTLE UPON TYNE,TYNE AND WEAR,A,A
{12A8BAB6-B6C0-2125-E063-4804A8C08CC1},160000,2024-01-22 00:00,NE6 5PH,F,N,L,45,,BOLINGBROKE STREET,,NEWCASTLE UPON TYNE,NEWCASTLE UPON TYNE,TYNE AND WEAR,A,A
{12A8BAB6-B717-2125-E063-4804A8C08CC1},160000,2024-01-17 00:00,NE6 5XS,F,N,L,7,,SECOND AVENUE,,NEWCASTLE UPON TYNE,NEWCASTLE UPON TYNE,TYNE AND WEAR,A,A
{237B17FE-F14A-22AC-E063-4804A8C0EA3A},250000,2024-08-27 00:00,CF24 1RW,S,N,F,43,,RICHARDS TERRACE,,CARDIFF,CARDIFF,CARDIFF,B,A
{237B17FE-F14C-22AC-E063-4804A8C0EA3A},230000,2024-04-30 00:00,CF24 4NU,T,N,F,17,,NORMAN STREET,,CARDIFF,CARDIFF,CARDIFF,B,A
{237B17FE-F14E-22AC-E063-4804A8C0EA3A},255000,2024-02-21 00:00,CF24 4JJ,T,N,F,8,,MERTHYR STREET,CATHAYS,CARDIFF,CARDIFF,CARDIFF,B,A
{36A61A94-AB1F-DEF2-E063-4704A8C046AE},95000,2024-10-03 00:00,L15 4JQ,T,N,F,27,,FAIRBANK STREET,,LIVERPOOL,LIVERPOOL,MERSEYSIDE,A,A
{237B17FE-4D9C-22AC-E063-4804A8C0EA3A},89700,2024-08-12 00:00,NG7 4GN,T,N,F,44,,PORTLAND ROAD,,NOTTINGHAM,CITY OF NOTTINGHAM,CITY OF NOTTINGHAM,A,A
{12A8BAB6-B7CA-2125-E063-4804A8C08CC1},188000,2024-01-26 00:00,NE6 5JB,F,N,L,60,,SHAFTESBURY GROVE,,NEWCASTLE UPON TYNE,NEWCASTLE UPON TYNE,TYNE AND WEAR,A,A
{12A8BAB6-B7E5-2125-E063-4804A8C08CC1},130000,2024-01-15 00:00,NE6 5YA,F,N,L,32,,BALMORAL TERRACE,HEATON,NEWCASTLE UPON TYNE,NEWCASTLE UPON TYNE,TYNE AND WEAR,A,A
{237B17FE-DD9B-22AC-E063-4804A8C0EA3A},270000,2024-09-03 00:00,M1 5DB,F,N,L,"THE HACIENDA, 11 - 15",103,WHITWORTH STREET WEST,,MANCHESTER,MANCHESTER,GREATER MANCHESTER,B,A
{237B17FE-E435-22AC-E063-4804A8C0EA3A},207500,2024-05-10 00:00,NG7 5HA,S,N,F,31,,THE POPLARS,,NOTTINGHAM,CITY OF NOTTINGHAM,CITY OF NOTTINGHAM,B,A
{237B17FE-E442-22AC-E063-4804A8C0EA3A},350000,2024-08-28 00:00,NG7 4BJ,T,N,L,26,,GADD STREET,,NOTTINGHAM,CITY OF NOTTINGHAM,CITY OF NOTTINGHAM,B,A
{237B17FE-E44F-22AC-E063-4804A8C0EA3A},155000,2024-03-19 00:00,NG7 6NT,T,N,F,78,,WIVERTON ROAD,,NOTTINGHAM,CITY OF NOTTINGHAM,CITY OF NOTTINGHAM,B,A
{237B17FE-E450-22AC-E063-4804A8C0EA3A},85000,2024-01-04 00:00,NG7 6NT,T,N,F,78,,WIVERTON ROAD,,NOTTINGHAM,CITY OF NOTTINGHAM,CITY OF NOTTINGHAM,B,A
{237B17FE-E458-22AC-E063-4804A8C0EA3A},340000,2024-07-19 00:00,NG7 4DQ,O,N,F,8,,ALL SAINTS TERRACE,,NOTTINGHAM,CITY OF NOTTINGHAM,CITY OF NOTTINGHAM,B,A
{12A8BAB6-B888-2125-E063-4804A8C08CC1},58000,2024-01-25 00:00,NE6 2DB,T,N,F,219,,AYTON STREET,,NEWCASTLE UPON TYNE,NEWCASTLE UPON TYNE,TYNE AND WEAR,A,A
{237B17FE-F172-22AC-E063-4804A8C0EA3A},300000,2024-06-21 00:00,CF24 3LJ,O,N,F,37,,ALBANY ROAD,,CARDIFF,CARDIFF,CARDIFF,B,A
{237B17FE-F17F-22AC-E063-4804A8C0EA3A},185000,2024-07-31 00:00,CF24 1PZ,T,N,F,6,,SAPPHIRE STREET,,CARDIFF,CARDIFF,CARDIFF,B,A
{12A8BAB6-DAAD-2125-E063-4804A8C08CC1},275000,2024-01-24 00:00,LS6 3NL,S,N,F,59,,QUEENSWOOD ROAD,,LEEDS,LEEDS,WEST YORKSHIRE,A,A
{237B17FE-E465-22AC-E063-4804A8C0EA3A},200000,2024-09-20 00:00,NG7 6PG,T,N,F,43,,LAURIE AVENUE,,NOTTINGHAM,CITY OF NOTTINGHAM,CITY OF NOTTINGHAM,B,A
{237B17FE-E469-22AC-E063-4804A8C0EA3A},315000,2024-05-01 00:00,NG7 4FU,O,N,L,12,,TENNYSON STREET,,NOTTINGHAM,CITY OF NOTTINGHAM,CITY OF NOTTINGHAM,B,A
{237B17FE-3564-22AC-E063-4804A8C0EA3A},155000,2024-09-05 00:00,L15 0HH,T,N,F,10,,LISCARD ROAD,,LIVERPOOL,LIVERPOOL,MERSEYSIDE,A,A
{237B17FE-356F-22AC-E063-4804A8C0EA3A},200000,2024-09-13 00:00,L15 4HU,T,N,F,39A,,SANDOWN LANE,,LIVERPOOL,LIVERPOOL,MERSEYSIDE,A,A
{12A8BAB6-DCD3-2125-E063-4804A8C08CC1},247500,2024-02-09 00:00,LS6 3ET,T,N,F,64,,ESTCOURT AVENUE,,LEEDS,LEEDS,WEST YORKSHIRE,A,A
{12A8BAB6-E9A8-2125-E063-4804A8C08CC1},325000,2024-02-16 00:00,CF24 4ET,T,N,F,65,,MINNY STREET,,CARDIFF,CARDIFF,CARDIFF,B,A
{237B17FE-2DE7-22AC-E063-4804A8C0EA3A},200000,2024-08-16 00:00,M1 5JB,F,N,L,"AXIS TOWER, 9",FLAT 69,WHITWORTH STREET WEST,,MANCHESTER,MANCHESTER,GREATER MANCHESTER,A,A
{12A8BAB6-D5C5-2125-E063-4804A8C08CC1},309000,2024-01-26 00:00,LS6 4AL,S,N,F,87,,GROVE LANE,,LEEDS,LEEDS,WEST YORKSHIRE,A,A
{237B17FE-357A-22AC-E063-4804A8C0EA3A},80000,2024-07-18 00:00,L15 0ER,T,N,F,15,,KELLIT ROAD,,LIVERPOOL,LIVERPOOL,MERSEYSIDE,A,A
{237B17FE-3582-22AC-E063-4804A8C0EA3A},225000,2024-09-13 00:00,L15 3JF,T,N,F,110,,BROOKDALE ROAD,,LIVERPOOL,LIVERPOOL,MERSEYSIDE,A,A
{237B17FE-3589-22AC-E063-4804A8C0EA3A},210000,2024-05-03 00:00,L15 3JF,T,N,F,89,,BROOKDALE ROAD,,LIVERPOOL,LIVERPOOL,MERSEYSIDE,A,A
{12A8BAB6-DFBA-2125-E063-4804A8C08CC1},224500,2024-02-07 00:00,LS6 4DR,F,N,L,"SUMMERHILL COURT, 5",6,MONK BRIDGE ROAD,,LEEDS,LEEDS,WEST YORKSHIRE,A,A
{237B17FE-3810-22AC-E063-4804A8C0EA3A},262000,2024-05-01 00:00,L15 9HE,T,N,F,23,,LICHFIELD ROAD,WAVERTREE,LIVERPOOL,LIVERPOOL,MERSEYSIDE,A,A
{237B17FE-3819-22AC-E063-4804A8C0EA3A},175000,2024-04-26 00:00,L15 2HP,T,N,F,67,,GRANVILLE ROAD,WAVERTREE,LIVERPOOL,LIVERPOOL,MERSEYSIDE,A,A
{237B17FE-F199-22AC-E063-4804A8C0EA3A},315000,2024-03-28 00:00,CF24 4EQ,T,N,F,32,,FLORA STREET,,CARDIFF,CARDIFF,CARDIFF,B,A
{237B17FE-F19F-22AC-E063-4804A8C0EA3A},194000,2024-07-18 00:00,CF24 3JL,T,N,F,23,,STRATHNAIRN STREET,,CARDIFF,CARDIFF,CARDIFF,B,A
{237B17FE-F1AC-22AC-E063-4804A8C0EA3A},228000,2024-07-01 00:00,CF24 2LF,T,N,F,57,,MOORLAND ROAD,,CARDIFF,CARDIFF,CARDIFF,B,A
{42C129E5-9519-60A9-E063-4804A8C0C25D},89000,2024-10-14 00:00,NG7 1RQ,O,N,L,118,,WILLOUGHBY STREET,,NOTTINGHAM,CITY OF NOTTINGHAM,CITY OF NOTTINGHAM,B,A
{42C129E5-951C-60A9-E063-4804A8C0C25D},500000,2024-10-29 00:00,NG7 4DP,O,N,F,19,FLAT 1,ALL SAINTS STREET,,NOTTINGHAM,CITY OF NOTTINGHAM,CITY OF NOTTINGHAM,B,A
{42C129E5-9528-60A9-E063-4804A8C0C25D},145000,2024-11-26 00:00,NG7 4DN,F,N,L,RALEIGH SQUARE,FLAT 68,RALEIGH STREET,,NOTTINGHAM,CITY OF NOTTINGHAM,CITY OF NOTTINGHAM,B,A
{42C129E5-9530-60A9-E063-4804A8C0C25D},2700,2024-08-05 00:00,NG7 2PX,O,N,F,EASTER PARK,UNIT 1,LENTON LANE,,NOTTINGHAM,CITY OF NOTTINGHAM,CITY OF NOTTINGHAM,B,A
{42C129E5-9581-60A9-E063-4804A8C0C25D},350100,2024-12-13 00:00,NG7 1DN,D,N,F,4A,,CASTLE GROVE,THE PARK,NOTTINGHAM,CITY OF NOTTINGHAM,CITY OF NOTTINGHAM,B,A
{42C129E5-36AB-60A9-E063-4804A8C0C25D},289746,2024-11-28 00:00,NE6 5BP,D,Y,F,44,,GREENHEAD DRIVE,,NEWCASTLE UPON TYNE,NEWCASTLE UPON TYNE,TYNE AND WEAR,A,A
{42C129E5-36C0-60A9-E063-4804A8C0C25D},360996,2024-11-29 00:00,NE6 5BP,D,Y,F,34,,GREENHEAD DRIVE,,NEWCASTLE UPON TYNE,NEWCASTLE UPON TYNE,TYNE AND WEAR,A,A
{559C5AD6-00F8-AFE3-E063-4804A8C004A4},60000,2024-05-09 00:00,NE6 5DE,O,N,F,214A,,ROTHBURY TERRACE,,NEWCASTLE UPON TYNE,NEWCASTLE UPON TYNE,TYNE AND WEAR,B,A
{2ACACE8D-71DE-295E-E063-4804A8C0B0EB},270000,2024-05-31 00:00,LS6 4AL,S,N,F,95,,GROVE LANE,,LEEDS,LEEDS,WEST YORKSHIRE,A,A
{12A8BAB6-D6C1-2125-E063-4804A8C08CC1},151750,2024-02-09 00:00,LS6 3JE,F,N,L,1,,CROSS CHAPEL STREET,,LEEDS,LEEDS,WEST YORKSHIRE,A,A
{237B17FE-2E2A-22AC-E063-4804A8C0EA3A},312000,2024-04-19 00:00,M1 2FS,F,N,L,"OXYGEN TOWER, 50",FLAT A1205,STORE STREET,,MANCHESTER,MANCHESTER,GREATER MANCHESTER,A,A
{12A8BAB6-D7AB-2125-E063-4804A8C08CC1},450000,2024-01-12 00:00,LS6 4JU,S,N,F,20,,PARKSIDE CRESCENT,,LEEDS,LEEDS,WEST YORKSHIRE,A,A
{5340B1C6-26D4-8052-E063-4804A8C06EE4},290000,2024-04-30 00:00,L15 8HS,O,N,L,"GROVE MANOR, 21A",APARTMENT 3,CHESTNUT GROVE,WAVERTREE,LIVERPOOL,LIVERPOOL,MERSEYSIDE,B,A
{5340B1C6-26D5-8052-E063-4804A8C06EE4},270000,2024-04-30 00:00,L15 8HS,O,N,L,"GROVE MANOR, 21A",APARTMENT 4,CHESTNUT GROVE,WAVERTREE,LIVERPOOL,LIVERPOOL,MERSEYSIDE,B,A
{5340B1C6-26D6-8052-E063-4804A8C06EE4},190000,2024-04-30 00:00,L15 8HS,O,N,L,"GROVE MANOR, 21A",APARTMENT 6,CHESTNUT GROVE,WAVERTREE,LIVERPOOL,LIVERPOOL,MERSEYSIDE,B,A
{5340B1C6-26D7-8052-E063-4804A8C06EE4},300000,2024-04-30 00:00,L15 8HS,O,N,L,"GROVE MANOR, 21A",APARTMENT 7,CHESTNUT GROVE,WAVERTREE,LIVERPOOL,LIVERPOOL,MERSEYSIDE,B,A
{237B17FE-35C0-22AC-E063-4804A8C0EA3A},289000,2024-08-27 00:00,L15 8HS,T,N,F,42,,CHESTNUT GROVE,WAVERTREE,LIVERPOOL,LIVERPOOL,MERSEYSIDE,A,A
{42C129E5-8BB3-60A9-E063-4804A8C0C25D},381096,2024-09-23 00:00,M1 5LJ,F,Y,L,42,FLAT 1401,GREAT BRIDGEWATER STREET,,MANCHESTER,MANCHESTER,GREATER MANCHESTER,B,A
{42C129E5-8BB4-60A9-E063-4804A8C0C25D},441000,2024-09-17 00:00,M1 5LP,F,Y,L,42,FLAT 2103,GREAT BRIDGEWATER STREET,,MANCHESTER,MANCHESTER,GREATER MANCHESTER,B,A
{42C129E5-8BB5-60A9-E063-4804A8C0C25D},425850,2024-10-01 00:00,M1 5LP,F,Y,L,42,FLAT 1705,GREAT BRIDGEWATER STREET,,MANCHESTER,MANCHESTER,GREATER MANCHESTER,B,A
{42C129E5-8BB6-60A9-E063-4804A8C0C25D},439040,2024-09-17 00:00,M1 5LP,F,Y,L,42,FLAT 2104,GREAT BRIDGEWATER STREET,,MANCHESTER,MANCHESTER,GREATER MANCHESTER,B,A
{12A8BAB6-D7EA-2125-E063-4804A8C08CC1},260000,2024-02-26 00:00,LS6 4LH,S,N,F,12,,SUNSET ROAD,,LEEDS,LEEDS,WEST YORKSHIRE,A,A
{42C129E5-36D6-60A9-E063-4804A8C0C25D},327745,2024-07-26 00:00,NE6 5BP,D,Y,F,74,,GREENHEAD DRIVE,,NEWCASTLE UPON TYNE,NEWCASTLE UPON TYNE,TYNE AND WEAR,A,A
{42C129E5-36D8-60A9-E063-4804A8C0C25D},186999,2024-09-27 00:00,NE6 5BP,T,Y,F,48,,GREENHEAD DRIVE,,NEWCASTLE UPON TYNE,NEWCASTLE UPON TYNE,TYNE AND WEAR,A,A
{42C129E5-6318-60A9-E063-4804A8C0C25D},366000,2024-11-29 00:00,LS6 4NF,D,N,F,49,,HOLMWOOD DRIVE,,LEEDS,LEEDS,WEST YORKSHIRE,A,A
{12A8BAB6-D938-2125-E063-4804A8C08CC1},650000,2024-01-19 00:00,LS6 4QZ,D,N,F,1,,BELFORD COURT,,LEEDS,LEEDS,WEST YORKSHIRE,A,A
{5340B1C6-23C7-8052-E063-4804A8C06EE4},1320000,2024-03-07 00:00,M14 5EQ,O,N,F,1,,STAFFORD CLOSE,,MANCHESTER,MANCHESTER,GREATER MANCHESTER,B,A
{42C129E5-7365-60A9-E063-4804A8C0C25D},190000,2024-11-29 00:00,CF24 0HG,T,N,F,18,,ZINC STREET,,CARDIFF,CARDIFF,CARDIFF,B,A
{237B17FE-395F-22AC-E063-4804A8C0EA3A},322500,2024-08-16 00:00,L15 6UJ,S,N,F,42,,TULIP ROAD,,LIVERPOOL,LIVERPOOL,MERSEYSIDE,A,A
{237B17FE-2C7C-22AC-E063-4804A8C0EA3A},276000,2024-05-01 00:00,M14 7TH,T,N,L,12,,BILSBORROW ROAD,,MANCHESTER,MANCHESTER,GREATER MANCHESTER,A,A
{237B17FE-30A9-22AC-E063-4804A8C0EA3A},173000,2024-02-22 00:00,M14 4SB,T,N,F,27,,BERESFORD STREET,,MANCHESTER,MANCHESTER,GREATER MANCHESTER,A,A
{42C129E5-73E6-60A9-E063-4804A8C0C25D},400000,2024-10-24 00:00,CF24 5TH,O,N,F,UNIT 85A,,SEAWALL ROAD,,CARDIFF,CARDIFF,CARDIFF,B,A
{237B17FE-4E85-22AC-E063-4804A8C0EA3A},226000,2024-09-05 00:00,NG7 5NZ,S,N,F,17,,CREWE CLOSE,,NOTTINGHAM,CITY OF NOTTINGHAM,CITY OF NOTTINGHAM,A,A
{1A0C5C63-DB3E-7CBE-E063-4804A8C06C96},345000,2024-04-22 00:00,LS6 4EH,T,N,F,16,,BROOKFIELD PLACE,,LEEDS,LEEDS,WEST YORKSHIRE,A,A
{237B17FE-3996-22AC-E063-4804A8C0EA3A},400000,2024-08-30 00:00,L15 7LD,S,N,F,327,,THINGWALL ROAD,,LIVERPOOL,LIVERPOOL,MERSEYSIDE,A,A
{237B17FE-3997-22AC-E063-4804A8C0EA3A},302000,2024-04-26 00:00,L15 7LS,T,N,F,46,,HEYWOOD ROAD,,LIVERPOOL,LIVERPOOL,MERSEYSIDE,A,A
{1A0C5C63-DB6C-7CBE-E063-4804A8C06C96},328000,2024-03-28 00:00,LS6 1ES,T,N,F,25,,WELTON GROVE,,LEEDS,LEEDS,WEST YORKSHIRE,A,A
{42C129E5-3A5C-60A9-E063-4804A8C0C25D},425000,2024-11-21 00:00,CF24 3SL,S,N,F,60,,PRINCES STREET,,CARDIFF,CARDIFF,CARDIFF,A,A
{1A0C5C63-D90C-7CBE-E063-4804A8C06C96},420000,2024-05-03 00:00,LS6 4PH,S,N,F,1,,PARKLAND DRIVE,MEANWOOD,LEEDS,LEEDS,WEST YORKSHIRE,A,A
{1A0C5C63-D936-7CBE-E063-4804A8C06C96},400194,2024-01-11 00:00,LS6 4NS,S,N,F,8,,PARKSIDE VIEW,,LEEDS,LEEDS,WEST YORKSHIRE,A,A
{1A0C5C63-DBE0-7CBE-E063-4804A8C06C96},368000,2024-05-10 00:00,LS6 4SF,D,N,F,14,,WOODLEA CROFT,MEANWOOD,LEEDS,LEEDS,WEST YORKSHIRE,A,A
{1A0C5C63-DBE5-7CBE-E063-4804A8C06C96},557500,2024-05-10 00:00,LS6 4PJ,D,N,F,24,,TOWERS WAY,,LEEDS,LEEDS,WEST YORKSHIRE,A,A
{2131FCF6-B4F8-86E8-E063-4804A8C0372B},180000,2024-08-02 00:00,LS6 1RH,T,N,F,15,,AUTUMN STREET,,LEEDS,LEEDS,WEST YORKSHIRE,A,A
{1A0C5C63-D9C4-7CBE-E063-4804A8C06C96},186050,2024-02-02 00:00,LS6 1BY,T,N,F,29,,MANOR AVENUE,HEADINGLEY,LEEDS,LEEDS,WEST YORKSHIRE,A,A
{1A0C5C63-D9E1-7CBE-E063-4804A8C06C96},244000,2024-01-04 00:00,LS6 3LE,S,N,F,20,,ASH CRESCENT,,LEEDS,LEEDS,WEST YORKSHIRE,A,A
{42C129E5-8582-60A9-E063-4804A8C0C25D},210000,2024-12-17 00:00,L15 5BG,T,N,F,26,,PRINCE ALFRED ROAD,,LIVERPOOL,LIVERPOOL,MERSEYSIDE,B,A
{42C129E5-85CD-60A9-E063-4804A8C0C25D},169000,2024-10-18 00:00,L15 7JD,F,N,L,13,,POLLARD ROAD,,LIVERPOOL,LIVERPOOL,MERSEYSIDE,B,A
{42C129E5-8D94-60A9-E063-4804A8C0C25D},120000,2024-11-20 00:00,L15 1EL,T,N,F,50,,MACDONALD STREET,,LIVERPOOL,LIVERPOOL,MERSEYSIDE,B,A
{42C129E5-8DAB-60A9-E063-4804A8C0C25D},625000,2024-10-31 00:00,L15 0EQ,O,N,F,116,,LAWRENCE ROAD,,LIVERPOOL,LIVERPOOL,MERSEYSIDE,B,A
{1A0C5C63-DA14-7CBE-E063-4804A8C06C96},508500,2024-05-03 00:00,LS6 4PW,T,N,F,1,,PARKLAND TERRACE,,LEEDS,LEEDS,WEST YORKSHIRE,A,A
{1A0C5C63-DA18-7CBE-E063-4804A8C06C96},170000,2024-01-10 00:00,LS6 3LS,T,N,F,45,,WOODBRIDGE GREEN,,LEEDS,LEEDS,WEST YORKSHIRE,A,A
{1A0C5C63-DF08-7CBE-E063-4804A8C06C96},325000,2024-04-23 00:00,LS6 1DJ,S,N,F,1,,BUCKINGHAM AVENUE,HEADINGLEY,LEEDS,LEEDS,WEST YORKSHIRE,A,A
{1061746D-F6C8-3C34-E063-4804A8C0F9E7},132000,2024-01-10 00:00,M1 7AX,F,N,L,"CITY HEIGHTS, 1",APARTMENT 12,SAMUEL OGDEN STREET,,MANCHESTER,MANCHESTER,GREATER MANCHESTER,A,A
{1A0C5C63-DCC5-7CBE-E063-4804A8C06C96},232500,2024-04-22 00:00,LS6 4HR,T,N,F,3,,MONK BRIDGE AVENUE,,LEEDS,LEEDS,WEST YORKSHIRE,A,A
{1A0C5C63-DCD1-7CBE-E063-4804A8C06C96},335500,2024-05-17 00:00,LS6 3HA,S,N,F,36,,LANGDALE AVENUE,,LEEDS,LEEDS,WEST YORKSHIRE,A,A
{1061746D-F7E1-3C34-E063-4804A8C0F9E7},336300,2024-01-08 00:00,M1 2FJ,F,N,L,"JACKSONS WAREHOUSE, 20",APARTMENT 40,TARIFF STREET,,MANCHESTER,MANCHESTER,GREATER MANCHESTER,A,A
{42C129E5-85EE-60A9-E063-4804A8C0C25D},240000,2024-11-25 00:00,L15 5AL,T,N,F,5,,FOXDALE ROAD,WAVERTREE,LIVERPOOL,LIVERPOOL,MERSEYSIDE,B,A
{2131FCF6-BA42-86E8-E063-4804A8C0372B},340000,2024-04-05 00:00,LS6 4NF,S,N,F,33,,HOLMWOOD DRIVE,,LEEDS,LEEDS,WEST YORKSHIRE,A,A
{42C129E5-3DDA-60A9-E063-4804A8C0C25D},280000,2024-12-06 00:00,CF24 4LH,T,N,F,9,,LISVANE STREET,,CARDIFF,CARDIFF,CARDIFF,B,A
{2131FCF6-CF3A-86E8-E063-4804A8C0372B},250000,2024-07-26 00:00,M14 6RS,T,N,F,83,,EDGEWORTH DRIVE,,MANCHESTER,MANCHESTER,GREATER MANCHESTER,B,A
{2131FCF6-B547-86E8-E063-4804A8C0372B},550000,2024-07-24 00:00,LS6 2DX,D,N,F,19,,GROSVENOR MOUNT,,LEEDS,LEEDS,WEST YORKSHIRE,A,A
{2131FCF6-B799-86E8-E063-4804A8C0372B},95000,2024-04-05 00:00,LS6 1RB,T,N,F,8,,KELSALL AVENUE,,LEEDS,LEEDS,WEST YORKSHIRE,A,A
{1061746E-48F5-3C34-E063-4804A8C0F9E7},70000,2024-01-26 00:00,NG7 6HU,T,N,F,44,,STURTON STREET,,NOTTINGHAM,CITY OF NOTTINGHAM,CITY OF NOTTINGHAM,A,A
{2131FCF6-CF64-86E8-E063-4804A8C0372B},320000,2024-07-23 00:00,M14 4DP,T,N,F,39,,RUSKIN AVENUE,,MANCHESTER,MANCHESTER,GREATER MANCHESTER,B,A
{237B17FE-DE74-22AC-E063-4804A8C0EA3A},105000,2024-09-06 00:00,L15 1EJ,T,N,L,115,,MACDONALD STREET,,LIVERPOOL,LIVERPOOL,MERSEYSIDE,B,A
{1061746E-2F75-3C34-E063-4804A8C0F9E7},534000,2024-01-04 00:00,M14 6UQ,D,N,F,2A,,AMHERST ROAD,,MANCHESTER,MANCHESTER,GREATER MANCHESTER,A,A
{2131FCF6-B331-86E8-E063-4804A8C0372B},305000,2024-07-29 00:00,LS6 4BB,T,N,F,2,,PARK TERRACE,,LEEDS,LEEDS,WEST YORKSHIRE,A,A
{2131FCF6-B339-86E8-E063-4804A8C0372B},284100,2024-04-19 00:00,LS6 4LG,T,N,F,28,,GREENWOOD MOUNT,,LEEDS,LEEDS,WEST YORKSHIRE,A,A
{237B17FE-F1B0-22AC-E063-4804A8C0EA3A},141000,2024-05-31 00:00,CF24 2EW,T,N,F,15,,ABERYSTWYTH STREET,,CARDIFF,CARDIFF,CARDIFF,B,A
{1061746E-1767-3C34-E063-4804A8C0F9E7},175000,2024-01-10 00:00,L15 1HW,T,N,F,90,,SALISBURY ROAD,WAVERTREE,LIVERPOOL,LIVERPOOL,MERSEYSIDE,A,A
{1061746E-3411-3C34-E063-4804A8C0F9E7},210000,2024-01-05 00:00,L15 8LG,T,N,F,151,,MILL LANE,WAVERTREE,LIVERPOOL,LIVERPOOL,MERSEYSIDE,A,A
{2131FCF6-CF8B-86E8-E063-4804A8C0372B},460000,2024-04-10 00:00,M14 6XA,S,N,F,30,,EGERTON ROAD,,MANCHESTER,MANCHESTER,GREATER MANCHESTER,B,A
{12A8BAB6-622E-2125-E063-4804A8C08CC1},439000,2024-01-30 00:00,M1 5QE,F,N,L,"THE QUADRANGLE, 1",APARTMENT 210,LOWER ORMOND STREET,,MANCHESTER,MANCHESTER,GREATER MANCHESTER,A,A
{237B17FE-F1E2-22AC-E063-4804A8C0EA3A},230000,2024-05-31 00:00,CF24 1QE,O,N,F,23 - 25,,BROADWAY,,CARDIFF,CARDIFF,CARDIFF,B,A
{2131FCF6-B7D8-86E8-E063-4804A8C0372B},250000,2024-03-22 00:00,LS6 4RZ,T,N,F,2,,CARAWAY MEWS,MEANWOOD,LEEDS,LEEDS,WEST YORKSHIRE,A,A
{2131FCF6-B7DF-86E8-E063-4804A8C0372B},77000,2024-07-05 00:00,LS6 1AU,F,N,L,25,FLAT 2,EBBERSTON TERRACE,,LEEDS,LEEDS,WEST YORKSHIRE,A,A
{2131FCF6-BAAE-86E8-E063-4804A8C0372B},333000,2024-08-16 00:00,LS6 4PQ,S,N,F,123,,STONEGATE ROAD,,LEEDS,LEEDS,WEST YORKSHIRE,A,A
{237B17FE-F829-22AC-E063-4804A8C0EA3A},425000,2024-09-06 00:00,LS6 1NS,T,N,F,3,,EBOR MOUNT,,LEEDS,LEEDS,WEST YORKSHIRE,B,A
{12A8BAB6-64C2-2125-E063-4804A8C08CC1},261500,2024-01-19 00:00,L15 5BP,T,N,F,10,,EDENFIELD ROAD,,LIVERPOOL,LIVERPOOL,MERSEYSIDE,A,A
{2131FCF6-CFAE-86E8-E063-4804A8C0372B},440000,2024-04-19 00:00,M14 6RZ,S,N,F,47,,KINGSWOOD ROAD,,MANCHESTER,MANCHESTER,GREATER MANCHESTER,B,A
{12A8BAB6-658F-2125-E063-4804A8C08CC1},277000,2024-02-06 00:00,L15 9HG,T,N,F,23,,CHARLES BERRINGTON ROAD,,LIVERPOOL,LIVERPOOL,MERSEYSIDE,A,A
{237B17FE-DEA0-22AC-E063-4804A8C0EA3A},120000,2024-05-10 00:00,L15 7JP,O,N,F,26,,DUNHAM ROAD,,LIVERPOOL,LIVERPOOL,MERSEYSIDE,B,A
{237B17FE-DEAE-22AC-E063-4804A8C0EA3A},80000,2024-08-30 00:00,L15 4LF,T,N,F,73,,PICTON ROAD,WAVERTREE,LIVERPOOL,LIVERPOOL,MERSEYSIDE,B,A
{2131FCF6-B5BE-86E8-E063-4804A8C0372B},130000,2024-07-16 00:00,LS6 3EF,F,N,L,3,,QUEENSWOOD RISE,,LEEDS,LEEDS,WEST YORKSHIRE,A,A
{2131FCF6-CFDE-86E8-E063-4804A8C0372B},160000,2024-03-08 00:00,M14 6WT,F,N,L,"THE DEANSGATE, 1",FLAT 10,WHITEOAK ROAD,,MANCHESTER,MANCHESTER,GREATER MANCHESTER,B,A
{1C3E72FE-6068-F410-E063-4804A8C0DFA6},306500,2024-01-26 00:00,L15 7JE,S,N,L,57,,ABBEYSTEAD ROAD,,LIVERPOOL,LIVERPOOL,MERSEYSIDE,A,A
{2131FCF6-B1A8-86E8-E063-4804A8C0372B},155000,2024-07-26 00:00,LS6 2PL,F,N,L,25,,GROSVENOR PARK GARDENS,,LEEDS,LEEDS,WEST YORKSHIRE,A,A
{12A8BAB6-66C6-2125-E063-4804A8C08CC1},225000,2024-01-19 00:00,L15 4PW,D,N,F,7,,BONCHURCH DRIVE,,LIVERPOOL,LIVERPOOL,MERSEYSIDE,A,A
{1C3E72FE-60B0-F410-E063-4804A8C0DFA6},18000,2024-01-30 00:00,L15 2JE,T,N,F,5,,BRITANNIA AVENUE,,LIVERPOOL,LIVERPOOL,MERSEYSIDE,A,A
{1C3E72FE-60B8-F410-E063-4804A8C0DFA6},130000,2024-01-19 00:00,L15 4NG,T,N,F,19,,COLINTON STREET,,LIVERPOOL,LIVERPOOL,MERSEYSIDE,A,A
{1C3E72FE-60BC-F410-E063-4804A8C0DFA6},115000,2024-01-12 00:00,L15 4HJ,T,N,F,19,,SUNNINGDALE ROAD,,LIVERPOOL,LIVERPOOL,MERSEYSIDE,A,A
{1C3E72FE-60C4-F410-E063-4804A8C0DFA6},265000,2024-06-07 00:00,L15 7LX,S,N,L,4,,WESTWAY,WAVERTREE,LIVERPOOL,LIVERPOOL,MERSEYSIDE,A,A
{12A8BAB6-6796-2125-E063-4804A8C08CC1},248000,2024-02-16 00:00,L15 5BW,T,N,F,52,,FALLOWFIELD ROAD,,LIVERPOOL,LIVERPOOL,MERSEYSIDE,A,A
{1C3E72FE-60F4-F410-E063-4804A8C0DFA6},100000,2024-02-09 00:00,L15 2HG,T,N,F,17,,WOODCROFT ROAD,,LIVERPOOL,LIVERPOOL,MERSEYSIDE,A,A
{2131FCF6-D008-86E8-E063-4804A8C0372B},185000,2024-08-14 00:00,M1 2DQ,F,N,L,"BRIDGE HOUSE, 26",APARTMENT 10,DUCIE STREET,,MANCHESTER,MANCHESTER,GREATER MANCHESTER,B,A
{12A8BAB6-67C5-2125-E063-4804A8C08CC1},150000,2024-02-01 00:00,L15 6WA,F,N,L,23,,CHARNLEY DRIVE,WAVERTREE,LIVERPOOL,LIVERPOOL,MERSEYSIDE,A,A
{237B17FE-DEF7-22AC-E063-4804A8C0EA3A},95000,2024-08-15 00:00,L15 4HJ,T,N,F,20,,SUNNINGDALE ROAD,,LIVERPOOL,LIVERPOOL,MERSEYSIDE,B,A
{1C3E72FE-6115-F410-E063-4804A8C0DFA6},118000,2024-01-31 00:00,L15 0EY,T,N,L,35,,GROSVENOR ROAD,WAVERTREE,LIVERPOOL,LIVERPOOL,MERSEYSIDE,A,A
{1C3E72FE-611C-F410-E063-4804A8C0DFA6},100000,2024-05-15 00:00,L15 1EW,T,N,F,54,,BISHOPGATE STREET,,LIVERPOOL,LIVERPOOL,MERSEYSIDE,A,A
{1C3E72FE-6490-F410-E063-4804A8C0DFA6},294000,2024-05-28 00:00,L15 9ET,S,N,F,6,,GRANTLEY ROAD,,LIVERPOOL,LIVERPOOL,MERSEYSIDE,A,A
{1C3E72FE-6492-F410-E063-4804A8C0DFA6},180000,2024-06-07 00:00,L15 2HJ,T,N,F,24,,PORTMAN ROAD,,LIVERPOOL,LIVERPOOL,MERSEYSIDE,A,A
{1C3E72FE-66FB-F410-E063-4804A8C0DFA6},436000,2024-02-02 00:00,NE6 5QR,T,N,F,12,,SEFTON AVENUE,,NEWCASTLE UPON TYNE,NEWCASTLE UPON TYNE,TYNE AND WEAR,A,A
{2131FCF6-B603-86E8-E063-4804A8C0372B},540000,2024-07-24 00:00,LS6 4PB,S,N,F,8,,THE PADDOCK,,LEEDS,LEEDS,WEST YORKSHIRE,A,A
{12A8BAB6-7C6F-2125-E063-4804A8C08CC1},163000,2024-01-17 00:00,NG7 5PH,S,N,F,35,,MEADOW BROWN ROAD,,NOTTINGHAM,CITY OF NOTTINGHAM,CITY OF NOTTINGHAM,A,A
{12A8BAB6-5D06-2125-E063-4804A8C08CC1},70000,2024-01-12 00:00,M14 6HG,F,N,L,APPLEBY LODGE,FLAT 93,WILMSLOW ROAD,,MANCHESTER,MANCHESTER,GREATER MANCHESTER,A,A
{1C3E72FE-64B3-F410-E063-4804A8C0DFA6},240500,2024-06-03 00:00,L15 7LZ,T,N,F,8,,MEADWAY,WAVERTREE,LIVERPOOL,LIVERPOOL,MERSEYSIDE,A,A
{1C3E72FE-64B4-F410-E063-4804A8C0DFA6},250000,2024-06-11 00:00,L15 7LZ,S,N,F,42,,MEADWAY,WAVERTREE,LIVERPOOL,LIVERPOOL,MERSEYSIDE,A,A
{12A8BAB6-7CC1-2125-E063-4804A8C08CC1},110000,2024-01-11 00:00,NG7 5LD,T,N,F,28,,KENSLOW AVENUE,,NOTTINGHAM,CITY OF NOTTINGHAM,CITY OF NOTTINGHAM,A,A
{2131FCF6-C6E2-86E8-E063-4804A8C0372B},245000,2024-07-01 00:00,CF24 4NX,T,N,F,3,,DANIEL STREET,,CARDIFF,CARDIFF,CARDIFF,B,A
{2131FCF6-D00B-86E8-E063-4804A8C0372B},200000,2024-08-08 00:00,M1 6BD,F,N,L,"ASIA HOUSE, 82",311,PRINCESS STREET,,MANCHESTER,MANCHESTER,GREATER MANCHESTER,B,A
{12A8BAB6-7CCF-2125-E063-4804A8C08CC1},183000,2024-01-26 00:00,NG7 1RU,F,N,L,PARK ROCK,APARTMENT 6D,CASTLE BOULEVARD,,NOTTINGHAM,CITY OF NOTTINGHAM,CITY OF NOTTINGHAM,A,A
{237B17FE-DF1B-22AC-E063-4804A8C0EA3A},107000,2024-08-21 00:00,L15 0HQ,T,N,F,80,,BANNER STREET,,LIVERPOOL,LIVERPOOL,MERSEYSIDE,B,A
{237B17FE-DF29-22AC-E063-4804A8C0EA3A},110000,2024-09-13 00:00,L15 0HQ,T,N,F,2,,BANNER STREET,,LIVERPOOL,LIVERPOOL,MERSEYSIDE,B,A
{1C3E72FE-619B-F410-E063-4804A8C0DFA6},228000,2024-04-29 00:00,L15 3HQ,T,N,F,65,,KENMARE ROAD,,LIVERPOOL,LIVERPOOL,MERSEYSIDE,A,A
{12A8BAB6-7D74-2125-E063-4804A8C08CC1},300500,2024-01-31 00:00,NG7 1FL,F,N,L,"CASTLE POINT, 8",FLAT 15,CASTLE BOULEVARD,,NOTTINGHAM,CITY OF NOTTINGHAM,CITY OF NOTTINGHAM,A,A
{1C3E72FE-61D7-F410-E063-4804A8C0DFA6},153000,2024-05-23 00:00,L15 4HX,T,N,F,39,,SOUTHDALE ROAD,,LIVERPOOL,LIVERPOOL,MERSEYSIDE,A,A
{1C3E72FE-61EC-F410-E063-4804A8C0DFA6},170000,2024-01-26 00:00,L15 5BZ,T,N,F,64,,EARLSFIELD ROAD,,LIVERPOOL,LIVERPOOL,MERSEYSIDE,A,A
{12A8BAB6-61CC-2125-E063-4804A8C08CC1},230000,2024-01-29 00:00,M1 5QE,F,N,L,"THE QUADRANGLE, 1",APARTMENT 162,LOWER ORMOND STREET,,MANCHESTER,MANCHESTER,GREATER MANCHESTER,A,A
{12A8BAB6-61ED-2125-E063-4804A8C08CC1},110000,2024-01-26 00:00,M1 5QE,F,N,L,"THE QUADRANGLE, 1",APARTMENT 230,LOWER ORMOND STREET,,MANCHESTER,MANCHESTER,GREATER MANCHESTER,A,A
{2131FCF6-B885-86E8-E063-4804A8C0372B},335000,2024-08-05 00:00,LS6 4RH,S,N,F,9,,BENTLEY MEWS,MEANWOOD,LEEDS,LEEDS,WEST YORKSHIRE,A,A
{2131FCF6-C714-86E8-E063-4804A8C0372B},440000,2024-03-08 00:00,CF24 5PJ,O,N,L,UNIT 19-20,,NEPTUNE COURT,,CARDIFF,CARDIFF,CARDIFF,B,A
{237B17FE-DF6B-22AC-E063-4804A8C0EA3A},237500,2024-09-02 00:00,L15 3JF,T,N,F,85,,BROOKDALE ROAD,,LIVERPOOL,LIVERPOOL,MERSEYSIDE,B,A
{237B17FE-EFE2-22AC-E063-4804A8C0EA3A},385000,2024-09-11 00:00,NE6 5JT,T,N,F,6,,JESMOND VALE TERRACE,,NEWCASTLE UPON TYNE,NEWCASTLE UPON TYNE,TYNE AND WEAR,B,A
{237B17FE-EFE6-22AC-E063-4804A8C0EA3A},75000,2024-05-10 00:00,NE6 2DY,O,N,F,35,,WELBECK ROAD,,NEWCASTLE UPON TYNE,NEWCASTLE UPON TYNE,TYNE AND WEAR,B,A
{237B17FE-EFFC-22AC-E063-4804A8C0EA3A},94700,2024-05-10 00:00,NE6 1DS,O,N,F,78,,SHIELDS ROAD,,NEWCASTLE UPON TYNE,NEWCASTLE UPON TYNE,TYNE AND WEAR,B,A
{1C3E72FE-768D-F410-E063-4804A8C0DFA6},185000,2024-04-19 00:00,NG7 5NN,S,N,F,3,,CHADWICK ROAD,,NOTTINGHAM,CITY OF NOTTINGHAM,CITY OF NOTTINGHAM,A,A
{2131FCF6-B64C-86E8-E063-4804A8C0372B},500000,2024-07-12 00:00,LS6 4SJ,D,N,F,19,,WOODLEA GROVE,MEANWOOD,LEEDS,LEEDS,WEST YORKSHIRE,A,A
{1C3E72FE-7692-F410-E063-4804A8C0DFA6},210000,2024-02-09 00:00,NG7 4BQ,T,N,F,51,,SOUTHEY STREET,,NOTTINGHAM,CITY OF NOTTINGHAM,CITY OF NOTTINGHAM,A,A
{2131FCF6-BB5F-86E8-E063-4804A8C0372B},240000,2024-08-12 00:00,LS6 4LL,S,N,F,8,,SUNSET MOUNT,,LEEDS,LEEDS,WEST YORKSHIRE,A,A
{2131FCF6-C745-86E8-E063-4804A8C0372B},167000,2024-03-27 00:00,CF24 4NA,O,N,F,RICHMOND HALLS,,CRWYS ROAD,,CARDIFF,CARDIFF,CARDIFF,B,A
{2131FCF6-B438-86E8-E063-4804A8C0372B},242500,2024-07-19 00:00,LS6 1NE,T,N,F,18,,MAYVILLE PLACE,,LEEDS,LEEDS,WEST YORKSHIRE,A,A
{2131FCF6-B67A-86E8-E063-4804A8C0372B},158000,2024-02-12 00:00,LS6 4RQ,F,N,L,63,,STONE MILL COURT,,LEEDS,LEEDS,WEST YORKSHIRE,A,A
{2131FCF6-BCE8-86E8-E063-4804A8C0372B},185000,2024-01-05 00:00,LS6 3JP,T,N,F,23,,TRELAWN PLACE,,LEEDS,LEEDS,WEST YORKSHIRE,A,A
{12A8BAB6-00F5-2125-E063-4804A8C08CC1},305000,2024-02-13 00:00,CF24 4TN,T,N,F,113,,DONALD STREET,,CARDIFF,CARDIFF,CARDIFF,A,A
{2859C1AC-EAAD-52B4-E063-4804A8C05948},1000000,2024-07-29 00:00,M1 5GE,O,N,L,8,,CHESTER STREET,,MANCHESTER,MANCHESTER,GREATER MANCHESTER,B,A
{12A8BAB6-018D-2125-E063-4804A8C08CC1},150000,2024-01-08 00:00,CF24 4RA,F,N,L,26,,MONTHERMER ROAD,,CARDIFF,CARDIFF,CARDIFF,A,A
{2859C1AC-EABE-52B4-E063-4804A8C05948},245000,2024-11-14 00:00,M14 6LU,T,N,F,42,,ALBION ROAD,,MANCHESTER,MANCHESTER,GREATER MANCHESTER,B,A
{2859C1AC-EAC7-52B4-E063-4804A8C05948},171000,2024-10-30 00:00,M14 7LE,T,N,L,6,,HART ROAD,,MANCHESTER,MANCHESTER,GREATER MANCHESTER,B,A
{2859C1AC-F288-52B4-E063-4804A8C05948},918000,2024-10-18 00:00,M14 6LT,O,N,F,14,,ALBION ROAD,,MANCHESTER,MANCHESTER,GREATER MANCHESTER,B,A
{2859C1AC-F290-52B4-E063-4804A8C05948},250000,2024-11-08 00:00,L15 2HW,T,N,F,44,,EGERTON ROAD,,LIVERPOOL,LIVERPOOL,MERSEYSIDE,B,A
{12A8BAB6-01B8-2125-E063-4804A8C08CC1},250000,2024-02-05 00:00,CF24 3EH,T,N,F,10,,TALWORTH STREET,ROATH,CARDIFF,CARDIFF,CARDIFF,A,A
{2859C1AD-0113-52B4-E063-4804A8C05948},250000,2024-10-29 00:00,NG7 6BD,T,N,F,36,,BURFORD ROAD,,NOTTINGHAM,CITY OF NOTTINGHAM,CITY OF NOTTINGHAM,B,A
{12A8BAB6-0216-2125-E063-4804A8C08CC1},170000,2024-02-13 00:00,CF24 1DN,F,N,L,228A,,NEWPORT ROAD,,CARDIFF,CARDIFF,CARDIFF,A,A
{2131FCF6-B699-86E8-E063-4804A8C0372B},385000,2024-07-09 00:00,LS6 4SX,D,N,F,14,,WOODLEA LANE,MEANWOOD,LEEDS,LEEDS,WEST YORKSHIRE,A,A
{2859C1AC-EACD-52B4-E063-4804A8C05948},202500,2024-07-30 00:00,M14 7WR,O,N,F,35,,DORSET AVENUE,,MANCHESTER,MANCHESTER,GREATER MANCHESTER,B,A
{2131FCF6-C797-86E8-E063-4804A8C0372B},150000,2024-07-26 00:00,CF24 4NA,O,N,L,7,,CRWYS ROAD,,CARDIFF,CARDIFF,CARDIFF,B,A
{2859C1AC-F2B1-52B4-E063-4804A8C05948},325000,2024-11-07 00:00,L15 3JD,T,N,F,5,,JAMIESON ROAD,,LIVERPOOL,LIVERPOOL,MERSEYSIDE,B,A
{2859C1AC-F2B7-52B4-E063-4804A8C05948},95500,2024-06-28 00:00,L15 1EH,T,N,F,20,,BROADWOOD STREET,,LIVERPOOL,LIVERPOOL,MERSEYSIDE,B,A
{2859C1AC-F2C3-52B4-E063-4804A8C05948},280000,2024-10-29 00:00,L15 3JZ,S,N,F,94,,FERNDALE ROAD,WAVERTREE,LIVERPOOL,LIVERPOOL,MERSEYSIDE,B,A
{2859C1AD-0121-52B4-E063-4804A8C05948},10000,2024-03-28 00:00,NG7 3JE,O,N,L,23 - 25,,ALFRETON ROAD,,NOTTINGHAM,CITY OF NOTTINGHAM,CITY OF NOTTINGHAM,B,A
{2859C1AD-012B-52B4-E063-4804A8C05948},246000,2024-11-15 00:00,NG7 4GL,T,N,F,22,,CROMWELL STREET,,NOTTINGHAM,CITY OF NOTTINGHAM,CITY OF NOTTINGHAM,B,A
{2859C1AD-012C-52B4-E063-4804A8C05948},123000,2024-05-30 00:00,NG7 2RW,F,N,L,47,,TONNELIER ROAD,,NOTTINGHAM,CITY OF NOTTINGHAM,CITY OF NOTTINGHAM,B,A
{2131FCF6-B6C9-86E8-E063-4804A8C0372B},185000,2024-07-08 00:00,LS6 2WB,F,N,L,15,,CHERRY COURT,HEADINGLEY,LEEDS,LEEDS,WEST YORKSHIRE,A,A
{2131FCF6-BD5E-86E8-E063-4804A8C0372B},207500,2024-07-19 00:00,LS6 2DY,F,N,L,1,FLAT 3,GROSVENOR TERRACE,,LEEDS,LEEDS,WEST YORKSHIRE,A,A
{2131FCF6-C863-86E8-E063-4804A8C0372B},335000,2024-07-26 00:00,CF24 4PB,D,N,F,11,,ROBERT STREET,CATHAYS,CARDIFF,CARDIFF,CARDIFF,B,A
{12A8BAB7-00EC-2125-E063-4804A8C08CC1},130000,2024-01-26 00:00,L15 2HT,T,N,F,56,,LANGTON ROAD,WAVERTREE,LIVERPOOL,LIVERPOOL,MERSEYSIDE,B,A
{2859C1AC-F2C9-52B4-E063-4804A8C05948},165000,2024-08-23 00:00,M14 5NR,T,N,L,12,,HIBBERT STREET,,MANCHESTER,MANCHESTER,GREATER MANCHESTER,B,A
{2859C1AC-F2CD-52B4-E063-4804A8C05948},275000,2024-01-08 00:00,L15 3JL,T,N,F,427,,SMITHDOWN ROAD,,LIVERPOOL,LIVERPOOL,MERSEYSIDE,B,A
{2859C1AC-F2D9-52B4-E063-4804A8C05948},155000,2024-11-20 00:00,L15 0HJ,T,N,F,45,,TABLEY ROAD,,LIVERPOOL,LIVERPOOL,MERSEYSIDE,B,A
{2859C1AC-F2DE-52B4-E063-4804A8C05948},300000,2024-11-01 00:00,M14 6ED,O,N,F,6,,CARRINGTON ROAD,,MANCHESTER,MANCHESTER,GREATER MANCHESTER,B,A
{2859C1AC-F2E0-52B4-E063-4804A8C05948},185000,2024-11-14 00:00,L15 0HT,T,N,F,87,,BAGOT STREET,,LIVERPOOL,LIVERPOOL,MERSEYSIDE,B,A
{2859C1AD-0183-52B4-E063-4804A8C05948},422500,2024-10-18 00:00,NG7 2DS,S,N,F,7,,DEVONSHIRE PROMENADE,,NOTTINGHAM,CITY OF NOTTINGHAM,CITY OF NOTTINGHAM,B,A
{2859C1AD-0191-52B4-E063-4804A8C05948},100000,2024-11-15 00:00,NG7 5EE,T,N,F,3,,RUGBY TERRACE,,NOTTINGHAM,CITY OF NOTTINGHAM,CITY OF NOTTINGHAM,B,A
{2859C1AD-0193-52B4-E063-4804A8C05948},340000,2024-07-12 00:00,NG7 2FQ,T,N,F,79,,LENTON BOULEVARD,,NOTTINGHAM,CITY OF NOTTINGHAM,CITY OF NOTTINGHAM,B,A
{1C3E72FE-C46B-F410-E063-4804A8C0DFA6},247700,2024-04-11 00:00,CF24 2LR,T,N,F,190,,MOORLAND ROAD,,CARDIFF,CARDIFF,CARDIFF,A,A
{2131FCF6-B29F-86E8-E063-4804A8C0372B},555000,2024-07-12 00:00,LS6 3QF,S,N,F,5,,ST CHADS AVENUE,,LEEDS,LEEDS,WEST YORKSHIRE,A,A
{1C3E72FE-C4A9-F410-E063-4804A8C0DFA6},235000,2024-02-26 00:00,CF24 4DD,T,N,F,109,,RICHARDS STREET,,CARDIFF,CARDIFF,CARDIFF,A,A
{12A8BAB6-F896-2125-E063-4804A8C08CC1},316250,2024-02-08 00:00,M14 6LS,T,N,F,71,,CAWDOR ROAD,,MANCHESTER,MANCHESTER,GREATER MANCHESTER,B,A
{12A8BAB6-F8BE-2125-E063-4804A8C08CC1},81000,2024-02-15 00:00,M14 4RU,T,N,F,161,,HARTINGTON STREET,,MANCHESTER,MANCHESTER,GREATER MANCHESTER,B,A
{2859C1AC-EB28-52B4-E063-4804A8C05948},112900,2024-06-21 00:00,M14 6UZ,F,N,L,55,FLAT 5,EGERTON ROAD,,MANCHESTER,MANCHESTER,GREATER MANCHESTER,B,A
{12A8BAB6-F1EE-2125-E063-4804A8C08CC1},235000,2024-01-08 00:00,M14 5HL,T,N,F,4,,HALL ROAD,,MANCHESTER,MANCHESTER,GREATER MANCHESTER,B,A
{1C3E72FE-BFF0-F410-E063-4804A8C0DFA6},245000,2024-02-19 00:00,CF24 4JZ,T,N,F,61,,CWMDARE STREET,,CARDIFF,CARDIFF,CARDIFF,A,A
{12A8BAB7-04F1-2125-E063-4804A8C08CC1},450000,2024-01-30 00:00,NG7 1NN,T,N,F,7,,ASHBOURNE STREET,,NOTTINGHAM,CITY OF NOTTINGHAM,CITY OF NOTTINGHAM,B,A
{12A8BAB7-0501-2125-E063-4804A8C08CC1},167250,2024-01-12 00:00,NG7 1GZ,T,N,F,15,,CECIL STREET,,NOTTINGHAM,CITY OF NOTTINGHAM,CITY OF NOTTINGHAM,B,A
{12A8BAB7-0505-2125-E063-4804A8C08CC1},303000,2024-02-15 00:00,NG7 2EF,S,N,F,7,,HINCHIN BROOK,LENTON,NOTTINGHAM,CITY OF NOTTINGHAM,CITY OF NOTTINGHAM,B,A
{1C3E72FE-C2A5-F410-E063-4804A8C0DFA6},306250,2024-05-24 00:00,CF24 1DR,T,N,F,7,,STACEY ROAD,,CARDIFF,CARDIFF,CARDIFF,A,A
{2131FCF6-B6FF-86E8-E063-4804A8C0372B},350000,2024-08-02 00:00,LS6 4NZ,T,N,F,21,,PENNYFIELD CLOSE,,LEEDS,LEEDS,WEST YORKSHIRE,A,A
{12A8BAB7-050E-2125-E063-4804A8C08CC1},101000,2024-01-18 00:00,NG7 4HE,T,N,F,89,,PORTLAND ROAD,,NOTTINGHAM,CITY OF NOTTINGHAM,CITY OF NOTTINGHAM,B,A
{2859C1AC-EB3A-52B4-E063-4804A8C05948},155000,2024-02-26 00:00,M14 7HX,T,N,F,14,,BURDITH AVENUE,,MANCHESTER,MANCHESTER,GREATER MANCHESTER,B,A
{2859C1AC-EB3D-52B4-E063-4804A8C05948},470000,2024-10-17 00:00,M14 7AZ,T,N,F,15,,PLATTBROOK CLOSE,,MANCHESTER,MANCHESTER,GREATER MANCHESTER,B,A
{1C3E72FE-C2D6-F410-E063-4804A8C0DFA6},237000,2024-03-07 00:00,CF24 4JJ,T,N,F,20,,MERTHYR STREET,CATHAYS,CARDIFF,CARDIFF,CARDIFF,A,A
{12A8BAB7-05C8-2125-E063-4804A8C08CC1},96000,2024-02-07 00:00,NG7 7EN,T,N,F,4,,CHELMSFORD TERRACE,,NOTTINGHAM,CITY OF NOTTINGHAM,CITY OF NOTTINGHAM,B,A
{12A8BAB6-F2C7-2125-E063-4804A8C08CC1},193000,2024-01-25 00:00,M14 7NS,T,N,F,203,,THORNTON ROAD,,MANCHESTER,MANCHESTER,GREATER MANCHESTER,B,A
{12A8BAB6-F2CC-2125-E063-4804A8C08CC1},110000,2024-02-20 00:00,M1 1EL,F,N,L,27A,,HILTON STREET,,MANCHESTER,MANCHESTER,GREATER MANCHESTER,B,A
{12A8BAB6-F319-2125-E063-4804A8C08CC1},215000,2024-02-12 00:00,M1 5GF,F,N,L,"CAMBRIDGE MILL, 5",FLAT 3,CAMBRIDGE STREET,,MANCHESTER,MANCHESTER,GREATER MANCHESTER,B,A
{2131FCF6-CEF3-86E8-E063-4804A8C0372B},375000,2024-08-01 00:00,M14 6LW,T,N,F,25,,MABFIELD ROAD,,MANCHESTER,MANCHESTER,GREATER MANCHESTER,B,A
{12A8BAB7-11C6-2125-E063-4804A8C08CC1},110000,2024-01-23 00:00,NE6 1BY,F,N,L,OUSEBURN WHARF,9,ST LAWRENCE ROAD,,NEWCASTLE UPON TYNE,NEWCASTLE UPON TYNE,TYNE AND WEAR,B,A
{12A8BAB7-11EA-2125-E063-4804A8C08CC1},147500,2024-02-12 00:00,NE6 1JT,O,N,F,8,,HANNINGTON STREET,,NEWCASTLE UPON TYNE,NEWCASTLE UPON TYNE,TYNE AND WEAR,B,A
{2131FCF6-963C-86E8-E063-4804A8C0372B},475000,2024-07-19 00:00,CF24 4AU,S,N,F,22,,RUTHIN GARDENS,,CARDIFF,CARDIFF,CARDIFF,A,A
{2131FCF6-9AF3-86E8-E063-4804A8C0372B},217000,2024-03-15 00:00,CF24 4RU,T,N,F,43,,INVERNESS PLACE,,CARDIFF,CARDIFF,CARDIFF,A,A
{12A8BAB7-1275-2125-E063-4804A8C08CC1},260000,2024-01-05 00:00,CF24 4NX,S,N,F,20,,DANIEL STREET,,CARDIFF,CARDIFF,CARDIFF,B,A
{12A8BAB7-1280-2125-E063-4804A8C08CC1},310000,2024-01-31 00:00,CF24 4QD,T,N,F,77,,MALEFANT STREET,,CARDIFF,CARDIFF,CARDIFF,B,A
{2859C1AC-EB62-52B4-E063-4804A8C05948},165000,2024-10-21 00:00,M14 5HZ,T,N,L,145A,,DICKENSON ROAD,,MANCHESTER,MANCHESTER,GREATER MANCHESTER,B,A
{12A8BAB7-1313-2125-E063-4804A8C08CC1},143000,2024-02-08 00:00,CF24 1NW,T,N,F,72,,CECIL STREET,ROATH,CARDIFF,CARDIFF,CARDIFF,B,A
{12A8BAB6-FCF3-2125-E063-4804A8C08CC1},168000,2024-01-26 00:00,M14 7SH,F,N,L,2,FLAT 310,BLUE MOON WAY,,MANCHESTER,MANCHESTER,GREATER MANCHESTER,B,A
{12A8BAB7-1340-2125-E063-4804A8C08CC1},340000,2024-02-07 00:00,CF24 4GG,T,N,F,89,,PEN Y WAIN ROAD,,CARDIFF,CARDIFF,CARDIFF,B,A
{12A8BAB6-FF94-2125-E063-4804A8C08CC1},145000,2024-01-19 00:00,L15 2HY,T,N,F,111,,CRANBORNE ROAD,,LIVERPOOL,LIVERPOOL,MERSEYSIDE,B,A
{12A8BAB6-FFAC-2125-E063-4804A8C08CC1},75000,2024-01-31 00:00,L15 0HF,T,N,F,42,,BLIGH STREET,,LIVERPOOL,LIVERPOOL,MERSEYSIDE,B,A
{1C3E72FE-C164-F410-E063-4804A8C0DFA6},190000,2024-04-30 00:00,CF24 1QS,T,N,F,15,,BLANCHE STREET,,CARDIFF,CARDIFF,CARDIFF,A,A
{1061746E-F343-3C34-E063-4804A8C0F9E7},800000,2024-01-19 00:00,LS6 1AP,T,N,F,23,,MOORLAND AVENUE,,LEEDS,LEEDS,WEST YORKSHIRE,B,A
{1061746E-F348-3C34-E063-4804A8C0F9E7},275000,2024-01-24 00:00,LS6 4ET,T,N,F,53,,HIGHBURY TERRACE,,LEEDS,LEEDS,WEST YORKSHIRE,B,A
{2859C1AC-F35C-52B4-E063-4804A8C05948},252500,2024-07-19 00:00,M14 6PQ,T,N,F,101,,BRAEMAR ROAD,,MANCHESTER,MANCHESTER,GREATER MANCHESTER,B,A
{2859C1AC-FA13-52B4-E063-4804A8C05948},300000,2024-02-19 00:00,L15 0EE,O,N,F,15 - 17,FLAT,LAWRENCE ROAD,,LIVERPOOL,LIVERPOOL,MERSEYSIDE,B,A
{2859C1AC-FA21-52B4-E063-4804A8C05948},155000,2024-11-08 00:00,L15 0HT,T,N,F,99,,BAGOT STREET,,LIVERPOOL,LIVERPOOL,MERSEYSIDE,B,A
{1C3E72FE-C18F-F410-E063-4804A8C0DFA6},130000,2024-02-26 00:00,CF24 0HT,T,N,F,3,,PRINCE LEOPOLD STREET,,CARDIFF,CARDIFF,CARDIFF,A,A
{1C3E72FE-C1A1-F410-E063-4804A8C0DFA6},220000,2024-05-16 00:00,CF24 3HF,T,N,F,83,,CYFARTHFA STREET,,CARDIFF,CARDIFF,CARDIFF,A,A
{1C3E72FE-C40B-F410-E063-4804A8C0DFA6},175000,2024-05-17 00:00,CF24 2EW,T,N,F,6,,ABERYSTWYTH STREET,,CARDIFF,CARDIFF,CARDIFF,A,A
{36A61A94-C646-DEF2-E063-4704A8C046AE},127000,2024-06-21 00:00,L15 8GD,F,N,L,44,,DAVENHAM COURT,,LIVERPOOL,LIVERPOOL,MERSEYSIDE,A,A
{1C3E72FE-C1B4-F410-E063-4804A8C0DFA6},232000,2024-06-07 00:00,CF24 2BH,T,N,F,12,,ADELINE STREET,,CARDIFF,CARDIFF,CARDIFF,A,A
{2859C1AC-E0D8-52B4-E063-4804A8C05948},256100,2024-10-25 00:00,CF24 2DG,F,N,L,10,FLAT 1,RAILWAY STREET,,CARDIFF,CARDIFF,CARDIFF,B,A
{1061746E-DE4A-3C34-E063-4804A8C0F9E7},180000,2024-01-05 00:00,NG7 2PJ,T,N,F,9,,WARWICK STREET,,NOTTINGHAM,CITY OF NOTTINGHAM,CITY OF NOTTINGHAM,B,A
{1061746E-DE51-3C34-E063-4804A8C0F9E7},335000,2024-01-26 00:00,NG7 2FQ,T,N,F,69,,LENTON BOULEVARD,,NOTTINGHAM,CITY OF NOTTINGHAM,CITY OF NOTTINGHAM,B,A
{1061746E-DE60-3C34-E063-4804A8C0F9E7},160000,2024-01-19 00:00,NG7 5PH,S,N,F,18,,MEADOW BROWN ROAD,,NOTTINGHAM,CITY OF NOTTINGHAM,CITY OF NOTTINGHAM,B,A
{2859C1AC-E0E5-52B4-E063-4804A8C05948},160000,2024-11-13 00:00,CF24 1PY,T,N,F,9,,SAPPHIRE STREET,,CARDIFF,CARDIFF,CARDIFF,B,A
{2859C1AC-EBA1-52B4-E063-4804A8C05948},285000,2024-04-06 00:00,M1 5ND,F,N,L,23,FLAT 2,WHITWORTH STREET WEST,,MANCHESTER,MANCHESTER,GREATER MANCHESTER,B,A
{1061746E-AF74-3C34-E063-4804A8C0F9E7},446000,2024-01-16 00:00,LS6 4PQ,S,N,F,141,,STONEGATE ROAD,,LEEDS,LEEDS,WEST YORKSHIRE,A,A
{2859C1AC-FA2E-52B4-E063-4804A8C05948},100000,2024-10-08 00:00,L15 4NB,T,N,F,35,,EDINGTON STREET,,LIVERPOOL,LIVERPOOL,MERSEYSIDE,B,A
{2859C1AC-FA3E-52B4-E063-4804A8C05948},85000,2024-10-31 00:00,L15 4NE,T,N,F,5,,OLTON STREET,,LIVERPOOL,LIVERPOOL,MERSEYSIDE,B,A
{36A61A94-C0A7-DEF2-E063-4704A8C046AE},398000,2024-12-05 00:00,M1 3AR,F,Y,L,"CARDING BUILDING, 42",FLAT 105,WHITWORTH STREET,,MANCHESTER,MANCHESTER,GREATER MANCHESTER,A,A
{36A61A94-C0FC-DEF2-E063-4704A8C046AE},133000,2024-02-29 00:00,M14 5AT,F,N,L,13,,HYTHE CLOSE,,MANCHESTER,MANCHESTER,GREATER MANCHESTER,A,A
{1061746E-CABE-3C34-E063-4804A8C0F9E7},235000,2024-01-10 00:00,M14 6YN,T,N,F,8,,WESTBOURNE ROAD,,MANCHESTER,MANCHESTER,GREATER MANCHESTER,B,A
{1061746E-CB20-3C34-E063-4804A8C0F9E7},125000,2024-01-19 00:00,M14 6RD,F,N,L,"LADYBARN COURT, 103",FLAT 1,EGERTON ROAD,,MANCHESTER,MANCHESTER,GREATER MANCHESTER,B,A
{1061746E-CB5A-3C34-E063-4804A8C0F9E7},290000,2024-01-18 00:00,M14 6YF,T,N,F,23,,CEDAR GROVE,,MANCHESTER,MANCHESTER,GREATER MANCHESTER,B,A
{152AB733-9E10-E651-E063-4704A8C061D9},212100,2024-03-22 00:00,CF24 4NW,T,N,F,159,,WOODVILLE ROAD,,CARDIFF,CARDIFF,CARDIFF,A,A
{152AB733-9F95-E651-E063-4704A8C061D9},60000,2024-02-09 00:00,CF24 3FX,F,N,L,STEPHENSON COURT,FLAT 4,WORDSWORTH AVENUE,,CARDIFF,CARDIFF,CARDIFF,A,A
{1061746E-B387-3C34-E063-4804A8C0F9E7},201000,2024-01-09 00:00,LS6 4PY,S,N,F,25,,KING ALFREDS WALK,,LEEDS,LEEDS,WEST YORKSHIRE,A,A
{2859C1AC-EBDD-52B4-E063-4804A8C05948},450000,2024-10-30 00:00,M14 5LZ,S,N,L,43,,DENISON ROAD,,MANCHESTER,MANCHESTER,GREATER MANCHESTER,B,A
{2859C1AC-EBE2-52B4-E063-4804A8C05948},250000,2024-11-05 00:00,M14 5TE,T,N,F,26,,RUSHOLME PLACE,,MANCHESTER,MANCHESTER,GREATER MANCHESTER,B,A
{2859C1AC-F3B1-52B4-E063-4804A8C05948},190000,2024-07-17 00:00,M14 4TU,T,N,F,170,,CLAREMONT ROAD,,MANCHESTER,MANCHESTER,GREATER MANCHESTER,B,A
{2859C1AC-FA49-52B4-E063-4804A8C05948},215000,2024-11-20 00:00,L15 3HF,T,N,F,82,,AVONDALE ROAD,,LIVERPOOL,LIVERPOOL,MERSEYSIDE,B,A
{2859C1AC-FA4D-52B4-E063-4804A8C05948},75000,2024-11-13 00:00,L15 1EQ,T,N,L,116,,METHUEN STREET,,LIVERPOOL,LIVERPOOL,MERSEYSIDE,B,A
{2859C1AC-FA66-52B4-E063-4804A8C05948},220000,2024-10-17 00:00,L15 5AU,T,N,F,6,,WEARDALE ROAD,,LIVERPOOL,LIVERPOOL,MERSEYSIDE,B,A
{36A61A94-BD2C-DEF2-E063-4704A8C046AE},215000,2024-11-08 00:00,M1 2BH,F,N,L,"QUANTUM, 4",APARTMENT 63,CHAPELTOWN STREET,,MANCHESTER,MANCHESTER,GREATER MANCHESTER,A,A
{36A61A94-BD3A-DEF2-E063-4704A8C046AE},185000,2024-06-14 00:00,M1 1EU,F,N,L,72 - 76,APARTMENT 45,NEWTON STREET,,MANCHESTER,MANCHESTER,GREATER MANCHESTER,A,A
{36A61A94-C703-DEF2-E063-4704A8C046AE},28000,2024-08-29 00:00,L15 8JJ,F,N,L,31,FLAT 5,SOUTH DRIVE,WAVERTREE,LIVERPOOL,LIVERPOOL,MERSEYSIDE,A,A
{152AB733-9E86-E651-E063-4704A8C061D9},85000,2024-03-05 00:00,CF24 5FB,F,N,L,12,,MOORHEAD CLOSE,SPLOTT,CARDIFF,CARDIFF,CARDIFF,A,A
{1061746E-EC7F-3C34-E063-4804A8C0F9E7},260000,2024-01-17 00:00,CF24 4EX,T,N,F,42,,MAY STREET,,CARDIFF,CARDIFF,CARDIFF,B,A
{2859C1AC-F3CB-52B4-E063-4804A8C05948},300000,2024-11-22 00:00,M14 6DB,S,N,F,33,,MORNINGTON CRESCENT,,MANCHESTER,MANCHESTER,GREATER MANCHESTER,B,A
{152AB733-9E90-E651-E063-4704A8C061D9},133500,2024-02-23 00:00,CF24 2LL,F,N,L,THE MOORLANDS,4,MOORLAND ROAD,,CARDIFF,CARDIFF,CARDIFF,A,A
{2859C1AC-FA7D-52B4-E063-4804A8C05948},265000,2024-11-05 00:00,L15 4LJ,O,N,F,116,,PICTON ROAD,WAVERTREE,LIVERPOOL,LIVERPOOL,MERSEYSIDE,B,A
{2859C1AD-003C-52B4-E063-4804A8C05948},250000,2024-07-18 00:00,NG7 6GJ,O,N,F,UNIT 2,,SHIPSTONE STREET,,NOTTINGHAM,CITY OF NOTTINGHAM,CITY OF NOTTINGHAM,B,A
{2859C1AD-003F-52B4-E063-4804A8C05948},136300,2024-09-10 00:00,NG7 7GQ,T,N,F,42,,EKOWE STREET,,NOTTINGHAM,CITY OF NOTTINGHAM,CITY OF NOTTINGHAM,B,A
{36A61A94-BD9C-DEF2-E063-4704A8C046AE},310000,2024-07-26 00:00,M1 2HN,F,N,L,"FINLAY WAREHOUSE, 56",FLAT 18,DALE STREET,,MANCHESTER,MANCHESTER,GREATER MANCHESTER,A,A
{1061746E-D8ED-3C34-E063-4804A8C0F9E7},190000,2024-01-08 00:00,L15 2HR,T,N,F,10,,GRANVILLE ROAD,WAVERTREE,LIVERPOOL,LIVERPOOL,MERSEYSIDE,B,A
{1061746E-D8FC-3C34-E063-4804A8C0F9E7},310000,2024-01-08 00:00,L15 5AF,T,N,F,549,,SMITHDOWN ROAD,,LIVERPOOL,LIVERPOOL,MERSEYSIDE,B,A
{1061746E-D949-3C34-E063-4804A8C0F9E7},73000,2024-01-11 00:00,L15 1EE,T,N,F,38,,PLUMER STREET,,LIVERPOOL,LIVERPOOL,MERSEYSIDE,B,A
{1061746E-F1A3-3C34-E063-4804A8C0F9E7},245000,2024-01-25 00:00,LS6 1LD,T,N,F,62,,HAROLD TERRACE,,LEEDS,LEEDS,WEST YORKSHIRE,B,A
{1061746E-F233-3C34-E063-4804A8C0F9E7},110000,2024-01-24 00:00,LS6 1PG,T,N,F,34,,HAROLD TERRACE,,LEEDS,LEEDS,WEST YORKSHIRE,B,A
{1061746E-F23F-3C34-E063-4804A8C0F9E7},160000,2024-01-11 00:00,LS6 1JF,T,N,F,4,,ELIZABETH STREET,,LEEDS,LEEDS,WEST YORKSHIRE,B,A
{2859C1AC-FAB3-52B4-E063-4804A8C05948},190000,2024-10-29 00:00,L15 2HT,T,N,F,92,,LANGTON ROAD,WAVERTREE,LIVERPOOL,LIVERPOOL,MERSEYSIDE,B,A
{2859C1AD-004A-52B4-E063-4804A8C05948},130000,2024-10-18 00:00,NG7 5LB,T,N,F,34,,HAZELWOOD ROAD,,NOTTINGHAM,CITY OF NOTTINGHAM,CITY OF NOTTINGHAM,B,A
{2859C1AD-004C-52B4-E063-4804A8C05948},420000,2024-11-01 00:00,NG7 1JW,S,N,F,126,,ROLLESTON DRIVE,,NOTTINGHAM,CITY OF NOTTINGHAM,CITY OF NOTTINGHAM,B,A
{2859C1AD-0058-52B4-E063-4804A8C05948},310000,2024-10-23 00:00,NG7 1LA,S,N,F,184,,ROLLESTON DRIVE,,NOTTINGHAM,CITY OF NOTTINGHAM,CITY OF NOTTINGHAM,B,A
{2859C1AD-005C-52B4-E063-4804A8C05948},358000,2024-10-07 00:00,NG7 1NY,T,N,F,21,,BALFOUR ROAD,,NOTTINGHAM,CITY OF NOTTINGHAM,CITY OF NOTTINGHAM,B,A
{36A61A94-8C59-DEF2-E063-4704A8C046AE},215000,2024-02-23 00:00,M1 3HW,F,N,L,"LEXINGTON, 42",FLAT 14,CHORLTON STREET,,MANCHESTER,MANCHESTER,GREATER MANCHESTER,A,A
{2859C1AC-FAD3-52B4-E063-4804A8C05948},90000,2024-10-10 00:00,L15 8JT,F,N,L,2,,MABERLEY VIEW,WAVERTREE,LIVERPOOL,LIVERPOOL,MERSEYSIDE,B,A
{2859C1AC-FAE0-52B4-E063-4804A8C05948},120000,2024-10-04 00:00,L15 1EW,T,N,F,22,,BISHOPGATE STREET,,LIVERPOOL,LIVERPOOL,MERSEYSIDE,B,A
{2859C1AD-006F-52B4-E063-4804A8C05948},400000,2024-10-29 00:00,NG7 2JL,D,N,F,76,,CITY ROAD,,NOTTINGHAM,CITY OF NOTTINGHAM,CITY OF NOTTINGHAM,B,A
{2859C1AD-0070-52B4-E063-4804A8C05948},143000,2024-10-30 00:00,NG7 6AY,T,N,F,191,,BURFORD ROAD,,NOTTINGHAM,CITY OF NOTTINGHAM,CITY OF NOTTINGHAM,B,A
{2859C1AD-0075-52B4-E063-4804A8C05948},455000,2024-02-16 00:00,NG7 4AW,O,N,F,"WELLESLEY HOUSE, 36",,LAWSON STREET,,NOTTINGHAM,CITY OF NOTTINGHAM,CITY OF NOTTINGHAM,B,A
{36A61A94-BE81-DEF2-E063-4704A8C046AE},220000,2024-03-26 00:00,M1 2NH,F,N,L,26,,THOMAS TELFORD BASIN,,MANCHESTER,MANCHESTER,GREATER MANCHESTER,A,A
{36A61A94-BECD-DEF2-E063-4704A8C046AE},280000,2024-02-19 00:00,M1 2EY,F,Y,L,72,FLAT 208,CHAPELTOWN STREET,,MANCHESTER,MANCHESTER,GREATER MANCHESTER,A,A
{36A61A94-C7CC-DEF2-E063-4704A8C046AE},270000,2024-07-12 00:00,L15 8HS,F,N,L,"GROVE MANOR, 21A",APARTMENT 8,CHESTNUT GROVE,WAVERTREE,LIVERPOOL,LIVERPOOL,MERSEYSIDE,A,A
{36A61A94-8D1B-DEF2-E063-4704A8C046AE},293000,2024-06-07 00:00,M1 2DS,F,N,L,"JUNCTION HOUSE, 16",APARTMENT 12,JUTLAND STREET,,MANCHESTER,MANCHESTER,GREATER MANCHESTER,A,A
{2859C1AD-009A-52B4-E063-4804A8C05948},176000,2024-11-11 00:00,NG7 6PN,T,N,F,42,,LAURIE AVENUE,,NOTTINGHAM,CITY OF NOTTINGHAM,CITY OF NOTTINGHAM,B,A
{2859C1AD-00A7-52B4-E063-4804A8C05948},115000,2024-10-21 00:00,NG7 7LR,T,N,F,71,,BEECH AVENUE,NEW BASFORD,NOTTINGHAM,CITY OF NOTTINGHAM,CITY OF NOTTINGHAM,B,A
{2859C1AC-EA3C-52B4-E063-4804A8C05948},200000,2024-10-18 00:00,M14 7LT,T,N,F,207,,PRINCESS ROAD,,MANCHESTER,MANCHESTER,GREATER MANCHESTER,B,A
{2859C1AC-EA50-52B4-E063-4804A8C05948},160000,2024-10-16 00:00,M14 5GL,F,N,L,"FAIRFIELD COURT, 78",FLAT 28,DAISY BANK ROAD,,MANCHESTER,MANCHESTER,GREATER MANCHESTER,B,A
{2859C1AD-00B7-52B4-E063-4804A8C05948},435000,2024-10-08 00:00,NG7 4DT,T,N,F,44,,BURNS STREET,,NOTTINGHAM,CITY OF NOTTINGHAM,CITY OF NOTTINGHAM,B,A
{2859C1AD-00C5-52B4-E063-4804A8C05948},360000,2024-07-24 00:00,NG7 2DT,T,N,F,107,,CYCLE ROAD,,NOTTINGHAM,CITY OF NOTTINGHAM,CITY OF NOTTINGHAM,B,A
{34222872-E3C3-4D2B-E063-4704A8C07853},240000,2024-07-22 00:00,NE6 5TJ,S,N,F,3,,DEBDON GARDENS,,NEWCASTLE UPON TYNE,NEWCASTLE UPON TYNE,TYNE AND WEAR,A,A
{34222872-E3C7-4D2B-E063-4704A8C07853},216500,2024-11-08 00:00,NE6 5BY,T,N,F,1,,SPENCER STREET,,NEWCASTLE UPON TYNE,NEWCASTLE UPON TYNE,TYNE AND WEAR,A,A
{34222872-E407-4D2B-E063-4704A8C07853},165000,2024-12-20 00:00,CF24 2PZ,S,N,F,163,,CLYDESMUIR ROAD,,CARDIFF,CARDIFF,CARDIFF,A,A
{2859C1AC-EA61-52B4-E063-4804A8C05948},160000,2024-06-11 00:00,M14 4RW,T,N,F,18,,HARTINGTON STREET,,MANCHESTER,MANCHESTER,GREATER MANCHESTER,B,A
{34222873-09D9-4D2B-E063-4704A8C07853},172000,2024-12-02 00:00,LS6 1ET,T,N,F,39,,WELTON MOUNT,,LEEDS,LEEDS,WEST YORKSHIRE,A,A
{2859C1AD-00D9-52B4-E063-4804A8C05948},118500,2024-10-31 00:00,NG7 1LR,F,N,L,"THE CIGAR FACTORY, 158",FLAT 16,DERBY ROAD,,NOTTINGHAM,CITY OF NOTTINGHAM,CITY OF NOTTINGHAM,B,A
{1EAE3DF6-B6DA-9EB1-E063-4704A8C09D02},210000,2024-04-25 00:00,M1 2BQ,F,N,L,"QUANTUM, 6",APARTMENT 105,CHAPELTOWN STREET,,MANCHESTER,MANCHESTER,GREATER MANCHESTER,A,A
{2859C1AC-F275-52B4-E063-4804A8C05948},100000,2024-09-19 00:00,L15 1EU,T,N,F,9,,VICTOR STREET,,LIVERPOOL,LIVERPOOL,MERSEYSIDE,B,A
{2859C1AD-1777-52B4-E063-4804A8C05948},232500,2024-02-28 00:00,LS6 2LB,T,N,F,10,,CLARKSON VIEW,,LEEDS,LEEDS,WEST YORKSHIRE,B,A
{34222872-E46F-4D2B-E063-4704A8C07853},210000,2024-11-14 00:00,CF24 3HB,T,N,F,73,,UPPER KINCRAIG STREET,ROATH,CARDIFF,CARDIFF,CARDIFF,A,A
{12A8BAB7-17AD-2125-E063-4804A8C08CC1},347500,2024-02-09 00:00,LS6 1NG,T,N,F,34,,WALMSLEY ROAD,,LEEDS,LEEDS,WEST YORKSHIRE,B,A
{12A8BAB7-17E3-2125-E063-4804A8C08CC1},151750,2024-02-09 00:00,LS6 3JF,O,N,F,2,,ASH ROAD,,LEEDS,LEEDS,WEST YORKSHIRE,B,A
{2859C1AD-105E-52B4-E063-4804A8C05948},400000,2024-07-31 00:00,CF24 5FX,O,N,F,2,,PORTMANMOOR ROAD,,CARDIFF,CARDIFF,CARDIFF,B,A
{34222873-2B4A-4D2B-E063-4704A8C07853},63800,2024-11-08 00:00,L15 0HE,T,N,F,27,,BLIGH STREET,,LIVERPOOL,LIVERPOOL,MERSEYSIDE,B,A
{12A8BAB7-1937-2125-E063-4804A8C08CC1},150000,2024-01-30 00:00,LS6 4FL,F,N,L,"NORTHGATE HOUSE, 35",FLAT 44,STONEGATE ROAD,,LEEDS,LEEDS,WEST YORKSHIRE,B,A
{12A8BAB7-19F2-2125-E063-4804A8C08CC1},61000,2024-01-22 00:00,LS6 2FD,F,N,L,TRINITY HALL,FLAT 71,HOLBORN APPROACH,,LEEDS,LEEDS,WEST YORKSHIRE,B,A
{2859C1AD-1076-52B4-E063-4804A8C05948},335000,2024-10-30 00:00,CF24 4RS,T,N,F,168,,MACKINTOSH PLACE,,CARDIFF,CARDIFF,CARDIFF,B,A
{34222873-1EEA-4D2B-E063-4704A8C07853},167000,2024-07-30 00:00,M14 7WP,T,N,F,34,,LOWTHORPE STREET,,MANCHESTER,MANCHESTER,GREATER MANCHESTER,B,A
{34222873-2B92-4D2B-E063-4704A8C07853},250000,2024-02-06 00:00,L15 3HX,T,N,F,MOSTYN HALL,5,GAINSBOROUGH ROAD,,LIVERPOOL,LIVERPOOL,MERSEYSIDE,B,A
{34222872-E565-4D2B-E063-4704A8C07853},200000,2024-11-04 00:00,CF24 4RU,T,N,F,37,,INVERNESS PLACE,,CARDIFF,CARDIFF,CARDIFF,A,A
{34222872-DFC0-4D2B-E063-4704A8C07853},135000,2024-07-10 00:00,NE6 5LF,F,N,L,109,,SIMONSIDE TERRACE,,NEWCASTLE UPON TYNE,NEWCASTLE UPON TYNE,TYNE AND WEAR,B,A
{34222873-0B5D-4D2B-E063-4704A8C07853},265000,2024-05-03 00:00,LS6 4AT,T,N,F,18,,BENTLEY GROVE,,LEEDS,LEEDS,WEST YORKSHIRE,A,A
{34222873-05A6-4D2B-E063-4704A8C07853},353000,2024-08-22 00:00,LS6 4EH,T,N,F,24,,BROOKFIELD PLACE,,LEEDS,LEEDS,WEST YORKSHIRE,A,A
{34222873-05B8-4D2B-E063-4704A8C07853},227000,2024-07-04 00:00,LS6 4EX,T,N,F,6,,HIGHBURY ROAD,,LEEDS,LEEDS,WEST YORKSHIRE,A,A
{2859C1AD-10D9-52B4-E063-4804A8C05948},285000,2024-07-08 00:00,CF24 4BP,T,N,F,58,,THESIGER STREET,,CARDIFF,CARDIFF,CARDIFF,B,A
{2859C1AD-10DC-52B4-E063-4804A8C05948},220000,2024-03-22 00:00,CF24 0HH,T,N,F,101,,ANDERSON PLACE,,CARDIFF,CARDIFF,CARDIFF,B,A
{2859C1AD-10E6-52B4-E063-4804A8C05948},312000,2024-09-30 00:00,CF24 4DA,T,N,F,26,,RICHARDS STREET,,CARDIFF,CARDIFF,CARDIFF,B,A
{34222873-0B86-4D2B-E063-4704A8C07853},420000,2024-05-31 00:00,LS6 2DD,F,N,L,"HEADINGLEY HALL, 5",APARTMENT 15,SHIRE OAK ROAD,,LEEDS,LEEDS,WEST YORKSHIRE,A,A
{2131FCF6-3C19-86E8-E063-4804A8C0372B},140000,2024-07-23 00:00,L15 3HX,T,N,F,79,,GAINSBOROUGH ROAD,,LIVERPOOL,LIVERPOOL,MERSEYSIDE,A,A
{2131FCF6-4440-86E8-E063-4804A8C0372B},202840,2024-04-08 00:00,NE6 5PH,T,N,F,3,,BOLINGBROKE STREET,,NEWCASTLE UPON TYNE,NEWCASTLE UPON TYNE,TYNE AND WEAR,A,A
{34222873-0686-4D2B-E063-4704A8C07853},710000,2024-11-05 00:00,LS6 4QX,D,N,F,3,,SHERBOURNE DRIVE,,LEEDS,LEEDS,WEST YORKSHIRE,A,A
{34222873-1717-4D2B-E063-4704A8C07853},525000,2024-11-22 00:00,CF24 4EQ,T,N,F,66,,FLORA STREET,,CARDIFF,CARDIFF,CARDIFF,B,A
{44F406B6-F7A7-1095-E063-4704A8C048D4},340000,2024-12-20 00:00,CF24 3SH,S,N,F,67,,TIMBERS SQUARE,,CARDIFF,CARDIFF,CARDIFF,B,A
{34222873-2457-4D2B-E063-4704A8C07853},925000,2024-08-09 00:00,L15 5AN,O,N,F,364 - 368,,SMITHDOWN ROAD,,LIVERPOOL,LIVERPOOL,MERSEYSIDE,B,A
{2131FCF6-36DC-86E8-E063-4804A8C0372B},295000,2024-06-26 00:00,M1 2EY,F,N,L,72,FLAT 606,CHAPELTOWN STREET,,MANCHESTER,MANCHESTER,GREATER MANCHESTER,A,A
{2131FCF6-3E81-86E8-E063-4804A8C0372B},100000,2024-07-17 00:00,L15 4LR,T,N,F,21,,TIVERTON STREET,WAVERTREE,LIVERPOOL,LIVERPOOL,MERSEYSIDE,A,A
{2131FCF6-3E8C-86E8-E063-4804A8C0372B},75000,2024-05-24 00:00,L15 4HY,F,N,L,31,,RUSHBURY COURT,,LIVERPOOL,LIVERPOOL,MERSEYSIDE,A,A
{34222872-E17D-4D2B-E063-4704A8C07853},142750,2024-08-09 00:00,NE6 1XQ,T,N,F,10,,HEATON WALK,,NEWCASTLE UPON TYNE,NEWCASTLE UPON TYNE,TYNE AND WEAR,A,A
{34222872-E19B-4D2B-E063-4704A8C07853},416000,2024-12-05 00:00,NE6 5HU,T,N,F,11,,ROXBURGH PLACE,,NEWCASTLE UPON TYNE,NEWCASTLE UPON TYNE,TYNE AND WEAR,A,A
{34222872-E1C3-4D2B-E063-4704A8C07853},177000,2024-12-18 00:00,NE6 4PN,T,N,F,9,,POPLAR AVENUE,,NEWCASTLE UPON TYNE,NEWCASTLE UPON TYNE,TYNE AND WEAR,A,A
{34222872-E1C5-4D2B-E063-4704A8C07853},135000,2024-10-25 00:00,NE6 1BZ,F,N,L,OUSEBURN WHARF,86,ST LAWRENCE ROAD,,NEWCASTLE UPON TYNE,NEWCASTLE UPON TYNE,TYNE AND WEAR,A,A
{34222873-0BBF-4D2B-E063-4704A8C07853},119975,2024-07-11 00:00,LS6 3FB,F,Y,L,"VICTORIA COURT, 224",31,KIRKSTALL LANE,,LEEDS,LEEDS,WEST YORKSHIRE,A,A
{2859C1AD-111F-52B4-E063-4804A8C05948},265000,2024-07-31 00:00,CF24 4DD,T,N,F,99,,RICHARDS STREET,,CARDIFF,CARDIFF,CARDIFF,B,A
{2859C1AD-189F-52B4-E063-4804A8C05948},345000,2024-07-30 00:00,LS6 1HT,T,N,F,21,,BRUDENELL MOUNT,,LEEDS,LEEDS,WEST YORKSHIRE,B,A
{34222873-24BE-4D2B-E063-4704A8C07853},2400000,2024-08-29 00:00,M1 1ED,O,N,F,52,,NEWTON STREET,,MANCHESTER,MANCHESTER,GREATER MANCHESTER,B,A
{2131FCF6-36F8-86E8-E063-4804A8C0372B},150000,2024-03-19 00:00,M1 2NL,F,N,L,11,,JAMES BRINDLEY BASIN,,MANCHESTER,MANCHESTER,GREATER MANCHESTER,A,A
{34222873-2921-4D2B-E063-4704A8C07853},5101250,2024-06-24 00:00,M14 4PJ,O,N,L,466 - 468,,MOSS LANE EAST,,MANCHESTER,MANCHESTER,GREATER MANCHESTER,B,A
{34222873-2922-4D2B-E063-4704A8C07853},8091000,2024-06-24 00:00,M14 4PJ,O,N,L,466 - 468,,MOSS LANE EAST,,MANCHESTER,MANCHESTER,GREATER MANCHESTER,B,A
{2131FCF6-3EAD-86E8-E063-4804A8C0372B},90000,2024-03-22 00:00,L15 8JT,F,N,L,12,,MABERLEY VIEW,WAVERTREE,LIVERPOOL,LIVERPOOL,MERSEYSIDE,A,A
{34222872-E20C-4D2B-E063-4704A8C07853},115000,2024-07-02 00:00,NE6 5BX,F,N,L,2,FLAT 1,HARTFORD STREET,,NEWCASTLE UPON TYNE,NEWCASTLE UPON TYNE,TYNE AND WEAR,A,A
{34222872-E22D-4D2B-E063-4704A8C07853},305000,2024-11-12 00:00,NE6 5NT,S,N,F,81,,FALMOUTH ROAD,,NEWCASTLE UPON TYNE,NEWCASTLE UPON TYNE,TYNE AND WEAR,A,A
{34222872-E7A4-4D2B-E063-4704A8C07853},295000,2024-09-06 00:00,CF24 4LN,T,N,F,70,,LISVANE STREET,,CARDIFF,CARDIFF,CARDIFF,A,A
{34222873-07D3-4D2B-E063-4704A8C07853},363500,2024-10-28 00:00,LS6 4NS,S,N,F,20,,PARKSIDE VIEW,,LEEDS,LEEDS,WEST YORKSHIRE,A,A
{2859C1AD-0ED6-52B4-E063-4804A8C05948},80000,2024-10-30 00:00,NE6 2SS,T,N,F,99,,KINGSTON AVENUE,,NEWCASTLE UPON TYNE,NEWCASTLE UPON TYNE,TYNE AND WEAR,B,A
{2859C1AD-0EE1-52B4-E063-4804A8C05948},250000,2024-11-04 00:00,NE6 4PA,S,N,F,33,,APPLETREE GARDENS,,NEWCASTLE UPON TYNE,NEWCASTLE UPON TYNE,TYNE AND WEAR,B,A
{2859C1AD-1147-52B4-E063-4804A8C05948},140000,2024-09-19 00:00,CF24 4PA,S,N,F,1B,,GOWER STREET,,CARDIFF,CARDIFF,CARDIFF,B,A
{2859C1AD-1148-52B4-E063-4804A8C05948},250000,2024-09-30 00:00,CF24 1QE,O,N,F,67 - 69,,BROADWAY,,CARDIFF,CARDIFF,CARDIFF,B,A
{2859C1AD-0EFB-52B4-E063-4804A8C05948},350000,2024-05-19 00:00,NE6 2NY,O,N,F,440 - 442,,WELBECK ROAD,,NEWCASTLE UPON TYNE,NEWCASTLE UPON TYNE,TYNE AND WEAR,B,A
{2859C1AD-0F04-52B4-E063-4804A8C05948},155000,2024-07-01 00:00,NE6 5XY,O,N,L,59,,KING JOHN TERRACE,,NEWCASTLE UPON TYNE,NEWCASTLE UPON TYNE,TYNE AND WEAR,B,A
{2859C1AD-1168-52B4-E063-4804A8C05948},337500,2024-10-25 00:00,CF24 3AL,T,N,F,36,,GORDON ROAD,,CARDIFF,CARDIFF,CARDIFF,B,A
{2131FCF6-34E7-86E8-E063-4804A8C0372B},255000,2024-04-02 00:00,M1 2BL,F,N,L,40,APARTMENT 020,HILTON STREET,,MANCHESTER,MANCHESTER,GREATER MANCHESTER,A,A
{2131FCF6-3CAA-86E8-E063-4804A8C0372B},150000,2024-06-10 00:00,L15 2HR,T,N,F,76,,GRANVILLE ROAD,WAVERTREE,LIVERPOOL,LIVERPOOL,MERSEYSIDE,A,A
{2131FCF6-3F0A-86E8-E063-4804A8C0372B},145050,2024-07-30 00:00,L15 1HF,T,N,F,24,,KEMPTON ROAD,,LIVERPOOL,LIVERPOOL,MERSEYSIDE,A,A
{34222872-E2FC-4D2B-E063-4704A8C07853},140000,2024-03-28 00:00,NE6 5SJ,F,N,L,177,,CARTINGTON TERRACE,,NEWCASTLE UPON TYNE,NEWCASTLE UPON TYNE,TYNE AND WEAR,A,A
{34222872-E310-4D2B-E063-4704A8C07853},235000,2024-04-03 00:00,NE6 5TS,S,N,F,122,,DEBDON GARDENS,,NEWCASTLE UPON TYNE,NEWCASTLE UPON TYNE,TYNE AND WEAR,A,A
{34222872-E8E6-4D2B-E063-4704A8C07853},220000,2024-08-19 00:00,CF24 1LN,T,N,F,40,,RUBY STREET,,CARDIFF,CARDIFF,CARDIFF,A,A
{2131FCF6-2101-86E8-E063-4804A8C0372B},306000,2024-08-07 00:00,M14 6EW,S,N,F,68,,FINCHLEY ROAD,,MANCHESTER,MANCHESTER,GREATER MANCHESTER,A,A
{2859C1AD-0F29-52B4-E063-4804A8C05948},350000,2024-03-25 00:00,NE6 1SA,O,N,F,21,,HEATON ROAD,,NEWCASTLE UPON TYNE,NEWCASTLE UPON TYNE,TYNE AND WEAR,B,A
{2859C1AD-0F2C-52B4-E063-4804A8C05948},65000,2024-05-16 00:00,NE6 2SY,F,N,L,169,,ALLENDALE ROAD,,NEWCASTLE UPON TYNE,NEWCASTLE UPON TYNE,TYNE AND WEAR,B,A
{34222873-17F0-4D2B-E063-4704A8C07853},163000,2024-08-16 00:00,CF24 3DZ,T,N,F,30,,CROFTS STREET,,CARDIFF,CARDIFF,CARDIFF,B,A
{2859C1AD-11AA-52B4-E063-4804A8C05948},425000,2024-10-30 00:00,CF24 4BX,T,N,F,105,,HARRIET STREET,,CARDIFF,CARDIFF,CARDIFF,B,A
{2859C1AD-11AC-52B4-E063-4804A8C05948},225000,2024-10-25 00:00,CF24 4NW,T,N,F,153,,WOODVILLE ROAD,,CARDIFF,CARDIFF,CARDIFF,B,A
{2131FCF6-3915-86E8-E063-4804A8C0372B},210000,2024-08-08 00:00,M1 2EH,F,N,L,36,206,HILTON STREET,,MANCHESTER,MANCHESTER,GREATER MANCHESTER,A,A
{2859C1AD-1972-52B4-E063-4804A8C05948},450000,2024-10-18 00:00,LS6 1FU,F,Y,L,ROSE COURT,2,VICTORIA ROAD,,LEEDS,LEEDS,WEST YORKSHIRE,B,A
{2859C1AD-1973-52B4-E063-4804A8C05948},465000,2024-10-18 00:00,LS6 1FU,F,Y,L,ROSE COURT,1,VICTORIA ROAD,,LEEDS,LEEDS,WEST YORKSHIRE,B,A
{2131FCF6-2134-86E8-E063-4804A8C0372B},567500,2024-08-09 00:00,M14 6UR,S,N,F,19,,AMHERST ROAD,,MANCHESTER,MANCHESTER,GREATER MANCHESTER,A,A
{2859C1AD-0F33-52B4-E063-4804A8C05948},120000,2024-09-12 00:00,NE6 5DD,T,N,L,249,,ROTHBURY TERRACE,,NEWCASTLE UPON TYNE,NEWCASTLE UPON TYNE,TYNE AND WEAR,B,A
{2859C1AD-0F40-52B4-E063-4804A8C05948},130000,2024-11-11 00:00,NE6 1DS,T,N,F,94 - 96,,SHIELDS ROAD,,NEWCASTLE UPON TYNE,NEWCASTLE UPON TYNE,TYNE AND WEAR,B,A
{1C3E72FE-4521-F410-E063-4804A8C0DFA6},180000,2024-04-29 00:00,M14 7NS,T,N,F,217,,THORNTON ROAD,,MANCHESTER,MANCHESTER,GREATER MANCHESTER,A,A
{2131FCF6-3515-86E8-E063-4804A8C0372B},165500,2024-08-02 00:00,M14 7DP,F,N,L,68,,CHERVIL CLOSE,,MANCHESTER,MANCHESTER,GREATER MANCHESTER,A,A
{2131FCF6-3516-86E8-E063-4804A8C0372B},150000,2024-03-22 00:00,M14 7DP,F,N,L,18,,CHERVIL CLOSE,,MANCHESTER,MANCHESTER,GREATER MANCHESTER,A,A
{2859C1AD-1996-52B4-E063-4804A8C05948},60000,2024-01-22 00:00,LS6 2FD,O,N,L,TRINITY HALL,FLAT 28,HOLBORN APPROACH,,LEEDS,LEEDS,WEST YORKSHIRE,B,A
{2131FCF6-2162-86E8-E063-4804A8C0372B},284000,2024-06-12 00:00,M14 7DT,S,N,L,213,,WILBRAHAM ROAD,,MANCHESTER,MANCHESTER,GREATER MANCHESTER,A,A
{2859C1AD-0F6D-52B4-E063-4804A8C05948},170000,2024-11-22 00:00,NE6 2TQ,F,N,F,75,,IRTHING AVENUE,,NEWCASTLE UPON TYNE,NEWCASTLE UPON TYNE,TYNE AND WEAR,B,A
{2859C1AD-0F77-52B4-E063-4804A8C05948},112250,2024-05-24 00:00,NE6 4EP,O,N,F,17,,COWEN STREET,,NEWCASTLE UPON TYNE,NEWCASTLE UPON TYNE,TYNE AND WEAR,B,A
{2131FCF6-3D0E-86E8-E063-4804A8C0372B},118000,2024-08-13 00:00,L15 1HE,T,N,F,17,,KEMPTON ROAD,,LIVERPOOL,LIVERPOOL,MERSEYSIDE,A,A
{2859C1AD-16E3-52B4-E063-4804A8C05948},186000,2024-08-20 00:00,LS6 1PW,T,N,F,37,,HAROLD MOUNT,,LEEDS,LEEDS,WEST YORKSHIRE,B,A
{1C3E72FE-5FA0-F410-E063-4804A8C0DFA6},246733,2024-06-05 00:00,L15 9ER,T,N,F,5,,STANMORE ROAD,,LIVERPOOL,LIVERPOOL,MERSEYSIDE,A,A
{2131FCF6-3F8A-86E8-E063-4804A8C0372B},225000,2024-03-01 00:00,L15 9HE,T,N,F,44,,LICHFIELD ROAD,WAVERTREE,LIVERPOOL,LIVERPOOL,MERSEYSIDE,A,A
{34222872-EA2A-4D2B-E063-4704A8C07853},190000,2024-11-13 00:00,CF24 2DD,S,N,F,152,,SPLOTT ROAD,,CARDIFF,CARDIFF,CARDIFF,A,A
{1C3E72FE-5A04-F410-E063-4804A8C0DFA6},186000,2024-01-05 00:00,M14 5JS,F,N,L,42,,DANES ROAD,,MANCHESTER,MANCHESTER,GREATER MANCHESTER,A,A
{1C3E72FE-5BA3-F410-E063-4804A8C0DFA6},110000,2024-05-22 00:00,M14 7JN,F,N,L,52,,PARKSIDE ROAD,,MANCHESTER,MANCHESTER,GREATER MANCHESTER,A,A
{1C3E72FE-5FD6-F410-E063-4804A8C0DFA6},84000,2024-01-17 00:00,L15 0HU,T,N,F,10,,WHITMAN STREET,,LIVERPOOL,LIVERPOOL,MERSEYSIDE,A,A
{2131FCF6-2177-86E8-E063-4804A8C0372B},191220,2024-03-28 00:00,L15 3HH,T,N,F,41,,CLAREMONT ROAD,WAVERTREE,LIVERPOOL,LIVERPOOL,MERSEYSIDE,A,A
{2859C1AD-0F9C-52B4-E063-4804A8C05948},55000,2024-07-22 00:00,NE6 4QN,F,N,L,794,,SHIELDS ROAD,,NEWCASTLE UPON TYNE,NEWCASTLE UPON TYNE,TYNE AND WEAR,B,A
{1C3E72FE-5BFB-F410-E063-4804A8C0DFA6},360000,2024-06-14 00:00,M1 1ER,F,N,L,"THE SORTING HOUSE, 83",FLAT 102,NEWTON STREET,,MANCHESTER,MANCHESTER,GREATER MANCHESTER,A,A
{2859C1AD-1716-52B4-E063-4804A8C05948},517000,2024-10-22 00:00,LS6 1DE,T,N,F,11,,MANOR DRIVE,HEADINGLEY,LEEDS,LEEDS,WEST YORKSHIRE,B,A
{2859C1AD-1718-52B4-E063-4804A8C05948},285000,2024-07-31 00:00,LS6 1JJ,T,N,F,88,,ROYAL PARK ROAD,,LEEDS,LEEDS,WEST YORKSHIRE,B,A
{1C3E72FE-5C50-F410-E063-4804A8C0DFA6},256000,2024-01-31 00:00,M1 1ER,F,N,L,"THE SORTING HOUSE, 83",FLAT 90,NEWTON STREET,,MANCHESTER,MANCHESTER,GREATER MANCHESTER,A,A
{1C3E72FE-5743-F410-E063-4804A8C0DFA6},235000,2024-02-02 00:00,M14 6QN,T,N,F,23,,COLWYN AVENUE,,MANCHESTER,MANCHESTER,GREATER MANCHESTER,A,A
{2131FCF6-21A4-86E8-E063-4804A8C0372B},232000,2024-08-02 00:00,L15 9HL,T,N,F,6,,NORWICH ROAD,,LIVERPOOL,LIVERPOOL,MERSEYSIDE,A,A
{1C3E72FE-578A-F410-E063-4804A8C0DFA6},280000,2024-04-08 00:00,M1 2BL,F,N,L,40,APARTMENT 525,HILTON STREET,,MANCHESTER,MANCHESTER,GREATER MANCHESTER,A,A
{2859C1AD-0FAF-52B4-E063-4804A8C05948},145000,2024-10-18 00:00,NE6 5HE,O,N,L,63,,HEATON ROAD,,NEWCASTLE UPON TYNE,NEWCASTLE UPON TYNE,TYNE AND WEAR,B,A
{2859C1AD-0FB0-52B4-E063-4804A8C05948},130000,2024-10-22 00:00,NE6 4UW,T,N,F,38,,WYEDALE WAY,,NEWCASTLE UPON TYNE,NEWCASTLE UPON TYNE,TYNE AND WEAR,B,A
{2859C1AD-0FBB-52B4-E063-4804A8C05948},60000,2024-08-23 00:00,NE6 2RY,O,N,L,285,GROUND FLOOR FLAT,SCARBOROUGH ROAD,,NEWCASTLE UPON TYNE,NEWCASTLE UPON TYNE,TYNE AND WEAR,B,A
{1C3E72FE-579D-F410-E063-4804A8C0DFA6},255000,2024-06-06 00:00,M1 2BQ,F,N,L,"QUANTUM, 6",APARTMENT 88,CHAPELTOWN STREET,,MANCHESTER,MANCHESTER,GREATER MANCHESTER,A,A
{1C3E72FE-579E-F410-E063-4804A8C0DFA6},155000,2024-02-02 00:00,M1 2BH,F,N,L,"QUANTUM, 4",APARTMENT 38,CHAPELTOWN STREET,,MANCHESTER,MANCHESTER,GREATER MANCHESTER,A,A
{2131FCF6-3583-86E8-E063-4804A8C0372B},170000,2024-03-22 00:00,M1 3BP,F,N,L,5,APARTMENT 810,PICCADILLY PLACE,,MANCHESTER,MANCHESTER,GREATER MANCHESTER,A,A
{2859C1AD-1741-52B4-E063-4804A8C05948},280000,2024-11-07 00:00,LS6 1RG,T,N,F,1,,BRANKSOME TERRACE,,LEEDS,LEEDS,WEST YORKSHIRE,B,A
{2131FCF6-3D77-86E8-E063-4804A8C0372B},225000,2024-04-02 00:00,L15 8AL,S,N,F,18,,SWAN CRESCENT,,LIVERPOOL,LIVERPOOL,MERSEYSIDE,A,A
{1C3E72FE-57F2-F410-E063-4804A8C0DFA6},255000,2024-01-26 00:00,M14 7TD,T,N,L,3,,ST EDWARDS ROAD,,MANCHESTER,MANCHESTER,GREATER MANCHESTER,A,A
{1C3E72FE-5818-F410-E063-4804A8C0DFA6},185250,2024-01-12 00:00,M14 7QB,T,N,F,29,,HORTON ROAD,,MANCHESTER,MANCHESTER,GREATER MANCHESTER,A,A
{2859C1AD-1747-52B4-E063-4804A8C05948},133920,2024-10-31 00:00,LS6 1RJ,T,N,F,18,,AUTUMN PLACE,,LEEDS,LEEDS,WEST YORKSHIRE,B,A
{1C3E72FE-585D-F410-E063-4804A8C0DFA6},300000,2024-05-03 00:00,M1 5GB,F,N,L,1,FLAT 57,CAMBRIDGE STREET,,MANCHESTER,MANCHESTER,GREATER MANCHESTER,A,A
{2131FCF6-35BB-86E8-E063-4804A8C0372B},310000,2024-04-16 00:00,M14 6NF,S,N,L,11,,BESFORD CLOSE,,MANCHESTER,MANCHESTER,GREATER MANCHESTER,A,A
{2131FCF6-90B4-86E8-E063-4804A8C0372B},185000,2024-04-19 00:00,NE6 4QU,T,N,F,11,,PEMBROKE AVENUE,,NEWCASTLE UPON TYNE,NEWCASTLE UPON TYNE,TYNE AND WEAR,A,A
{2131FCF6-90C3-86E8-E063-4804A8C0372B},253500,2024-04-16 00:00,NE6 5NU,T,N,F,68,,CARDIGAN TERRACE,,NEWCASTLE UPON TYNE,NEWCASTLE UPON TYNE,TYNE AND WEAR,A,A
{1C3E72FE-58A5-F410-E063-4804A8C0DFA6},445000,2024-02-01 00:00,M1 5BE,F,N,L,"THE LOCK BUILDING, 41",APARTMENT 1002,WHITWORTH STREET WEST,,MANCHESTER,MANCHESTER,GREATER MANCHESTER,A,A
{1C3E72FE-58B2-F410-E063-4804A8C0DFA6},482640,2024-04-30 00:00,M1 5BG,T,N,L,3,,RIVER STREET,,MANCHESTER,MANCHESTER,GREATER MANCHESTER,A,A
{2131FCF6-90D4-86E8-E063-4804A8C0372B},96500,2024-08-06 00:00,NE6 2AH,T,N,F,61,,HARBOTTLE COURT,,NEWCASTLE UPON TYNE,NEWCASTLE UPON TYNE,TYNE AND WEAR,A,A
{2131FCF6-9656-86E8-E063-4804A8C0372B},267500,2024-04-05 00:00,CF24 3EX,T,N,F,120,,COTTRELL ROAD,ROATH,CARDIFF,CARDIFF,CARDIFF,A,A
{2131FCF6-9B1C-86E8-E063-4804A8C0372B},210000,2024-06-17 00:00,CF24 2PL,S,N,F,3,,DE HAVILLAND ROAD,,CARDIFF,CARDIFF,CARDIFF,A,A
{2131FCF6-9B28-86E8-E063-4804A8C0372B},192500,2024-04-05 00:00,CF24 1LT,T,N,F,71,,CLIFTON STREET,,CARDIFF,CARDIFF,CARDIFF,A,A
{2859C1AD-101A-52B4-E063-4804A8C05948},7000,2024-01-31 00:00,NE6 2NY,O,N,L,436,,WELBECK ROAD,,NEWCASTLE UPON TYNE,NEWCASTLE UPON TYNE,TYNE AND WEAR,B,A
{2859C1AD-1021-52B4-E063-4804A8C05948},1925000,2024-04-26 00:00,NE6 1EJ,O,N,L,PETROL FILLING STATION,,SHIELDS ROAD,BYKER,NEWCASTLE UPON TYNE,NEWCASTLE UPON TYNE,TYNE AND WEAR,B,A
{2859C1AD-1022-52B4-E063-4804A8C05948},165000,2024-04-26 00:00,NE6 1EJ,O,N,L,CAR PARK,,SHIELDS ROAD,BYKER,NEWCASTLE UPON TYNE,NEWCASTLE UPON TYNE,TYNE AND WEAR,B,A
{2859C1AD-102D-52B4-E063-4804A8C05948},645000,2024-09-26 00:00,NE6 1DZ,T,N,L,48A,,WALKER ROAD,,NEWCASTLE UPON TYNE,NEWCASTLE UPON TYNE,TYNE AND WEAR,B,A
{2859C1AD-102E-52B4-E063-4804A8C05948},600000,2024-09-26 00:00,NE6 1DZ,T,N,L,48B,,WALKER ROAD,,NEWCASTLE UPON TYNE,NEWCASTLE UPON TYNE,TYNE AND WEAR,B,A
{2859C1AD-102F-52B4-E063-4804A8C05948},600000,2024-09-26 00:00,NE6 1DZ,T,N,L,48D,,WALKER ROAD,,NEWCASTLE UPON TYNE,NEWCASTLE UPON TYNE,TYNE AND WEAR,B,A
{2859C1AD-1030-52B4-E063-4804A8C05948},600000,2024-09-26 00:00,NE6 1DZ,T,N,L,48E,,WALKER ROAD,,NEWCASTLE UPON TYNE,NEWCASTLE UPON TYNE,TYNE AND WEAR,B,A
{2859C1AD-1031-52B4-E063-4804A8C05948},600000,2024-09-26 00:00,NE6 1DZ,T,N,L,48F,,WALKER ROAD,,NEWCASTLE UPON TYNE,NEWCASTLE UPON TYNE,TYNE AND WEAR,B,A
{2859C1AD-1032-52B4-E063-4804A8C05948},600000,2024-09-26 00:00,NE6 1DZ,T,N,L,48G,,WALKER ROAD,,NEWCASTLE UPON TYNE,NEWCASTLE UPON TYNE,TYNE AND WEAR,B,A
{1C3E72FE-58EA-F410-E063-4804A8C0DFA6},270000,2024-05-20 00:00,M14 7JN,T,N,F,36,,PARKSIDE ROAD,,MANCHESTER,MANCHESTER,GREATER MANCHESTER,A,A
{1C3E72FE-58ED-F410-E063-4804A8C0DFA6},133000,2024-04-25 00:00,M1 7AX,F,N,L,VENICE COURT,APARTMENT 4,SAMUEL OGDEN STREET,,MANCHESTER,MANCHESTER,GREATER MANCHESTER,A,A
{1C3E72FE-58F6-F410-E063-4804A8C0DFA6},196000,2024-01-05 00:00,M1 5TF,F,N,L,"THE FOUNDRY, 2A",APARTMENT 2,LOWER CHATHAM STREET,,MANCHESTER,MANCHESTER,GREATER MANCHESTER,A,A
{2131FCF6-3DC1-86E8-E063-4804A8C0372B},295000,2024-05-28 00:00,L15 9HN,T,N,F,27,,PETERBOROUGH ROAD,,LIVERPOOL,LIVERPOOL,MERSEYSIDE,A,A
{2859C1AC-9A7E-52B4-E063-4804A8C05948},75000,2024-06-28 00:00,NE6 4HE,F,N,F,45,,KENTMERE AVENUE,,NEWCASTLE UPON TYNE,NEWCASTLE UPON TYNE,TYNE AND WEAR,B,A
{2859C1AC-9A7F-52B4-E063-4804A8C05948},75000,2024-06-28 00:00,NE6 4HE,F,N,L,43,,KENTMERE AVENUE,,NEWCASTLE UPON TYNE,NEWCASTLE UPON TYNE,TYNE AND WEAR,B,A
{2859C1AC-9A84-52B4-E063-4804A8C05948},278450,2024-10-29 00:00,NE6 5SH,T,N,F,82,,CARTINGTON TERRACE,,NEWCASTLE UPON TYNE,NEWCASTLE UPON TYNE,TYNE AND WEAR,A,A
{2859C1AC-9CAC-52B4-E063-4804A8C05948},565000,2024-11-13 00:00,NE6 5LB,S,N,F,3,,LESBURY ROAD,,NEWCASTLE UPON TYNE,NEWCASTLE UPON TYNE,TYNE AND WEAR,A,A
{1C3E72FE-B975-F410-E063-4804A8C0DFA6},209000,2024-01-24 00:00,NE6 4PH,D,N,F,35,,BROOMFIELD AVENUE,,NEWCASTLE UPON TYNE,NEWCASTLE UPON TYNE,TYNE AND WEAR,A,A
{2131FCF6-90E6-86E8-E063-4804A8C0372B},185500,2024-05-30 00:00,NE6 5DQ,F,N,L,64,,ADDYCOMBE TERRACE,,NEWCASTLE UPON TYNE,NEWCASTLE UPON TYNE,TYNE AND WEAR,A,A
{2131FCF6-9321-86E8-E063-4804A8C0372B},46000,2024-08-22 00:00,NE6 2JD,F,N,L,44,,CANTERBURY STREET,,NEWCASTLE UPON TYNE,NEWCASTLE UPON TYNE,TYNE AND WEAR,A,A
{2859C1AC-9EF2-52B4-E063-4804A8C05948},163000,2024-05-20 00:00,NE6 5SL,T,N,L,61,,BIDDLESTONE ROAD,HEATON,NEWCASTLE UPON TYNE,NEWCASTLE UPON TYNE,TYNE AND WEAR,A,A
{2859C1AC-9EF7-52B4-E063-4804A8C05948},100000,2024-03-08 00:00,NE6 1UG,F,N,L,41,,FOUNDRY COURT,,NEWCASTLE UPON TYNE,NEWCASTLE UPON TYNE,TYNE AND WEAR,A,A
{1C3E72FE-BBD4-F410-E063-4804A8C0DFA6},163000,2024-05-28 00:00,NE6 1TX,F,N,L,41,,ROWES MEWS,,NEWCASTLE UPON TYNE,NEWCASTLE UPON TYNE,TYNE AND WEAR,A,A
{2131FCF6-9B43-86E8-E063-4804A8C0372B},230000,2024-07-26 00:00,CF24 1LP,T,N,F,29,,RUBY STREET,,CARDIFF,CARDIFF,CARDIFF,A,A
{1C3E72FE-B9A2-F410-E063-4804A8C0DFA6},275000,2024-02-09 00:00,NE6 4TT,S,N,F,3,,ALDERWOOD CRESCENT,,NEWCASTLE UPON TYNE,NEWCASTLE UPON TYNE,TYNE AND WEAR,A,A
{1C3E72FE-BC13-F410-E063-4804A8C0DFA6},162500,2024-03-01 00:00,NE6 1DX,F,N,L,294,,SHIELDS ROAD,,NEWCASTLE UPON TYNE,NEWCASTLE UPON TYNE,TYNE AND WEAR,A,A
{1C3E72FE-BC23-F410-E063-4804A8C0DFA6},78000,2024-04-26 00:00,NE6 2RP,F,N,L,358,,GRACE STREET,,NEWCASTLE UPON TYNE,NEWCASTLE UPON TYNE,TYNE AND WEAR,A,A
{1C3E72FE-BD38-F410-E063-4804A8C0DFA6},152500,2024-06-13 00:00,NE6 1RL,T,N,L,125,,WALKER ROAD,,NEWCASTLE UPON TYNE,NEWCASTLE UPON TYNE,TYNE AND WEAR,A,A
{1C3E72FE-BD4F-F410-E063-4804A8C0DFA6},250000,2024-05-10 00:00,NE6 5SQ,S,N,F,154,,ADDYCOMBE TERRACE,,NEWCASTLE UPON TYNE,NEWCASTLE UPON TYNE,TYNE AND WEAR,A,A
{2131FCF6-3604-86E8-E063-4804A8C0372B},275000,2024-03-11 00:00,M14 7GT,T,N,L,13,,TRAUTMANN CLOSE,,MANCHESTER,MANCHESTER,GREATER MANCHESTER,A,A
{2859C1AC-9AA8-52B4-E063-4804A8C05948},255000,2024-07-31 00:00,NE6 5XX,T,N,F,44,,NINTH AVENUE,,NEWCASTLE UPON TYNE,NEWCASTLE UPON TYNE,TYNE AND WEAR,A,A
{2131FCF6-9104-86E8-E063-4804A8C0372B},80000,2024-04-26 00:00,NE6 3UT,T,N,F,27,,BEVERLEY TERRACE,WALKER,NEWCASTLE UPON TYNE,NEWCASTLE UPON TYNE,TYNE AND WEAR,A,A
{2131FCF6-9122-86E8-E063-4804A8C0372B},275000,2024-05-31 00:00,NE6 4RY,T,N,F,3,,NORTHMOOR ROAD,,NEWCASTLE UPON TYNE,NEWCASTLE UPON TYNE,TYNE AND WEAR,A,A
{2131FCF6-935D-86E8-E063-4804A8C0372B},110000,2024-08-01 00:00,NE6 3LS,F,N,L,15,,HURSLEY WALK,WALKER,NEWCASTLE UPON TYNE,NEWCASTLE UPON TYNE,TYNE AND WEAR,A,A
{2131FCF6-969C-86E8-E063-4804A8C0372B},320000,2024-08-09 00:00,CF24 4RW,T,N,F,99,,INVERNESS PLACE,,CARDIFF,CARDIFF,CARDIFF,A,A
{2859C1AC-9FEB-52B4-E063-4804A8C05948},279995,2024-01-26 00:00,NE6 5BP,T,Y,F,4,,GREENHEAD DRIVE,,NEWCASTLE UPON TYNE,NEWCASTLE UPON TYNE,TYNE AND WEAR,A,A
{2859C1AC-9FF8-52B4-E063-4804A8C05948},428995,2024-01-21 00:00,NE6 5BP,D,Y,F,100,,GREENHEAD DRIVE,,NEWCASTLE UPON TYNE,NEWCASTLE UPON TYNE,TYNE AND WEAR,A,A
{2859C1AC-A003-52B4-E063-4804A8C05948},300995,2024-02-12 00:00,NE6 5BP,D,Y,F,92,,GREENHEAD DRIVE,,NEWCASTLE UPON TYNE,NEWCASTLE UPON TYNE,TYNE AND WEAR,A,A
{2859C1AC-A241-52B4-E063-4804A8C05948},195000,2024-10-23 00:00,CF24 2AX,T,N,F,24,,HOWARD STREET,,CARDIFF,CARDIFF,CARDIFF,A,A
{1C3E72FE-BA10-F410-E063-4804A8C0DFA6},285000,2024-02-26 00:00,NE6 5DA,T,N,F,98,,SPENCER STREET,,NEWCASTLE UPON TYNE,NEWCASTLE UPON TYNE,TYNE AND WEAR,A,A
{1C3E72FE-BD80-F410-E063-4804A8C0DFA6},152000,2024-01-30 00:00,NE6 4RY,S,N,F,19,,NORTHMOOR ROAD,,NEWCASTLE UPON TYNE,NEWCASTLE UPON TYNE,TYNE AND WEAR,A,A
{2131FCF6-2238-86E8-E063-4804A8C0372B},210000,2024-04-18 00:00,L15 1HW,S,N,F,38,,SALISBURY ROAD,WAVERTREE,LIVERPOOL,LIVERPOOL,MERSEYSIDE,A,A
{2131FCF6-2251-86E8-E063-4804A8C0372B},220000,2024-07-02 00:00,M14 6SY,T,N,F,7,,PARK VIEW,FALLOWFIELD,MANCHESTER,MANCHESTER,GREATER MANCHESTER,A,A
{1C3E72FE-BA35-F410-E063-4804A8C0DFA6},108000,2024-06-21 00:00,NE6 4XB,T,N,F,55,,GEORGE ROAD,,NEWCASTLE UPON TYNE,NEWCASTLE UPON TYNE,TYNE AND WEAR,A,A
{1C3E72FE-BDB4-F410-E063-4804A8C0DFA6},80000,2024-05-22 00:00,CF24 2DG,T,N,F,36,,RAILWAY STREET,,CARDIFF,CARDIFF,CARDIFF,A,A
{1C3E72FE-BA5B-F410-E063-4804A8C0DFA6},440000,2024-05-28 00:00,NE6 5RD,T,N,F,2,,ARMSTRONG AVENUE,,NEWCASTLE UPON TYNE,NEWCASTLE UPON TYNE,TYNE AND WEAR,A,A
{2131FCF6-361C-86E8-E063-4804A8C0372B},125000,2024-03-22 00:00,M1 6NG,F,N,L,90,FLAT 104,PRINCESS STREET,,MANCHESTER,MANCHESTER,GREATER MANCHESTER,A,A
{1C3E72FE-BDEA-F410-E063-4804A8C0DFA6},295000,2024-02-19 00:00,CF24 3QY,T,N,F,58,,PARTRIDGE ROAD,,CARDIFF,CARDIFF,CARDIFF,A,A
{1C3E72FE-BDF2-F410-E063-4804A8C0DFA6},175000,2024-05-15 00:00,CF24 0HT,T,N,F,20,,PRINCE LEOPOLD STREET,,CARDIFF,CARDIFF,CARDIFF,A,A
{1C3E72FE-BA83-F410-E063-4804A8C0DFA6},308000,2024-02-23 00:00,NE6 4NW,D,N,F,43,,CHERRYWOOD,,NEWCASTLE UPON TYNE,NEWCASTLE UPON TYNE,TYNE AND WEAR,A,A
{1C3E72FE-BA90-F410-E063-4804A8C0DFA6},350000,2024-02-09 00:00,NE6 5TU,T,N,F,38,,RAVENSWOOD ROAD,,NEWCASTLE UPON TYNE,NEWCASTLE UPON TYNE,TYNE AND WEAR,A,A
{1C3E72FE-BDF7-F410-E063-4804A8C0DFA6},210000,2024-05-31 00:00,CF24 1QZ,T,N,F,12,,SPRING GARDENS PLACE,,CARDIFF,CARDIFF,CARDIFF,A,A
{1C3E72FE-BE02-F410-E063-4804A8C0DFA6},235000,2024-04-26 00:00,CF24 1QS,T,N,F,37,,BLANCHE STREET,,CARDIFF,CARDIFF,CARDIFF,A,A
{1C3E72FE-BE10-F410-E063-4804A8C0DFA6},308000,2024-06-05 00:00,CF24 2JT,T,N,F,69,,EYRE STREET,,CARDIFF,CARDIFF,CARDIFF,A,A
{1C3E72FE-BE19-F410-E063-4804A8C0DFA6},225000,2024-05-28 00:00,CF24 3HA,T,N,F,22,,UPPER KINCRAIG STREET,ROATH,CARDIFF,CARDIFF,CARDIFF,A,A
{2131FCF6-936F-86E8-E063-4804A8C0372B},131500,2024-03-08 00:00,NE6 3UQ,T,N,F,52,,STATION ROAD,WALKER,NEWCASTLE UPON TYNE,NEWCASTLE UPON TYNE,TYNE AND WEAR,A,A
{2859C1AC-9D09-52B4-E063-4804A8C05948},115000,2024-10-25 00:00,NE6 1RW,T,N,F,6,,GORDON SQUARE,,NEWCASTLE UPON TYNE,NEWCASTLE UPON TYNE,TYNE AND WEAR,A,A
{2859C1AC-A017-52B4-E063-4804A8C05948},429995,2024-02-22 00:00,NE6 5BQ,D,Y,F,1A,,BENFIELD ROAD,,NEWCASTLE UPON TYNE,NEWCASTLE UPON TYNE,TYNE AND WEAR,A,A
{2859C1AC-A027-52B4-E063-4804A8C05948},389995,2024-03-21 00:00,NE6 5BQ,D,Y,F,1C,,BENFIELD ROAD,,NEWCASTLE UPON TYNE,NEWCASTLE UPON TYNE,TYNE AND WEAR,A,A
{1C3E72FE-BAA3-F410-E063-4804A8C0DFA6},110000,2024-05-24 00:00,NE6 5HR,F,N,L,4,,CHELTENHAM TERRACE,,NEWCASTLE UPON TYNE,NEWCASTLE UPON TYNE,TYNE AND WEAR,A,A
{1C3E72FE-BE38-F410-E063-4804A8C0DFA6},257000,2024-01-25 00:00,CF24 4PG,T,N,F,40,,SPENCER STREET,,CARDIFF,CARDIFF,CARDIFF,A,A
{2131FCF6-9379-86E8-E063-4804A8C0372B},45000,2024-04-12 00:00,NE6 2RX,F,N,L,214,,SCARBOROUGH ROAD,,NEWCASTLE UPON TYNE,NEWCASTLE UPON TYNE,TYNE AND WEAR,A,A
{2131FCF6-96C3-86E8-E063-4804A8C0372B},261000,2024-07-10 00:00,CF24 2ST,T,N,F,29,,WILLOWS AVENUE,,CARDIFF,CARDIFF,CARDIFF,A,A
{2131FCF6-96DE-86E8-E063-4804A8C0372B},358500,2024-07-03 00:00,CF24 4LQ,D,N,F,43,,COSMESTON STREET,,CARDIFF,CARDIFF,CARDIFF,A,A
{2131FCF6-96E2-86E8-E063-4804A8C0372B},295000,2024-07-19 00:00,CF24 4TA,T,N,F,34,,ARABELLA STREET,,CARDIFF,CARDIFF,CARDIFF,A,A
{2131FCF6-9940-86E8-E063-4804A8C0372B},319000,2024-07-19 00:00,CF24 4LH,T,N,F,53,,LISVANE STREET,,CARDIFF,CARDIFF,CARDIFF,A,A
{2131FCF6-9B7A-86E8-E063-4804A8C0372B},185000,2024-03-15 00:00,CF24 2SQ,S,N,F,27,,DUNSMUIR ROAD,,CARDIFF,CARDIFF,CARDIFF,A,A
{2859C1AC-A262-52B4-E063-4804A8C05948},245000,2024-10-25 00:00,CF24 3JU,T,N,F,80,,KEPPOCH STREET,,CARDIFF,CARDIFF,CARDIFF,A,A
{2859C1AC-A268-52B4-E063-4804A8C05948},261000,2024-11-27 00:00,CF24 3EZ,T,N,F,56,,COTTRELL ROAD,ROATH,CARDIFF,CARDIFF,CARDIFF,A,A
{2859C1AC-A277-52B4-E063-4804A8C05948},289750,2024-10-25 00:00,CF24 4TW,T,N,F,62,,DIANA STREET,,CARDIFF,CARDIFF,CARDIFF,A,A
{2859C1AC-A27E-52B4-E063-4804A8C05948},205000,2024-06-28 00:00,CF24 3BB,T,N,F,1,,BEDFORD PLACE,,CARDIFF,CARDIFF,CARDIFF,A,A
{2859C1AC-A708-52B4-E063-4804A8C05948},257500,2024-11-04 00:00,CF24 3JU,T,N,F,104,,KEPPOCH STREET,,CARDIFF,CARDIFF,CARDIFF,A,A
{1C3E72FE-BE39-F410-E063-4804A8C0DFA6},286000,2024-04-25 00:00,CF24 3PD,T,N,F,10,,WELLFIELD PLACE,,CARDIFF,CARDIFF,CARDIFF,A,A
{1C3E72FE-B88D-F410-E063-4804A8C0DFA6},105500,2024-01-29 00:00,NE6 3QD,T,N,F,3,,YORKDALE PLACE,,NEWCASTLE UPON TYNE,NEWCASTLE UPON TYNE,TYNE AND WEAR,A,A
{1C3E72FE-B8B0-F410-E063-4804A8C0DFA6},53000,2024-03-21 00:00,NE6 2RR,F,N,L,191,,GRACE STREET,,NEWCASTLE UPON TYNE,NEWCASTLE UPON TYNE,TYNE AND WEAR,A,A
{1C3E72FE-BE6E-F410-E063-4804A8C0DFA6},300550,2024-06-19 00:00,CF24 4TB,T,N,F,84,,ARABELLA STREET,,CARDIFF,CARDIFF,CARDIFF,A,A
{1C3E72FE-BB0F-F410-E063-4804A8C0DFA6},85000,2024-06-10 00:00,NE6 3PA,T,N,F,53,,MIDWAY,,NEWCASTLE UPON TYNE,NEWCASTLE UPON TYNE,TYNE AND WEAR,A,A
{1C3E72FE-BB28-F410-E063-4804A8C0DFA6},105000,2024-05-31 00:00,NE6 5BJ,F,N,L,44,FLAT 3,CHILLINGHAM ROAD,,NEWCASTLE UPON TYNE,NEWCASTLE UPON TYNE,TYNE AND WEAR,A,A
{2859C1AC-9AE9-52B4-E063-4804A8C05948},153000,2024-07-08 00:00,NE6 5LS,T,N,L,102,,WARTON TERRACE,,NEWCASTLE UPON TYNE,NEWCASTLE UPON TYNE,TYNE AND WEAR,A,A
{2859C1AC-9AED-52B4-E063-4804A8C05948},150000,2024-07-08 00:00,NE6 5TB,T,N,L,126,,SACKVILLE ROAD,,NEWCASTLE UPON TYNE,NEWCASTLE UPON TYNE,TYNE AND WEAR,A,A
{2859C1AC-9D24-52B4-E063-4804A8C05948},115000,2024-06-07 00:00,NE6 4JT,T,N,F,670,,WELBECK ROAD,,NEWCASTLE UPON TYNE,NEWCASTLE UPON TYNE,TYNE AND WEAR,A,A
{2859C1AC-9D28-52B4-E063-4804A8C05948},192000,2024-11-12 00:00,NE6 5BE,F,N,L,45,,HOTSPUR STREET,,NEWCASTLE UPON TYNE,NEWCASTLE UPON TYNE,TYNE AND WEAR,A,A
{2859C1AC-9D2D-52B4-E063-4804A8C05948},168000,2024-07-15 00:00,NE6 2PL,S,N,F,52,,GRASMERE AVENUE,WALKER,NEWCASTLE UPON TYNE,NEWCASTLE UPON TYNE,TYNE AND WEAR,A,A
{1C3E72FE-B8EA-F410-E063-4804A8C0DFA6},203000,2024-04-25 00:00,NE6 5DJ,T,N,F,25,,CLEGHORN STREET,,NEWCASTLE UPON TYNE,NEWCASTLE UPON TYNE,TYNE AND WEAR,A,A
{1C3E72FE-BB3E-F410-E063-4804A8C0DFA6},98500,2024-04-05 00:00,NE6 3LF,F,N,L,26,,LAMERTON AVENUE,WALKER,NEWCASTLE UPON TYNE,NEWCASTLE UPON TYNE,TYNE AND WEAR,A,A
{2131FCF6-9396-86E8-E063-4804A8C0372B},180000,2024-08-02 00:00,NE6 4UW,S,N,L,86,,WYEDALE WAY,,NEWCASTLE UPON TYNE,NEWCASTLE UPON TYNE,TYNE AND WEAR,A,A
{2859C1AC-A043-52B4-E063-4804A8C05948},269995,2024-03-21 00:00,NE6 5BP,T,Y,F,6,,GREENHEAD DRIVE,,NEWCASTLE UPON TYNE,NEWCASTLE UPON TYNE,TYNE AND WEAR,A,A
{2859C1AC-A284-52B4-E063-4804A8C05948},245000,2024-08-12 00:00,CF24 3HH,T,N,F,155,,CYFARTHFA STREET,,CARDIFF,CARDIFF,CARDIFF,A,A
{1C3E72FE-B902-F410-E063-4804A8C0DFA6},140000,2024-02-23 00:00,NE6 4HD,T,N,F,3,,KENTMERE AVENUE,,NEWCASTLE UPON TYNE,NEWCASTLE UPON TYNE,TYNE AND WEAR,A,A
{1C3E72FE-B908-F410-E063-4804A8C0DFA6},205000,2024-02-21 00:00,NE6 4HX,S,N,F,44,,WHINNEYFIELD ROAD,,NEWCASTLE UPON TYNE,NEWCASTLE UPON TYNE,TYNE AND WEAR,A,A
{2131FCF6-9BC2-86E8-E063-4804A8C0372B},165000,2024-07-29 00:00,CF24 2PR,S,N,F,43,,SKELMUIR ROAD,,CARDIFF,CARDIFF,CARDIFF,A,A
{1C3E72FE-B91F-F410-E063-4804A8C0DFA6},330000,2024-01-08 00:00,NE6 5HS,T,N,F,138,,CARDIGAN TERRACE,,NEWCASTLE UPON TYNE,NEWCASTLE UPON TYNE,TYNE AND WEAR,A,A
{2131FCF6-3668-86E8-E063-4804A8C0372B},150000,2024-08-01 00:00,M14 6UD,F,N,L,19,FLAT 4,CLIFTON AVENUE,,MANCHESTER,MANCHESTER,GREATER MANCHESTER,A,A
{1C3E72FE-BB79-F410-E063-4804A8C0DFA6},260000,2024-03-08 00:00,NE6 5NS,T,N,F,36,,FALMOUTH ROAD,,NEWCASTLE UPON TYNE,NEWCASTLE UPON TYNE,TYNE AND WEAR,A,A
{1C3E72FE-BB95-F410-E063-4804A8C0DFA6},150000,2024-05-01 00:00,NE6 3UQ,S,N,F,28,,STATION ROAD,WALKER,NEWCASTLE UPON TYNE,NEWCASTLE UPON TYNE,TYNE AND WEAR,A,A
{1C3E72FE-B94C-F410-E063-4804A8C0DFA6},118000,2024-03-15 00:00,NE6 2AH,T,N,F,72,,HARBOTTLE COURT,,NEWCASTLE UPON TYNE,NEWCASTLE UPON TYNE,TYNE AND WEAR,A,A
{1C3E72FE-B965-F410-E063-4804A8C0DFA6},238750,2024-06-17 00:00,NE6 5TJ,S,N,F,55,,DEBDON GARDENS,,NEWCASTLE UPON TYNE,NEWCASTLE UPON TYNE,TYNE AND WEAR,A,A
{1C3E72FE-BBAE-F410-E063-4804A8C0DFA6},158000,2024-01-31 00:00,NE6 5DY,F,N,L,154,,TREWHITT ROAD,,NEWCASTLE UPON TYNE,NEWCASTLE UPON TYNE,TYNE AND WEAR,A,A
{2859C1AC-9B0B-52B4-E063-4804A8C05948},169000,2024-03-14 00:00,NE6 5EA,F,N,L,157,,TOSSON TERRACE,,NEWCASTLE UPON TYNE,NEWCASTLE UPON TYNE,TYNE AND WEAR,A,A
{2859C1AC-9B11-52B4-E063-4804A8C05948},168000,2024-10-16 00:00,NE6 4XT,S,N,F,244,,WESTBOURNE AVENUE,WALKERGATE,NEWCASTLE UPON TYNE,NEWCASTLE UPON TYNE,TYNE AND WEAR,A,A
{2859C1AC-9B16-52B4-E063-4804A8C05948},60000,2024-10-25 00:00,NE6 2UN,F,N,L,21,,ALGERNON ROAD,,NEWCASTLE UPON TYNE,NEWCASTLE UPON TYNE,TYNE AND WEAR,A,A
{2859C1AC-9D42-52B4-E063-4804A8C05948},116000,2024-08-02 00:00,NE6 4QN,F,N,F,774,,SHIELDS ROAD,,NEWCASTLE UPON TYNE,NEWCASTLE UPON TYNE,TYNE AND WEAR,A,A
{1C3E72FE-BBBF-F410-E063-4804A8C0DFA6},124000,2024-04-19 00:00,NE6 4DR,T,N,F,36,,BLACKWELL AVENUE,,NEWCASTLE UPON TYNE,NEWCASTLE UPON TYNE,TYNE AND WEAR,A,A
{2131FCF6-9194-86E8-E063-4804A8C0372B},325000,2024-07-31 00:00,NE6 5XU,T,N,F,12,,TENTH AVENUE,,NEWCASTLE UPON TYNE,NEWCASTLE UPON TYNE,TYNE AND WEAR,A,A
{2131FCF6-9723-86E8-E063-4804A8C0372B},140000,2024-07-22 00:00,CF24 2AR,T,N,F,7,,ASGOG STREET,,CARDIFF,CARDIFF,CARDIFF,A,A
{2859C1AC-9D44-52B4-E063-4804A8C05948},114500,2024-07-16 00:00,NE6 2QE,T,N,F,21,,LEICESTER STREET,,NEWCASTLE UPON TYNE,NEWCASTLE UPON TYNE,TYNE AND WEAR,A,A
{2859C1AC-9D52-52B4-E063-4804A8C05948},120000,2024-07-30 00:00,NE6 1BZ,F,N,L,OUSEBURN WHARF,99,ST LAWRENCE ROAD,,NEWCASTLE UPON TYNE,NEWCASTLE UPON TYNE,TYNE AND WEAR,B,A
{2859C1AC-A2AB-52B4-E063-4804A8C05948},277500,2024-10-18 00:00,CF24 4SZ,T,N,F,181,,ARABELLA STREET,,CARDIFF,CARDIFF,CARDIFF,A,A
{2859C1AC-A2C4-52B4-E063-4804A8C05948},230000,2024-08-09 00:00,CF24 1PZ,T,N,F,46,,SAPPHIRE STREET,,CARDIFF,CARDIFF,CARDIFF,A,A
{2859C1AC-A2CA-52B4-E063-4804A8C05948},263000,2024-10-25 00:00,CF24 3HP,T,N,F,111,,TREHARRIS STREET,,CARDIFF,CARDIFF,CARDIFF,A,A
{2131FCF6-9BE5-86E8-E063-4804A8C0372B},278000,2024-05-02 00:00,CF24 2HL,S,N,F,25,,CLOS HECTOR,,CARDIFF,CARDIFF,CARDIFF,A,A
{2859C1AC-A520-52B4-E063-4804A8C05948},168000,2024-10-10 00:00,CF24 2TE,T,N,F,75,,MERCIA ROAD,,CARDIFF,CARDIFF,CARDIFF,A,A
{2859C1AC-A74C-52B4-E063-4804A8C05948},252500,2024-10-18 00:00,CF24 2SE,S,N,F,2,,BECKGROVE CLOSE,,CARDIFF,CARDIFF,CARDIFF,A,A
{2859C1AC-A75C-52B4-E063-4804A8C05948},230000,2024-11-01 00:00,CF24 2SE,D,N,F,43,,BECKGROVE CLOSE,,CARDIFF,CARDIFF,CARDIFF,A,A
{2859C1AC-9B33-52B4-E063-4804A8C05948},125000,2024-11-12 00:00,NE6 3HU,T,N,F,52,,CHURCH WALK,,NEWCASTLE UPON TYNE,NEWCASTLE UPON TYNE,TYNE AND WEAR,A,A
{2131FCF6-91B2-86E8-E063-4804A8C0372B},130000,2024-04-09 00:00,NE6 5UY,F,N,L,43,,BENFIELD ROAD,,NEWCASTLE UPON TYNE,NEWCASTLE UPON TYNE,TYNE AND WEAR,A,A
{2131FCF6-93D7-86E8-E063-4804A8C0372B},155000,2024-07-24 00:00,NE6 2US,T,N,F,57,,LAWSON CLOSE,,NEWCASTLE UPON TYNE,NEWCASTLE UPON TYNE,TYNE AND WEAR,A,A
{2131FCF6-93DD-86E8-E063-4804A8C0372B},183000,2024-07-24 00:00,NE6 2UL,T,N,F,9,,LAWSON CLOSE,,NEWCASTLE UPON TYNE,NEWCASTLE UPON TYNE,TYNE AND WEAR,A,A
{2131FCF6-93DF-86E8-E063-4804A8C0372B},152000,2024-08-01 00:00,NE6 2US,T,N,F,62,,LAWSON CLOSE,,NEWCASTLE UPON TYNE,NEWCASTLE UPON TYNE,TYNE AND WEAR,A,A
{2859C1AC-9B3E-52B4-E063-4804A8C05948},183749,2024-11-01 00:00,NE6 5TB,F,N,L,128,,SACKVILLE ROAD,,NEWCASTLE UPON TYNE,NEWCASTLE UPON TYNE,TYNE AND WEAR,A,A
{2859C1AC-9B40-52B4-E063-4804A8C05948},169500,2024-10-11 00:00,NE6 5EA,F,N,L,199,,TOSSON TERRACE,,NEWCASTLE UPON TYNE,NEWCASTLE UPON TYNE,TYNE AND WEAR,A,A
{2859C1AC-9D7A-52B4-E063-4804A8C05948},130000,2024-06-28 00:00,NE6 5LS,F,N,L,66,,WARTON TERRACE,,NEWCASTLE UPON TYNE,NEWCASTLE UPON TYNE,TYNE AND WEAR,A,A
{2859C1AC-A2D7-52B4-E063-4804A8C05948},215000,2024-07-10 00:00,CF24 0EN,T,N,F,8,,AUGUSTA STREET,,CARDIFF,CARDIFF,CARDIFF,A,A
{2859C1AC-A2DA-52B4-E063-4804A8C05948},148000,2024-10-25 00:00,CF24 2AR,T,N,F,1,,ASGOG STREET,,CARDIFF,CARDIFF,CARDIFF,A,A
{2131FCF6-973C-86E8-E063-4804A8C0372B},250000,2024-08-05 00:00,CF24 4SY,T,N,F,126,,ARABELLA STREET,,CARDIFF,CARDIFF,CARDIFF,A,A
{2131FCF6-9991-86E8-E063-4804A8C0372B},210000,2024-07-08 00:00,CF24 2SW,T,N,F,35,,MEREDITH ROAD,,CARDIFF,CARDIFF,CARDIFF,A,A
{2131FCF6-999D-86E8-E063-4804A8C0372B},480000,2024-07-31 00:00,CF24 3PR,T,N,F,3,,PRINCES STREET,,CARDIFF,CARDIFF,CARDIFF,A,A
{2131FCF6-9BEC-86E8-E063-4804A8C0372B},320000,2024-07-22 00:00,CF24 4EX,T,N,F,38,,MAY STREET,,CARDIFF,CARDIFF,CARDIFF,A,A
{2859C1AC-A2EE-52B4-E063-4804A8C05948},205000,2024-07-19 00:00,CF24 1NU,T,N,F,27,,CECIL STREET,ROATH,CARDIFF,CARDIFF,CARDIFF,A,A
{2859C1AC-A2F2-52B4-E063-4804A8C05948},270000,2024-11-04 00:00,CF24 3JY,T,N,F,96,,GLENROY STREET,,CARDIFF,CARDIFF,CARDIFF,A,A
{2859C1AC-A53A-52B4-E063-4804A8C05948},295000,2024-07-26 00:00,CF24 2JU,T,N,F,22,,UNIVERSITY PLACE,,CARDIFF,CARDIFF,CARDIFF,A,A
{2859C1AC-A77F-52B4-E063-4804A8C05948},264000,2024-08-23 00:00,CF24 3LY,T,N,F,20,,ANGUS STREET,,CARDIFF,CARDIFF,CARDIFF,A,A
{2859C1AC-A789-52B4-E063-4804A8C05948},218000,2024-06-03 00:00,CF24 2SE,T,N,F,35,,BECKGROVE CLOSE,,CARDIFF,CARDIFF,CARDIFF,A,A
{2131FCF6-3679-86E8-E063-4804A8C0372B},137000,2024-01-15 00:00,M1 5QF,F,N,L,"THE QUADRANGLE, 1",APARTMENT 10,LOWER ORMOND STREET,,MANCHESTER,MANCHESTER,GREATER MANCHESTER,A,A
{2131FCF6-3BB6-86E8-E063-4804A8C0372B},325000,2024-07-23 00:00,L15 5BG,T,N,F,16,,PRINCE ALFRED ROAD,,LIVERPOOL,LIVERPOOL,MERSEYSIDE,A,A
{2131FCF6-3BC0-86E8-E063-4804A8C0372B},150000,2024-08-20 00:00,L15 4HB,T,N,F,128,,STEVENSON STREET,,LIVERPOOL,LIVERPOOL,MERSEYSIDE,A,A
{2131FCF6-3BC1-86E8-E063-4804A8C0372B},100000,2024-04-19 00:00,L15 0HU,T,N,F,13,,WHITMAN STREET,,LIVERPOOL,LIVERPOOL,MERSEYSIDE,A,A
{1EAE3DF7-21E1-9EB1-E063-4704A8C09D02},515000,2024-03-15 00:00,CF24 3RX,T,N,F,186,,ALBANY ROAD,,CARDIFF,CARDIFF,CARDIFF,A,A
{2131FCF6-91D5-86E8-E063-4804A8C0372B},100000,2024-07-23 00:00,NE6 2RG,T,N,F,218,,ORPINGTON AVENUE,,NEWCASTLE UPON TYNE,NEWCASTLE UPON TYNE,TYNE AND WEAR,A,A
{2859C1AC-9D88-52B4-E063-4804A8C05948},112500,2024-02-16 00:00,NE6 2LL,T,N,F,95,,MONKCHESTER ROAD,,NEWCASTLE UPON TYNE,NEWCASTLE UPON TYNE,TYNE AND WEAR,A,A
{2131FCF6-975A-86E8-E063-4804A8C0372B},67000,2024-07-09 00:00,CF24 3DF,F,N,L,PENFORD COURT,9,PENLLINE STREET,,CARDIFF,CARDIFF,CARDIFF,B,A
{2131FCF6-9775-86E8-E063-4804A8C0372B},232000,2024-08-02 00:00,CF24 3HL,T,N,F,69,,TREHARRIS STREET,,CARDIFF,CARDIFF,CARDIFF,A,A
{2131FCF6-99C2-86E8-E063-4804A8C0372B},243500,2024-05-10 00:00,CF24 4RS,T,N,F,138,,MACKINTOSH PLACE,,CARDIFF,CARDIFF,CARDIFF,A,A
{2131FCF6-99CD-86E8-E063-4804A8C0372B},193000,2024-06-14 00:00,CF24 1QT,T,N,F,4,,BLANCHE STREET,,CARDIFF,CARDIFF,CARDIFF,A,A
{2131FCF6-99CE-86E8-E063-4804A8C0372B},138000,2024-07-22 00:00,CF24 4SQ,F,N,L,136,,DAVIOT STREET,,CARDIFF,CARDIFF,CARDIFF,A,A
{2131FCF6-99D2-86E8-E063-4804A8C0372B},185000,2024-07-29 00:00,CF24 2AS,T,N,F,15,,GWENDOLINE STREET,,CARDIFF,CARDIFF,CARDIFF,A,A
{2859C1AC-A2F8-52B4-E063-4804A8C05948},335000,2024-09-02 00:00,CF24 4RR,T,N,F,78,,MACKINTOSH PLACE,,CARDIFF,CARDIFF,CARDIFF,A,A
{2859C1AC-A7B6-52B4-E063-4804A8C05948},200000,2024-06-21 00:00,CF24 2RF,S,N,F,108,,TWEEDSMUIR ROAD,,CARDIFF,CARDIFF,CARDIFF,A,A
{2859C1AC-9B74-52B4-E063-4804A8C05948},355000,2024-11-06 00:00,NE6 1TS,S,N,F,35,,TRINITY COURTYARD,,NEWCASTLE UPON TYNE,NEWCASTLE UPON TYNE,TYNE AND WEAR,A,A
{2859C1AC-9B75-52B4-E063-4804A8C05948},345000,2024-10-17 00:00,NE6 1TS,T,N,F,27,,TRINITY COURTYARD,,NEWCASTLE UPON TYNE,NEWCASTLE UPON TYNE,TYNE AND WEAR,A,A
{2859C1AC-9B89-52B4-E063-4804A8C05948},217000,2024-11-04 00:00,NE6 4YA,S,N,F,28,,SELBY GARDENS,,NEWCASTLE UPON TYNE,NEWCASTLE UPON TYNE,TYNE AND WEAR,A,A
{2859C1AC-9DAA-52B4-E063-4804A8C05948},181000,2024-10-31 00:00,NE6 4UW,T,N,F,2,,WYEDALE WAY,,NEWCASTLE UPON TYNE,NEWCASTLE UPON TYNE,TYNE AND WEAR,A,A
{2859C1AC-9DBC-52B4-E063-4804A8C05948},285000,2024-06-28 00:00,NE6 5YJ,S,N,F,84,,THIRD AVENUE,HEATON,NEWCASTLE UPON TYNE,NEWCASTLE UPON TYNE,TYNE AND WEAR,A,A
{2131FCF6-9213-86E8-E063-4804A8C0372B},210000,2024-07-11 00:00,NE6 5UD,D,N,F,31,,HUNTCLIFFE GARDENS,,NEWCASTLE UPON TYNE,NEWCASTLE UPON TYNE,TYNE AND WEAR,A,A
{2131FCF6-9216-86E8-E063-4804A8C0372B},163000,2024-07-22 00:00,NE6 1XP,T,N,F,28,,NORTH VIEW,HEATON,NEWCASTLE UPON TYNE,NEWCASTLE UPON TYNE,TYNE AND WEAR,A,A
{2131FCF6-921B-86E8-E063-4804A8C0372B},278500,2024-07-31 00:00,NE6 4TS,S,N,F,23,,PEARTREE GARDENS,,NEWCASTLE UPON TYNE,NEWCASTLE UPON TYNE,TYNE AND WEAR,A,A
{2131FCF6-97C0-86E8-E063-4804A8C0372B},268000,2024-04-12 00:00,CF24 3HB,T,N,F,45,,UPPER KINCRAIG STREET,ROATH,CARDIFF,CARDIFF,CARDIFF,A,A
{2131FCF6-97C7-86E8-E063-4804A8C0372B},300000,2024-06-04 00:00,CF24 4QU,T,N,F,9,,TEWKESBURY PLACE,,CARDIFF,CARDIFF,CARDIFF,A,A
{2131FCF6-9A1A-86E8-E063-4804A8C0372B},105000,2024-03-18 00:00,CF24 0LD,F,N,L,10,FLAT 4,PIERCEFIELD PLACE,,CARDIFF,CARDIFF,CARDIFF,A,A
{1EAE3DF6-D3DE-9EB1-E063-4704A8C09D02},135000,2024-03-01 00:00,NG7 6PX,T,N,F,125,,HARCOURT ROAD,,NOTTINGHAM,CITY OF NOTTINGHAM,CITY OF NOTTINGHAM,A,A
{1EAE3DF6-D3E8-9EB1-E063-4704A8C09D02},1130000,2024-03-14 00:00,NG7 1BW,D,N,F,5,,HUNTINGDON DRIVE,,NOTTINGHAM,CITY OF NOTTINGHAM,CITY OF NOTTINGHAM,A,A
{1EAE3DF6-D3F2-9EB1-E063-4704A8C09D02},205000,2024-02-19 00:00,NG7 7AL,S,N,F,9,,SANDON STREET,,NOTTINGHAM,CITY OF NOTTINGHAM,CITY OF NOTTINGHAM,A,A
{1EAE3DF6-D3F6-9EB1-E063-4704A8C09D02},256000,2024-03-05 00:00,NG7 1DX,F,N,L,9,FLAT 5,LENTON AVENUE,,NOTTINGHAM,CITY OF NOTTINGHAM,CITY OF NOTTINGHAM,A,A
{1EAE3DF6-D404-9EB1-E063-4704A8C09D02},225000,2024-02-23 00:00,NG7 4BQ,T,N,F,41,,SOUTHEY STREET,,NOTTINGHAM,CITY OF NOTTINGHAM,CITY OF NOTTINGHAM,A,A
{1EAE3DF6-D40F-9EB1-E063-4704A8C09D02},395500,2024-04-05 00:00,NG7 4DU,S,N,F,1,,GEDLING GROVE,,NOTTINGHAM,CITY OF NOTTINGHAM,CITY OF NOTTINGHAM,A,A
{2131FCF6-923F-86E8-E063-4804A8C0372B},450000,2024-07-22 00:00,NE6 5XH,T,N,F,34,,ROTHBURY TERRACE,,NEWCASTLE UPON TYNE,NEWCASTLE UPON TYNE,TYNE AND WEAR,A,A
{2131FCF6-9547-86E8-E063-4804A8C0372B},70000,2024-07-09 00:00,NE6 5SP,F,N,L,202,,BIDDLESTONE ROAD,HEATON,NEWCASTLE UPON TYNE,NEWCASTLE UPON TYNE,TYNE AND WEAR,A,A
{1EAE3DF6-D511-9EB1-E063-4704A8C09D02},132500,2024-03-14 00:00,NG7 6GW,T,N,F,136,,RUSSELL ROAD,,NOTTINGHAM,CITY OF NOTTINGHAM,CITY OF NOTTINGHAM,A,A
{1EAE3DF6-D532-9EB1-E063-4704A8C09D02},111000,2024-06-14 00:00,NG7 7EJ,T,N,F,17,,CHELMSFORD ROAD,,NOTTINGHAM,CITY OF NOTTINGHAM,CITY OF NOTTINGHAM,A,A
{1EAE3DF6-D538-9EB1-E063-4704A8C09D02},100000,2024-03-08 00:00,NG7 6HH,T,N,F,94,,EWART ROAD,,NOTTINGHAM,CITY OF NOTTINGHAM,CITY OF NOTTINGHAM,A,A
{1EAE3DF6-D666-9EB1-E063-4704A8C09D02},136000,2024-07-08 00:00,NG7 4DG,F,N,L,CLEEVES COURT,FLAT 8,RALEIGH STREET,,NOTTINGHAM,CITY OF NOTTINGHAM,CITY OF NOTTINGHAM,A,A
{1EAE3DF6-D7D9-9EB1-E063-4704A8C09D02},183000,2024-03-11 00:00,NG7 1EH,F,N,L,7,FLAT 6,CLUMBER CRESCENT SOUTH,,NOTTINGHAM,CITY OF NOTTINGHAM,CITY OF NOTTINGHAM,A,A
{1EAE3DF6-D460-9EB1-E063-4704A8C09D02},99000,2024-07-25 00:00,NG7 7EU,T,N,F,373,,NOTTINGHAM ROAD,,NOTTINGHAM,CITY OF NOTTINGHAM,CITY OF NOTTINGHAM,A,A
{1EAE3DF6-D46E-9EB1-E063-4704A8C09D02},180000,2024-03-08 00:00,NG7 1SP,T,N,F,15,,WILLOUGHBY STREET,,NOTTINGHAM,CITY OF NOTTINGHAM,CITY OF NOTTINGHAM,A,A
{1EAE3DF6-D558-9EB1-E063-4704A8C09D02},160000,2024-06-04 00:00,NG7 3JZ,T,N,F,7,,OLD MILL CLOSE,,NOTTINGHAM,CITY OF NOTTINGHAM,CITY OF NOTTINGHAM,A,A
{1EAE3DF6-D677-9EB1-E063-4704A8C09D02},160000,2024-03-01 00:00,NG7 5PU,T,N,F,21,,FIELD MAPLE DRIVE,,NOTTINGHAM,CITY OF NOTTINGHAM,CITY OF NOTTINGHAM,A,A
{1EAE3DF6-D67E-9EB1-E063-4704A8C09D02},115000,2024-03-22 00:00,NG7 7JS,T,N,F,31,,GAWTHORNE STREET,,NOTTINGHAM,CITY OF NOTTINGHAM,CITY OF NOTTINGHAM,A,A
{1EAE3DF6-D684-9EB1-E063-4704A8C09D02},255000,2024-06-20 00:00,NG7 1AF,F,N,L,THE PARK OCTAGON,FLAT 21,WESTERN TERRACE,THE PARK,NOTTINGHAM,CITY OF NOTTINGHAM,CITY OF NOTTINGHAM,A,A
{1EAE3DF6-D486-9EB1-E063-4704A8C09D02},120000,2024-02-23 00:00,NG7 7GH,T,N,F,22,,CAIRO STREET,,NOTTINGHAM,CITY OF NOTTINGHAM,CITY OF NOTTINGHAM,A,A
{1EAE3DF6-D496-9EB1-E063-4704A8C09D02},180000,2024-03-11 00:00,NG7 1RR,T,N,F,49,,PARK STREET,,NOTTINGHAM,CITY OF NOTTINGHAM,CITY OF NOTTINGHAM,A,A
{1EAE3DF6-D57F-9EB1-E063-4704A8C09D02},490000,2024-06-25 00:00,NG7 1PG,D,N,F,4,,FOXES CLOSE,,NOTTINGHAM,CITY OF NOTTINGHAM,CITY OF NOTTINGHAM,A,A
{1EAE3DF6-D594-9EB1-E063-4704A8C09D02},130000,2024-03-22 00:00,NG7 4DP,F,N,L,7,FLAT 2,ALL SAINTS STREET,,NOTTINGHAM,CITY OF NOTTINGHAM,CITY OF NOTTINGHAM,A,A
{1EAE3DF6-D6AC-9EB1-E063-4704A8C09D02},317750,2024-03-27 00:00,NG7 1ND,F,N,L,5,,DERBY TERRACE,,NOTTINGHAM,CITY OF NOTTINGHAM,CITY OF NOTTINGHAM,A,A
{1EAE3DF6-D81B-9EB1-E063-4704A8C09D02},145000,2024-06-11 00:00,NG7 1QD,F,N,L,12,APARTMENT 8,ASHBURNHAM AVENUE,,NOTTINGHAM,CITY OF NOTTINGHAM,CITY OF NOTTINGHAM,A,A
{2131FCF6-9253-86E8-E063-4804A8C0372B},236000,2024-04-09 00:00,NE6 4NX,S,N,F,31,,LARCHWOOD AVENUE,WALKERVILLE,NEWCASTLE UPON TYNE,NEWCASTLE UPON TYNE,TYNE AND WEAR,A,A
{2131FCF6-9254-86E8-E063-4804A8C0372B},108650,2024-03-20 00:00,NE6 2JA,T,N,F,66,,CULLERCOATS STREET,,NEWCASTLE UPON TYNE,NEWCASTLE UPON TYNE,TYNE AND WEAR,A,A
{2131FCF6-9255-86E8-E063-4804A8C0372B},120000,2024-07-15 00:00,NE6 4AS,S,N,F,5,,THORNE TERRACE,,NEWCASTLE UPON TYNE,NEWCASTLE UPON TYNE,TYNE AND WEAR,A,A
{1EAE3DF6-D6BA-9EB1-E063-4704A8C09D02},95000,2024-04-08 00:00,NG7 6GB,F,N,L,"THE PAVILION, 3",APARTMENT 25,RUSSELL ROAD,,NOTTINGHAM,CITY OF NOTTINGHAM,CITY OF NOTTINGHAM,A,A
{1EAE3DF6-D6D9-9EB1-E063-4704A8C09D02},125000,2024-07-18 00:00,NG7 5PD,T,N,F,48,,WIMBOURNE ROAD,,NOTTINGHAM,CITY OF NOTTINGHAM,CITY OF NOTTINGHAM,A,A
{1EAE3DF6-D9B4-9EB1-E063-4704A8C09D02},180000,2024-03-22 00:00,NG7 3BN,T,N,F,102,,RADFORD BOULEVARD,,NOTTINGHAM,CITY OF NOTTINGHAM,CITY OF NOTTINGHAM,A,A
{1EAE3DF6-D9BE-9EB1-E063-4704A8C09D02},128000,2024-06-27 00:00,NG7 6HH,T,N,F,126,,EWART ROAD,,NOTTINGHAM,CITY OF NOTTINGHAM,CITY OF NOTTINGHAM,A,A
{1EAE3DF6-D4D0-9EB1-E063-4704A8C09D02},257000,2024-02-02 00:00,NG7 2JE,S,N,F,72,,HIGHFIELD ROAD,,NOTTINGHAM,CITY OF NOTTINGHAM,CITY OF NOTTINGHAM,A,A
{1EAE3DF6-D5CC-9EB1-E063-4704A8C09D02},172500,2024-02-16 00:00,NG7 7AJ,T,N,F,61,,NOTTINGHAM ROAD,,NOTTINGHAM,CITY OF NOTTINGHAM,CITY OF NOTTINGHAM,A,A
{1EAE3DF6-D5CF-9EB1-E063-4704A8C09D02},137000,2024-07-10 00:00,NG7 6PX,T,N,F,97,,HARCOURT ROAD,,NOTTINGHAM,CITY OF NOTTINGHAM,CITY OF NOTTINGHAM,A,A
{2131FCF6-9A67-86E8-E063-4804A8C0372B},265000,2024-06-24 00:00,CF24 1HE,T,N,F,2,,PEARL PLACE,,CARDIFF,CARDIFF,CARDIFF,A,A
{1EAE3DF6-D6F8-9EB1-E063-4704A8C09D02},167500,2024-07-05 00:00,NG7 1EF,S,N,F,HOLLY LODGE,THE COACH HOUSE,CLUMBER ROAD WEST,,NOTTINGHAM,CITY OF NOTTINGHAM,CITY OF NOTTINGHAM,A,A
{1EAE3DF6-D5F7-9EB1-E063-4704A8C09D02},477500,2024-06-04 00:00,NG7 1BX,S,N,F,15,,TATTERSHALL DRIVE,,NOTTINGHAM,CITY OF NOTTINGHAM,CITY OF NOTTINGHAM,A,A
{1EAE3DF6-D98D-9EB1-E063-4704A8C09D02},130000,2024-05-17 00:00,NG7 3DU,T,N,F,8,,LONSDALE ROAD,,NOTTINGHAM,CITY OF NOTTINGHAM,CITY OF NOTTINGHAM,A,A
{152AB733-F978-E651-E063-4704A8C061D9},234000,2024-02-02 00:00,L15 6UQ,S,N,F,6,,DAFFODIL ROAD,,LIVERPOOL,LIVERPOOL,MERSEYSIDE,A,A
{152AB733-F996-E651-E063-4704A8C061D9},211000,2024-02-28 00:00,L15 3JF,T,N,F,69,,BROOKDALE ROAD,,LIVERPOOL,LIVERPOOL,MERSEYSIDE,A,A
{2131FCF6-982B-86E8-E063-4804A8C0372B},153500,2024-07-24 00:00,CF24 4LT,D,N,F,1A,,GELLIGAER GARDENS,,CARDIFF,CARDIFF,CARDIFF,A,A
{1EAE3DF6-D7ED-9EB1-E063-4704A8C09D02},122000,2024-07-05 00:00,NG7 2RW,F,N,L,39,,TONNELIER ROAD,,NOTTINGHAM,CITY OF NOTTINGHAM,CITY OF NOTTINGHAM,A,A
{1061746E-4BAF-3C34-E063-4804A8C0F9E7},250000,2024-01-04 00:00,NG7 1JQ,F,N,L,"THE BARTONS, 1",APARTMENT 6,HARRINGTON DRIVE,,NOTTINGHAM,CITY OF NOTTINGHAM,CITY OF NOTTINGHAM,A,A
{2131FCF6-9A7D-86E8-E063-4804A8C0372B},230000,2024-08-02 00:00,CF24 1RP,T,N,F,425,,NEWPORT ROAD,,CARDIFF,CARDIFF,CARDIFF,A,A
{2131FCF6-9A84-86E8-E063-4804A8C0372B},210000,2024-07-24 00:00,CF24 2SE,S,N,F,23,,BECKGROVE CLOSE,,CARDIFF,CARDIFF,CARDIFF,A,A
{1EAE3DF6-D9B2-9EB1-E063-4704A8C09D02},120000,2024-07-09 00:00,NG7 7GJ,T,N,F,12,,DELTA STREET,,NOTTINGHAM,CITY OF NOTTINGHAM,CITY OF NOTTINGHAM,A,A
{152AB733-FA92-E651-E063-4704A8C061D9},280500,2024-01-05 00:00,L15 7JB,T,N,L,6,,NOOK RISE,,LIVERPOOL,LIVERPOOL,MERSEYSIDE,A,A
{152AB734-0BCC-E651-E063-4704A8C061D9},160000,2024-03-07 00:00,NG7 6JA,T,N,F,19A,,ALBERTA TERRACE,,NOTTINGHAM,CITY OF NOTTINGHAM,CITY OF NOTTINGHAM,A,A
{152AB733-FFDC-E651-E063-4704A8C061D9},207000,2024-03-01 00:00,NE6 4RT,S,N,L,37,,BARET ROAD,,NEWCASTLE UPON TYNE,NEWCASTLE UPON TYNE,TYNE AND WEAR,A,A
{2131FCF6-9291-86E8-E063-4804A8C0372B},155000,2024-07-19 00:00,NE6 5AA,F,N,L,28,,STANNINGTON AVENUE,,NEWCASTLE UPON TYNE,NEWCASTLE UPON TYNE,TYNE AND WEAR,A,A
{2131FCF6-929F-86E8-E063-4804A8C0372B},141500,2024-08-09 00:00,NE6 3LY,S,N,F,14,,CARNABY ROAD,,NEWCASTLE UPON TYNE,NEWCASTLE UPON TYNE,TYNE AND WEAR,A,A
{152AB734-0AB0-E651-E063-4704A8C061D9},182500,2024-02-26 00:00,NG7 6HA,T,N,F,105,,RUSSELL ROAD,,NOTTINGHAM,CITY OF NOTTINGHAM,CITY OF NOTTINGHAM,A,A
{2131FCF6-984F-86E8-E063-4804A8C0372B},160000,2024-07-26 00:00,CF24 2LW,T,N,F,32,,HORWOOD CLOSE,,CARDIFF,CARDIFF,CARDIFF,A,A
{2131FCF6-9AB4-86E8-E063-4804A8C0372B},245000,2024-07-05 00:00,CF24 4PD,T,N,F,24,,ROBERT STREET,CATHAYS,CARDIFF,CARDIFF,CARDIFF,A,A
{152AB734-850D-E651-E063-4704A8C061D9},135500,2024-03-08 00:00,L15 8JS,T,N,F,106,,HIGH STREET,WAVERTREE,LIVERPOOL,LIVERPOOL,MERSEYSIDE,B,A
{152AB734-851B-E651-E063-4704A8C061D9},213000,2024-02-22 00:00,L15 2HH,T,N,F,37,,PORTMAN ROAD,,LIVERPOOL,LIVERPOOL,MERSEYSIDE,B,A
{152AB734-8530-E651-E063-4704A8C061D9},275000,2024-03-14 00:00,L15 5AJ,F,N,F,298A,,SMITHDOWN ROAD,,LIVERPOOL,LIVERPOOL,MERSEYSIDE,B,A
{2131FCF6-95FF-86E8-E063-4804A8C0372B},269000,2024-07-05 00:00,CF24 3HA,T,N,F,4,,UPPER KINCRAIG STREET,ROATH,CARDIFF,CARDIFF,CARDIFF,A,A
{1EAE3DF7-15CB-9EB1-E063-4704A8C09D02},188000,2024-02-29 00:00,NE6 5QH,F,N,L,328,FLAT 1,HEATON ROAD,,NEWCASTLE UPON TYNE,NEWCASTLE UPON TYNE,TYNE AND WEAR,A,A
{1EAE3DF7-15D4-9EB1-E063-4704A8C09D02},140000,2024-02-23 00:00,NE6 3ES,T,N,F,32,,CHALFONT ROAD,,NEWCASTLE UPON TYNE,NEWCASTLE UPON TYNE,TYNE AND WEAR,A,A
{1EAE3DF7-15DA-9EB1-E063-4704A8C09D02},282000,2024-03-20 00:00,NE6 5NS,T,N,F,9,,FALMOUTH ROAD,,NEWCASTLE UPON TYNE,NEWCASTLE UPON TYNE,TYNE AND WEAR,A,A
{152AB734-856C-E651-E063-4704A8C061D9},87000,2024-02-29 00:00,L15 0EZ,T,N,F,93,,GROSVENOR ROAD,WAVERTREE,LIVERPOOL,LIVERPOOL,MERSEYSIDE,B,A
{152AB734-856E-E651-E063-4704A8C061D9},190000,2024-01-25 00:00,L15 1ES,O,N,F,103,,ASH GROVE,WAVERTREE,LIVERPOOL,LIVERPOOL,MERSEYSIDE,B,A
{1EAE3DF7-15EA-9EB1-E063-4704A8C09D02},180000,2024-03-22 00:00,NE6 5NA,F,N,F,11,,ADDYCOMBE TERRACE,,NEWCASTLE UPON TYNE,NEWCASTLE UPON TYNE,TYNE AND WEAR,A,A
{1EAE3DF7-15F1-9EB1-E063-4704A8C09D02},108000,2024-06-28 00:00,NE6 4AF,S,N,F,7,,ST OSWALDS GREEN,,NEWCASTLE UPON TYNE,NEWCASTLE UPON TYNE,TYNE AND WEAR,A,A
{1061746E-89CB-3C34-E063-4804A8C0F9E7},130000,2024-01-04 00:00,NE6 1DQ,T,N,F,219,,SHIELDS ROAD,,NEWCASTLE UPON TYNE,NEWCASTLE UPON TYNE,TYNE AND WEAR,A,A
{152AB734-85A7-E651-E063-4704A8C061D9},240000,2024-02-23 00:00,L15 2HT,T,N,F,36,,LANGTON ROAD,WAVERTREE,LIVERPOOL,LIVERPOOL,MERSEYSIDE,B,A
{152AB734-85A9-E651-E063-4704A8C061D9},65000,2024-03-14 00:00,L15 4HJ,T,N,F,55,,SUNNINGDALE ROAD,,LIVERPOOL,LIVERPOOL,MERSEYSIDE,B,A
{1061746E-8A3A-3C34-E063-4804A8C0F9E7},115000,2024-01-12 00:00,NE6 2LT,T,N,F,18,,WIGMORE AVENUE,,NEWCASTLE UPON TYNE,NEWCASTLE UPON TYNE,TYNE AND WEAR,A,A
{1EAE3DF7-16F2-9EB1-E063-4704A8C09D02},186000,2024-05-23 00:00,NE6 5TE,F,N,L,2,,DANBY GARDENS,,NEWCASTLE UPON TYNE,NEWCASTLE UPON TYNE,TYNE AND WEAR,A,A
{1EAE3DF7-16FA-9EB1-E063-4704A8C09D02},152500,2024-04-05 00:00,NE6 5DR,F,N,L,240,,SIMONSIDE TERRACE,,NEWCASTLE UPON TYNE,NEWCASTLE UPON TYNE,TYNE AND WEAR,A,A
{152AB734-9680-E651-E063-4704A8C061D9},265000,2024-02-02 00:00,CF24 4BG,T,N,F,85,,WYEVERNE ROAD,,CARDIFF,CARDIFF,CARDIFF,B,A
{152AB734-9689-E651-E063-4704A8C061D9},325000,2024-02-19 00:00,CF24 4QG,T,N,F,171,,MALEFANT STREET,,CARDIFF,CARDIFF,CARDIFF,B,A
{2131FCF6-90A9-86E8-E063-4804A8C0372B},164000,2024-08-01 00:00,NE6 4LN,S,N,F,7,,NIDSDALE AVENUE,,NEWCASTLE UPON TYNE,NEWCASTLE UPON TYNE,TYNE AND WEAR,A,A
{152AB734-955C-E651-E063-4704A8C061D9},126000,2024-03-01 00:00,NE6 5YB,O,N,F,13,,EIGHTH AVENUE,,NEWCASTLE UPON TYNE,NEWCASTLE UPON TYNE,TYNE AND WEAR,B,A
{152AB734-959D-E651-E063-4704A8C061D9},190000,2024-03-19 00:00,NE6 5HX,T,N,F,25,,MUNDELLA TERRACE,,NEWCASTLE UPON TYNE,NEWCASTLE UPON TYNE,TYNE AND WEAR,B,A
{152AB734-959E-E651-E063-4704A8C061D9},89500,2024-03-08 00:00,NE6 5DN,F,N,L,23,,MARLEEN AVENUE,,NEWCASTLE UPON TYNE,NEWCASTLE UPON TYNE,TYNE AND WEAR,B,A
{152AB734-82DE-E651-E063-4704A8C061D9},166000,2024-03-01 00:00,M1 5GH,F,N,L,"MACINTOSH MILLS, 4",APARTMENT 67,CAMBRIDGE STREET,,MANCHESTER,MANCHESTER,GREATER MANCHESTER,B,A
{2131FCF6-9614-86E8-E063-4804A8C0372B},200000,2024-03-28 00:00,CF24 1QY,T,N,F,29,,SPRING GARDENS PLACE,,CARDIFF,CARDIFF,CARDIFF,A,A
{2131FCF6-9616-86E8-E063-4804A8C0372B},250000,2024-08-19 00:00,CF24 4QT,T,N,F,76,,TEWKESBURY STREET,,CARDIFF,CARDIFF,CARDIFF,A,A
{2131FCF6-961B-86E8-E063-4804A8C0372B},355000,2024-04-12 00:00,CF24 4QQ,T,N,F,2,,TEWKESBURY STREET,,CARDIFF,CARDIFF,CARDIFF,A,A
{1EAE3DF7-163F-9EB1-E063-4704A8C09D02},135000,2024-03-01 00:00,NE6 3EN,T,N,F,227,,SCROGG ROAD,,NEWCASTLE UPON TYNE,NEWCASTLE UPON TYNE,TYNE AND WEAR,A,A
{1061746E-8EF1-3C34-E063-4804A8C0F9E7},240000,2024-01-18 00:00,CF24 4NS,T,N,F,6,,CRWYS PLACE,,CARDIFF,CARDIFF,CARDIFF,A,A
{152AB734-9665-E651-E063-4704A8C061D9},200000,2024-03-27 00:00,CF24 4BG,T,N,F,41,,WYEVERNE ROAD,,CARDIFF,CARDIFF,CARDIFF,B,A
{1EAE3DF7-16A2-9EB1-E063-4704A8C09D02},70000,2024-07-05 00:00,NE6 2HT,F,N,L,KENDAL HOUSE,6,KENDAL PLACE,,NEWCASTLE UPON TYNE,NEWCASTLE UPON TYNE,TYNE AND WEAR,A,A
{152AB734-96EF-E651-E063-4704A8C061D9},323215,2024-02-29 00:00,CF24 4EU,T,N,F,85,,MINNY STREET,,CARDIFF,CARDIFF,CARDIFF,B,A
{1EAE3DF7-1718-9EB1-E063-4704A8C09D02},160000,2024-07-08 00:00,NE6 4UH,S,N,F,3,,STOTTS ROAD,,NEWCASTLE UPON TYNE,NEWCASTLE UPON TYNE,TYNE AND WEAR,A,A
{1EAE3DF7-1719-9EB1-E063-4704A8C09D02},70000,2024-06-14 00:00,NE6 2RP,F,N,L,282,,GRACE STREET,,NEWCASTLE UPON TYNE,NEWCASTLE UPON TYNE,TYNE AND WEAR,A,A
{1EAE3DF7-1733-9EB1-E063-4704A8C09D02},50000,2024-02-28 00:00,NE6 2RX,F,N,L,196,,SCARBOROUGH ROAD,,NEWCASTLE UPON TYNE,NEWCASTLE UPON TYNE,TYNE AND WEAR,A,A
{152AB734-793B-E651-E063-4704A8C061D9},220000,2024-03-08 00:00,M14 7DA,O,N,F,334,,PLATT LANE,,MANCHESTER,MANCHESTER,GREATER MANCHESTER,B,A
{152AB734-793F-E651-E063-4704A8C061D9},175000,2024-03-15 00:00,M14 6WT,F,N,L,"THE LOWRY, 1",FLAT 3,WHITEOAK ROAD,,MANCHESTER,MANCHESTER,GREATER MANCHESTER,B,A
{152AB734-7941-E651-E063-4704A8C061D9},152500,2024-02-08 00:00,M1 6HP,F,N,L,"CHINA HOUSE, 14",FLAT 11,HARTER STREET,,MANCHESTER,MANCHESTER,GREATER MANCHESTER,B,A
{152AB734-7947-E651-E063-4704A8C061D9},7600000,2024-01-24 00:00,M14 6NL,O,N,F,"ORANGE GROVE, 304",,WILMSLOW ROAD,,MANCHESTER,MANCHESTER,GREATER MANCHESTER,B,A
{152AB734-7960-E651-E063-4704A8C061D9},200000,2024-03-15 00:00,M14 6FW,T,N,L,161,,YEW TREE ROAD,,MANCHESTER,MANCHESTER,GREATER MANCHESTER,B,A
{152AB734-7969-E651-E063-4704A8C061D9},217500,2024-03-04 00:00,M1 2DQ,F,N,L,"BRIDGE HOUSE, 26",APARTMENT 4,DUCIE STREET,,MANCHESTER,MANCHESTER,GREATER MANCHESTER,B,A
{237B17FD-C218-22AC-E063-4804A8C0EA3A},347500,2024-05-17 00:00,CF24 2HB,S,N,F,3,,STERLING CLOSE,SPLOTT,CARDIFF,CARDIFF,CARDIFF,A,A
{1EAE3DF7-1654-9EB1-E063-4704A8C09D02},54500,2024-03-22 00:00,NE6 2SQ,T,N,F,44,,KINGSTON AVENUE,,NEWCASTLE UPON TYNE,NEWCASTLE UPON TYNE,TYNE AND WEAR,A,A
{152AB734-95E3-E651-E063-4704A8C061D9},55000,2024-02-14 00:00,NE6 4JN,T,N,L,715,,WELBECK ROAD,,NEWCASTLE UPON TYNE,NEWCASTLE UPON TYNE,TYNE AND WEAR,B,A
{152AB734-95E4-E651-E063-4704A8C061D9},55000,2024-02-02 00:00,NE6 4JN,T,N,L,741,,WELBECK ROAD,,NEWCASTLE UPON TYNE,NEWCASTLE UPON TYNE,TYNE AND WEAR,B,A
{1EAE3DF7-1665-9EB1-E063-4704A8C09D02},119000,2024-07-08 00:00,NE6 5UE,F,N,L,34,,REDCAR ROAD,,NEWCASTLE UPON TYNE,NEWCASTLE UPON TYNE,TYNE AND WEAR,A,A
{152AB734-7EED-E651-E063-4704A8C061D9},294000,2024-02-09 00:00,L15 3JY,T,N,F,63,,FERNDALE ROAD,WAVERTREE,LIVERPOOL,LIVERPOOL,MERSEYSIDE,B,A
{152AB734-898A-E651-E063-4704A8C061D9},150000,2024-02-16 00:00,NG7 6PX,T,N,F,107,,HARCOURT ROAD,,NOTTINGHAM,CITY OF NOTTINGHAM,CITY OF NOTTINGHAM,B,A
{152AB734-898C-E651-E063-4704A8C061D9},198000,2024-02-28 00:00,NG7 6NR,T,N,F,7,,MYRTLE AVENUE,,NOTTINGHAM,CITY OF NOTTINGHAM,CITY OF NOTTINGHAM,B,A
{152AB734-89BA-E651-E063-4704A8C061D9},82500,2024-02-19 00:00,NG7 7EJ,T,N,F,17,,CHELMSFORD ROAD,,NOTTINGHAM,CITY OF NOTTINGHAM,CITY OF NOTTINGHAM,B,A
{152AB734-89BC-E651-E063-4704A8C061D9},130000,2024-02-09 00:00,NG7 7JP,T,N,F,163,,HIGH CHURCH STREET,,NOTTINGHAM,CITY OF NOTTINGHAM,CITY OF NOTTINGHAM,B,A
{152AB734-89C5-E651-E063-4704A8C061D9},320000,2024-02-09 00:00,NG7 2JS,T,N,F,53,,BEESTON ROAD,,NOTTINGHAM,CITY OF NOTTINGHAM,CITY OF NOTTINGHAM,B,A
{152AB734-89DC-E651-E063-4704A8C061D9},310500,2024-02-23 00:00,NG7 4DT,S,N,F,6B,,BURNS STREET,,NOTTINGHAM,CITY OF NOTTINGHAM,CITY OF NOTTINGHAM,B,A
{237B17FD-C236-22AC-E063-4804A8C0EA3A},245000,2024-05-10 00:00,CF24 3HH,T,N,F,129,,CYFARTHFA STREET,,CARDIFF,CARDIFF,CARDIFF,A,A
{237B17FD-C23F-22AC-E063-4804A8C0EA3A},222000,2024-08-23 00:00,CF24 2NZ,S,N,F,50,,WILSON STREET,,CARDIFF,CARDIFF,CARDIFF,A,A
{237B17FD-C4B0-22AC-E063-4804A8C0EA3A},285000,2024-09-17 00:00,CF24 4TY,T,N,F,28,,ALFRED STREET,,CARDIFF,CARDIFF,CARDIFF,A,A
{152AB734-7F5B-E651-E063-4704A8C061D9},182000,2024-02-22 00:00,M14 6PY,T,N,F,110,,BRAILSFORD ROAD,,MANCHESTER,MANCHESTER,GREATER MANCHESTER,B,A
{152AB734-89FB-E651-E063-4704A8C061D9},80000,2024-02-15 00:00,NG7 7FD,T,N,F,409,,NOTTINGHAM ROAD,,NOTTINGHAM,CITY OF NOTTINGHAM,CITY OF NOTTINGHAM,B,A
{152AB734-89FE-E651-E063-4704A8C061D9},150000,2024-02-28 00:00,NG7 4DN,F,N,L,RALEIGH SQUARE,FLAT 40,RALEIGH STREET,,NOTTINGHAM,CITY OF NOTTINGHAM,CITY OF NOTTINGHAM,B,A
{1775CCF7-E5D2-38BA-E063-4704A8C05A7C},125000,2024-03-26 00:00,M14 5GL,F,N,L,"FAIRFIELD COURT, 78",FLAT 27,DAISY BANK ROAD,,MANCHESTER,MANCHESTER,GREATER MANCHESTER,B,A
{1775CCF7-E639-38BA-E063-4704A8C05A7C},240000,2024-03-04 00:00,M14 5WQ,T,N,L,23,,GRANDALE STREET,,MANCHESTER,MANCHESTER,GREATER MANCHESTER,B,A
{1775CCF7-E680-38BA-E063-4704A8C05A7C},140000,2024-04-09 00:00,M1 5JF,F,N,L,"CHEPSTOW HOUSE, 16 - 20",FLAT 21,CHEPSTOW STREET,,MANCHESTER,MANCHESTER,GREATER MANCHESTER,B,A
{1775CCF7-E681-38BA-E063-4704A8C05A7C},135000,2024-03-26 00:00,M14 6AJ,F,N,L,19 AGNES COURT,,WILMSLOW ROAD,,MANCHESTER,MANCHESTER,GREATER MANCHESTER,B,A
{1775CCF7-E6A8-38BA-E063-4704A8C05A7C},135000,2024-03-26 00:00,M14 6AJ,F,N,L,53 AGNES COURT,,WILMSLOW ROAD,,MANCHESTER,MANCHESTER,GREATER MANCHESTER,B,A
{237B17FD-C4CE-22AC-E063-4804A8C0EA3A},175000,2024-05-09 00:00,CF24 2PS,D,N,F,34,,SKELMUIR ROAD,,CARDIFF,CARDIFF,CARDIFF,A,A
{1775CCF7-E70F-38BA-E063-4704A8C05A7C},250000,2024-03-26 00:00,M14 6EF,T,N,L,47,,WHITEBROOK ROAD,,MANCHESTER,MANCHESTER,GREATER MANCHESTER,B,A
{152AB734-9735-E651-E063-4704A8C061D9},260000,2024-02-01 00:00,CF24 4QQ,T,N,F,18,,TEWKESBURY STREET,,CARDIFF,CARDIFF,CARDIFF,B,A
{237B17FD-C52C-22AC-E063-4804A8C0EA3A},172250,2024-04-19 00:00,CF24 3PY,F,N,L,106,GROUND FLOOR FLAT,CONNAUGHT ROAD,,CARDIFF,CARDIFF,CARDIFF,A,A
{1775CCF7-44FC-38BA-E063-4704A8C05A7C},185000,2024-03-12 00:00,M14 4UT,T,N,F,78,,ROSEBERY STREET,,MANCHESTER,MANCHESTER,GREATER MANCHESTER,A,A
{1775CCF7-451D-38BA-E063-4704A8C05A7C},161965,2024-04-15 00:00,L15 4HQ,T,N,F,34,,RATHBONE ROAD,WAVERTREE,LIVERPOOL,LIVERPOOL,MERSEYSIDE,A,A
{1EAE3DF6-B846-9EB1-E063-4704A8C09D02},472500,2024-07-02 00:00,M1 3AW,F,N,L,"LINTER BUILDING, 44",FLAT 801,WHITWORTH STREET,,MANCHESTER,MANCHESTER,GREATER MANCHESTER,A,A
{1775CCF7-59D5-38BA-E063-4704A8C05A7C},230000,2024-03-20 00:00,M14 4DQ,T,N,F,20,,RUSKIN AVENUE,,MANCHESTER,MANCHESTER,GREATER MANCHESTER,A,A
{237B17FD-C573-22AC-E063-4804A8C0EA3A},145500,2024-03-21 00:00,CF24 1DU,F,N,L,34A,,STACEY ROAD,,CARDIFF,CARDIFF,CARDIFF,A,A
{1EAE3DF6-BDE8-9EB1-E063-4704A8C09D02},260000,2024-07-12 00:00,L15 8HX,T,N,F,10,,ORFORD STREET,,LIVERPOOL,LIVERPOOL,MERSEYSIDE,A,A
{1EAE3DF6-C2EA-9EB1-E063-4704A8C09D02},123000,2024-02-02 00:00,L15 1EF,T,N,F,64,,PLUMER STREET,,LIVERPOOL,LIVERPOOL,MERSEYSIDE,A,A
{1EAE3DF6-BF41-9EB1-E063-4704A8C09D02},150000,2024-03-26 00:00,L15 2HD,T,N,F,209,,SMITHDOWN ROAD,,LIVERPOOL,LIVERPOOL,MERSEYSIDE,A,A
{1EAE3DF6-C2FB-9EB1-E063-4704A8C09D02},86000,2024-04-03 00:00,L15 1EG,T,N,F,18,,METHUEN STREET,,LIVERPOOL,LIVERPOOL,MERSEYSIDE,A,A
{1EAE3DF6-C304-9EB1-E063-4704A8C09D02},172000,2024-06-24 00:00,L15 9HD,T,N,F,33,,LOREBURN ROAD,,LIVERPOOL,LIVERPOOL,MERSEYSIDE,A,A
{1EAE3DF6-C306-9EB1-E063-4704A8C09D02},515000,2024-02-16 00:00,L15 6XN,S,N,F,6,,DUNBABIN ROAD,,LIVERPOOL,LIVERPOOL,MERSEYSIDE,A,A
{1EAE3DF6-BE4F-9EB1-E063-4704A8C09D02},120000,2024-03-01 00:00,L15 4HP,T,N,F,2,,MINDALE ROAD,WAVERTREE,LIVERPOOL,LIVERPOOL,MERSEYSIDE,A,A
{1EAE3DF6-BF92-9EB1-E063-4704A8C09D02},243000,2024-03-01 00:00,L15 8HX,T,N,F,2,,ORFORD STREET,,LIVERPOOL,LIVERPOOL,MERSEYSIDE,A,A
{1EAE3DF6-C0CE-9EB1-E063-4704A8C09D02},115000,2024-06-25 00:00,L15 0HB,T,N,F,78,,GROSVENOR ROAD,WAVERTREE,LIVERPOOL,LIVERPOOL,MERSEYSIDE,A,A
{1EAE3DF6-C0D2-9EB1-E063-4704A8C09D02},152000,2024-03-28 00:00,L15 0AB,S,N,F,17,,MYSTERY CLOSE,,LIVERPOOL,LIVERPOOL,MERSEYSIDE,A,A
{1EAE3DF6-BEB7-9EB1-E063-4704A8C09D02},115000,2024-06-21 00:00,L15 8HP,T,N,F,7,,ARNOLD GROVE,,LIVERPOOL,LIVERPOOL,MERSEYSIDE,A,A
{1775CCF7-5721-38BA-E063-4704A8C05A7C},177000,2024-04-16 00:00,M14 7SH,F,N,L,2,FLAT 332,BLUE MOON WAY,,MANCHESTER,MANCHESTER,GREATER MANCHESTER,A,A
{237B17FD-C5A6-22AC-E063-4804A8C0EA3A},132000,2024-08-23 00:00,CF24 3RD,F,N,L,12C,,OAKFIELD STREET,,CARDIFF,CARDIFF,CARDIFF,A,A
{1775CCF7-5786-38BA-E063-4704A8C05A7C},112500,2024-03-18 00:00,M14 5GL,F,N,L,"FAIRFIELD COURT, 78",FLAT 12,DAISY BANK ROAD,,MANCHESTER,MANCHESTER,GREATER MANCHESTER,A,A
{1775CCF7-578A-38BA-E063-4704A8C05A7C},215000,2024-03-26 00:00,M14 7GT,T,N,L,4,,TRAUTMANN CLOSE,,MANCHESTER,MANCHESTER,GREATER MANCHESTER,A,A
{2D4D7609-BA3B-BDF9-E063-4804A8C0672F},350000,2024-08-22 00:00,LS6 4EG,T,N,F,3,,GROVE GARDENS,HEADINGLEY,LEEDS,LEEDS,WEST YORKSHIRE,A,A
{1775CCF7-5809-38BA-E063-4704A8C05A7C},275000,2024-03-15 00:00,M1 5JD,F,N,L,"AXIS TOWER, 9",FLAT 125,WHITWORTH STREET WEST,,MANCHESTER,MANCHESTER,GREATER MANCHESTER,A,A
{1775CCF7-58CD-38BA-E063-4704A8C05A7C},200000,2024-02-23 00:00,M1 5QF,F,N,L,"THE QUADRANGLE, 1",APARTMENT 19,LOWER ORMOND STREET,,MANCHESTER,MANCHESTER,GREATER MANCHESTER,A,A
{1775CCF7-4438-38BA-E063-4704A8C05A7C},298500,2024-03-04 00:00,M14 6PL,S,N,F,64,,LYTHAM ROAD,,MANCHESTER,MANCHESTER,GREATER MANCHESTER,A,A
{2D4D7609-9CA1-BDF9-E063-4804A8C0672F},505000,2024-10-24 00:00,CF24 1RG,D,N,F,227,,NEWPORT ROAD,,CARDIFF,CARDIFF,CARDIFF,A,A
{1775CCF7-44B2-38BA-E063-4704A8C05A7C},170000,2024-04-19 00:00,M14 4NE,T,N,F,40,,CADOGAN STREET,,MANCHESTER,MANCHESTER,GREATER MANCHESTER,A,A
{1775CCF7-44C8-38BA-E063-4704A8C05A7C},252500,2024-02-23 00:00,L15 5BN,T,N,F,67,,FALLOWFIELD ROAD,,LIVERPOOL,LIVERPOOL,MERSEYSIDE,A,A
{152AB734-443C-E651-E063-4704A8C061D9},155000,2024-02-27 00:00,CF24 2AJ,T,N,F,19,,CUMRAE STREET,,CARDIFF,CARDIFF,CARDIFF,A,A
{2D4D7609-BD29-BDF9-E063-4804A8C0672F},137000,2024-12-13 00:00,LS6 2DZ,F,N,L,1,FLAT 2,GROSVENOR ROAD,,LEEDS,LEEDS,WEST YORKSHIRE,A,A
{152AB734-44A2-E651-E063-4704A8C061D9},320000,2024-03-11 00:00,CF24 4QN,T,N,F,100,,DOGFIELD STREET,,CARDIFF,CARDIFF,CARDIFF,A,A
{152AB734-4524-E651-E063-4704A8C061D9},325000,2024-01-31 00:00,CF24 3LY,T,N,F,60,,ANGUS STREET,,CARDIFF,CARDIFF,CARDIFF,A,A
{152AB734-455F-E651-E063-4704A8C061D9},270000,2024-02-29 00:00,CF24 4TA,T,N,F,26,,ARABELLA STREET,,CARDIFF,CARDIFF,CARDIFF,A,A
{152AB734-4569-E651-E063-4704A8C061D9},285000,2024-02-26 00:00,CF24 4SA,T,N,F,90,,INVERNESS PLACE,,CARDIFF,CARDIFF,CARDIFF,A,A
{2D4D7609-B809-BDF9-E063-4804A8C0672F},170000,2024-11-15 00:00,LS6 1SF,S,N,F,24,,HYDE PARK CLOSE,,LEEDS,LEEDS,WEST YORKSHIRE,A,A
{152AB734-480E-E651-E063-4704A8C061D9},122000,2024-03-01 00:00,CF24 4EF,F,N,L,53,,CATHERINE STREET,,CARDIFF,CARDIFF,CARDIFF,A,A
{2D4D7609-BD3C-BDF9-E063-4804A8C0672F},209000,2024-08-02 00:00,LS6 2LE,T,N,F,24,,GLOSSOP STREET,,LEEDS,LEEDS,WEST YORKSHIRE,A,A
{152AB734-48E6-E651-E063-4704A8C061D9},240000,2024-02-23 00:00,CF24 3HH,T,N,F,157,,CYFARTHFA STREET,,CARDIFF,CARDIFF,CARDIFF,A,A
{237B17FD-C3D0-22AC-E063-4804A8C0EA3A},260000,2024-08-12 00:00,CF24 3JZ,T,N,F,111,,GLENROY STREET,,CARDIFF,CARDIFF,CARDIFF,A,A
{237B17FD-C723-22AC-E063-4804A8C0EA3A},157500,2024-04-19 00:00,CF24 1DN,F,N,L,220,,NEWPORT ROAD,,CARDIFF,CARDIFF,CARDIFF,A,A
{152AB734-4903-E651-E063-4704A8C061D9},170000,2024-02-06 00:00,CF24 4TU,T,N,F,128,,DIANA STREET,,CARDIFF,CARDIFF,CARDIFF,A,A
{1A0C5C63-8C4A-7CBE-E063-4804A8C06C96},151000,2024-03-27 00:00,NG7 6NB,F,N,L,"THE RIDGE, 139",APARTMENT 3,FOXHALL ROAD,,NOTTINGHAM,CITY OF NOTTINGHAM,CITY OF NOTTINGHAM,A,A
{1A0C5C63-8C98-7CBE-E063-4804A8C06C96},84000,2024-04-19 00:00,NG7 5QP,F,N,L,30,,WOODSTOCK AVENUE,,NOTTINGHAM,CITY OF NOTTINGHAM,CITY OF NOTTINGHAM,A,A
{152AB734-3FFF-E651-E063-4704A8C061D9},142500,2024-02-15 00:00,NE6 1XP,T,N,F,24,,NORTH VIEW,HEATON,NEWCASTLE UPON TYNE,NEWCASTLE UPON TYNE,TYNE AND WEAR,A,A
{1A0C5C63-8CCA-7CBE-E063-4804A8C06C96},78000,2024-01-24 00:00,NG7 2HZ,F,N,L,7,,THE GALEB,,NOTTINGHAM,CITY OF NOTTINGHAM,CITY OF NOTTINGHAM,A,A
{152AB734-401E-E651-E063-4704A8C061D9},62000,2024-01-26 00:00,NE6 2DW,T,N,F,1,,PRIORY GREEN,,NEWCASTLE UPON TYNE,NEWCASTLE UPON TYNE,TYNE AND WEAR,A,A
{237B17FD-C7D2-22AC-E063-4804A8C0EA3A},220000,2024-08-23 00:00,CF24 3HN,T,N,F,22,,TREHARRIS STREET,,CARDIFF,CARDIFF,CARDIFF,A,A
{1A0C5C63-8A8E-7CBE-E063-4804A8C06C96},121000,2024-04-19 00:00,NG7 7LY,T,N,F,46,,ALMA STREET,,NOTTINGHAM,CITY OF NOTTINGHAM,CITY OF NOTTINGHAM,A,A
{1A0C5C63-8ABE-7CBE-E063-4804A8C06C96},162000,2024-02-02 00:00,NG7 1HH,T,N,F,1A,,CASTLE GARDENS,,NOTTINGHAM,CITY OF NOTTINGHAM,CITY OF NOTTINGHAM,A,A
{1A0C5C63-8AC3-7CBE-E063-4804A8C06C96},310000,2024-01-24 00:00,NG7 1JL,D,N,F,135,,HARRINGTON DRIVE,,NOTTINGHAM,CITY OF NOTTINGHAM,CITY OF NOTTINGHAM,A,A
{1A0C5C63-8AD0-7CBE-E063-4804A8C06C96},585000,2024-01-18 00:00,NG7 1FH,D,N,F,ALEXANDER HOUSE,,ALEXANDER ROAD,,NOTTINGHAM,CITY OF NOTTINGHAM,CITY OF NOTTINGHAM,A,A
{1A0C5C63-8AD6-7CBE-E063-4804A8C06C96},150000,2024-04-24 00:00,NG7 6LL,T,N,F,50,,BIRRELL ROAD,FOREST FIELDS,NOTTINGHAM,CITY OF NOTTINGHAM,CITY OF NOTTINGHAM,A,A
{152AB734-41D4-E651-E063-4704A8C061D9},180000,2024-03-08 00:00,NE6 5TA,F,N,L,73,,SACKVILLE ROAD,,NEWCASTLE UPON TYNE,NEWCASTLE UPON TYNE,TYNE AND WEAR,A,A
{237B17FD-C1C0-22AC-E063-4804A8C0EA3A},133500,2024-07-31 00:00,CF24 2TW,F,N,L,89,,GLAN RHYMNI,SPLOTT,CARDIFF,CARDIFF,CARDIFF,A,A
{152AB734-43F5-E651-E063-4704A8C061D9},117000,2024-02-02 00:00,NE6 4DN,T,N,F,16,,SUNNINGDALE AVENUE,,NEWCASTLE UPON TYNE,NEWCASTLE UPON TYNE,TYNE AND WEAR,A,A
{1A0C5C63-8B24-7CBE-E063-4804A8C06C96},1765200,2024-01-19 00:00,NG7 2NN,D,N,L,UNIT A,,FINCH CLOSE,,NOTTINGHAM,CITY OF NOTTINGHAM,CITY OF NOTTINGHAM,A,A
{152AB733-C37A-E651-E063-4704A8C061D9},175000,2024-03-08 00:00,M14 6HJ,F,N,L,209A,,OLD HALL LANE,,MANCHESTER,MANCHESTER,GREATER MANCHESTER,A,A
{2D4D7609-BDB3-BDF9-E063-4804A8C0672F},307025,2024-11-28 00:00,LS6 4JY,D,N,F,31,,GREEN VIEW,,LEEDS,LEEDS,WEST YORKSHIRE,A,A
{2D4D7609-C3B7-BDF9-E063-4804A8C0672F},50000,2024-07-05 00:00,LS6 3FA,F,N,L,45,FLAT 30,ST MICHAELS LANE,,LEEDS,LEEDS,WEST YORKSHIRE,A,A
{237B17FD-C1CD-22AC-E063-4804A8C0EA3A},129950,2024-08-16 00:00,CF24 2TW,F,N,L,93,,GLAN RHYMNI,SPLOTT,CARDIFF,CARDIFF,CARDIFF,A,A
{1A0C5C63-8B72-7CBE-E063-4804A8C06C96},210000,2024-05-09 00:00,NG7 7AZ,S,N,F,3,,GLADYS STREET,,NOTTINGHAM,CITY OF NOTTINGHAM,CITY OF NOTTINGHAM,A,A
{1A0C5C63-8BD2-7CBE-E063-4804A8C06C96},135000,2024-04-14 00:00,NG7 7FG,F,N,L,"THE RAFTERS, 576",5,RADFORD ROAD,,NOTTINGHAM,CITY OF NOTTINGHAM,CITY OF NOTTINGHAM,A,A
{152AB733-C4CA-E651-E063-4704A8C061D9},160000,2024-01-23 00:00,M1 1BY,F,N,L,"CHATSWORTH HOUSE, 19",APARTMENT 102,LEVER STREET,,MANCHESTER,MANCHESTER,GREATER MANCHESTER,A,A
{152AB733-C4D3-E651-E063-4704A8C061D9},260000,2024-02-16 00:00,M1 5BZ,F,N,L,"CHORLTON MILL, 3",507,CAMBRIDGE STREET,,MANCHESTER,MANCHESTER,GREATER MANCHESTER,A,A
{2D4D7609-BDD4-BDF9-E063-4804A8C0672F},429995,2024-11-29 00:00,LS6 4JU,S,N,F,44,,PARKSIDE CRESCENT,,LEEDS,LEEDS,WEST YORKSHIRE,A,A
{2D4D7609-9A99-BDF9-E063-4804A8C0672F},223000,2024-12-17 00:00,CF24 2NR,T,N,F,44,,SEYMOUR STREET,,CARDIFF,CARDIFF,CARDIFF,A,A
{1A0C5C63-8C02-7CBE-E063-4804A8C06C96},193000,2024-02-10 00:00,NG7 1RU,F,N,L,PARK ROCK,APARTMENT 4D,CASTLE BOULEVARD,,NOTTINGHAM,CITY OF NOTTINGHAM,CITY OF NOTTINGHAM,A,A
{1A0C5C63-8C13-7CBE-E063-4804A8C06C96},135000,2024-04-30 00:00,NG7 6PT,T,N,F,1,,GIBSON ROAD,,NOTTINGHAM,CITY OF NOTTINGHAM,CITY OF NOTTINGHAM,A,A
{237B17FD-C1F0-22AC-E063-4804A8C0EA3A},212500,2024-09-05 00:00,CF24 1QP,T,N,F,12,,TYLER STREET,,CARDIFF,CARDIFF,CARDIFF,A,A
{2F7F2B42-CCF5-E08F-E063-4804A8C05A49},90000,2024-12-13 00:00,CF24 3FX,F,N,L,STEPHENSON COURT,FLAT 12,WORDSWORTH AVENUE,,CARDIFF,CARDIFF,CARDIFF,A,A
{2131FCF6-ED4C-86E8-E063-4804A8C0372B},350000,2024-03-25 00:00,CF24 1DT,T,N,F,81,,STACEY ROAD,,CARDIFF,CARDIFF,CARDIFF,B,A
{2131FCF6-F328-86E8-E063-4804A8C0372B},340000,2024-08-06 00:00,LS6 1EX,T,N,F,49,,ROYAL PARK TERRACE,,LEEDS,LEEDS,WEST YORKSHIRE,B,A
{2131FCF6-F342-86E8-E063-4804A8C0372B},275000,2024-07-23 00:00,LS6 2DD,F,N,L,33A,FLAT 1,SHIRE OAK ROAD,,LEEDS,LEEDS,WEST YORKSHIRE,B,A
{2859C1AC-9B9D-52B4-E063-4804A8C05948},370500,2024-11-13 00:00,NE6 5LT,T,N,F,11,,TREWHITT ROAD,,NEWCASTLE UPON TYNE,NEWCASTLE UPON TYNE,TYNE AND WEAR,A,A
{2859C1AC-9BA7-52B4-E063-4804A8C05948},207500,2024-06-07 00:00,NE6 1TW,S,N,L,29,,ST PETERS WHARF,,NEWCASTLE UPON TYNE,NEWCASTLE UPON TYNE,TYNE AND WEAR,A,A
{2131FCF6-D55A-86E8-E063-4804A8C0372B},240000,2024-04-19 00:00,M14 4LQ,T,N,F,265,,GREAT WESTERN STREET,,MANCHESTER,MANCHESTER,GREATER MANCHESTER,B,A
{2131FCF6-DBE6-86E8-E063-4804A8C0372B},305000,2024-08-22 00:00,L15 8AJ,D,N,F,3,,CROSSLEY DRIVE,,LIVERPOOL,LIVERPOOL,MERSEYSIDE,B,A
{2131FCF6-DBF2-86E8-E063-4804A8C0372B},55000,2024-08-15 00:00,L15 1HB,S,N,F,3,,PURSER GROVE,,LIVERPOOL,LIVERPOOL,MERSEYSIDE,B,A
{152AB733-C2F1-E651-E063-4704A8C061D9},290000,2024-02-16 00:00,M1 2NL,F,N,L,19,,JAMES BRINDLEY BASIN,,MANCHESTER,MANCHESTER,GREATER MANCHESTER,A,A
{2131FCF6-ED72-86E8-E063-4804A8C0372B},230000,2024-06-05 00:00,CF24 4EY,T,N,F,57,,MAY STREET,,CARDIFF,CARDIFF,CARDIFF,B,A
{2131FCF6-ED7A-86E8-E063-4804A8C0372B},143000,2024-07-24 00:00,CF24 3QZ,T,N,F,2,,GROUSE STREET,,CARDIFF,CARDIFF,CARDIFF,B,A
{152AB733-C34F-E651-E063-4704A8C061D9},252500,2024-01-31 00:00,M14 7BF,S,N,F,3,,WERNETH AVENUE,,MANCHESTER,MANCHESTER,GREATER MANCHESTER,A,A
{152AB733-DF7E-E651-E063-4704A8C061D9},207000,2024-03-04 00:00,M14 6SU,T,N,F,24,,BOWERS STREET,LADYBARN,MANCHESTER,MANCHESTER,GREATER MANCHESTER,A,A
{2859C1AC-9BC4-52B4-E063-4804A8C05948},200000,2024-10-25 00:00,NE6 4QU,S,N,F,3,,PEMBROKE AVENUE,,NEWCASTLE UPON TYNE,NEWCASTLE UPON TYNE,TYNE AND WEAR,A,A
{2859C1AC-9BCE-52B4-E063-4804A8C05948},165500,2024-11-01 00:00,NE6 5PP,F,N,L,5,,SOUTH VIEW WEST,,NEWCASTLE UPON TYNE,NEWCASTLE UPON TYNE,TYNE AND WEAR,A,A
{2131FCF6-D571-86E8-E063-4804A8C0372B},300000,2024-03-20 00:00,M14 5DJ,S,N,F,1,,HARLEY AVENUE,,MANCHESTER,MANCHESTER,GREATER MANCHESTER,B,A
{2859C1AC-A5BD-52B4-E063-4804A8C05948},273000,2024-10-31 00:00,CF24 2JS,T,N,F,27,,EYRE STREET,,CARDIFF,CARDIFF,CARDIFF,A,A
{2859C1AC-A5CE-52B4-E063-4804A8C05948},127000,2024-10-14 00:00,CF24 0DZ,F,N,L,WINDSOR COURT,FLAT 10,MOIRA TERRACE,,CARDIFF,CARDIFF,CARDIFF,A,A
{152AB733-F4DC-E651-E063-4704A8C061D9},300000,2024-01-05 00:00,M1 1AE,F,N,L,113,APARTMENT 21,NEWTON STREET,,MANCHESTER,MANCHESTER,GREATER MANCHESTER,A,A
{152AB733-E06D-E651-E063-4704A8C061D9},70000,2024-03-15 00:00,L15 4JX,T,N,F,50,,COLVILLE STREET,WAVERTREE,LIVERPOOL,LIVERPOOL,MERSEYSIDE,A,A
{2859C1AC-99BC-52B4-E063-4804A8C05948},300000,2024-10-24 00:00,NE6 5UU,S,N,F,17,,TUDOR WYND,,NEWCASTLE UPON TYNE,NEWCASTLE UPON TYNE,TYNE AND WEAR,A,A
{2859C1AC-9BE4-52B4-E063-4804A8C05948},328500,2024-11-08 00:00,NE6 5DH,T,N,F,16,,RICHARDSON STREET,,NEWCASTLE UPON TYNE,NEWCASTLE UPON TYNE,TYNE AND WEAR,A,A
{2131FCF6-D582-86E8-E063-4804A8C0372B},69000,2024-06-07 00:00,L15 1HB,T,N,F,7,,PURSER GROVE,,LIVERPOOL,LIVERPOOL,MERSEYSIDE,B,A
{2F7F2B42-CEC9-E08F-E063-4804A8C05A49},175000,2024-01-10 00:00,CF24 2ER,S,N,F,1B,,ABERDOVEY STREET,,CARDIFF,CARDIFF,CARDIFF,A,A
{2859C1AC-9E20-52B4-E063-4804A8C05948},73000,2024-10-15 00:00,NE6 2UF,F,N,L,20,,ST MARKS CLOSE,,NEWCASTLE UPON TYNE,NEWCASTLE UPON TYNE,TYNE AND WEAR,A,A
{2859C1AC-A15A-52B4-E063-4804A8C05948},240000,2024-03-22 00:00,CF24 3EJ,T,N,F,16,,TALWORTH STREET,ROATH,CARDIFF,CARDIFF,CARDIFF,A,A
{2859C1AC-A390-52B4-E063-4804A8C05948},250000,2024-11-07 00:00,CF24 1NX,T,N,F,11,,BERTRAM STREET,,CARDIFF,CARDIFF,CARDIFF,A,A
{2131FCF6-DC5C-86E8-E063-4804A8C0372B},117500,2024-04-02 00:00,L15 4LF,T,N,F,121,,PICTON ROAD,WAVERTREE,LIVERPOOL,LIVERPOOL,MERSEYSIDE,B,A
{2859C1AC-A5ED-52B4-E063-4804A8C05948},190000,2024-10-31 00:00,CF24 1LT,T,N,F,73,,CLIFTON STREET,,CARDIFF,CARDIFF,CARDIFF,A,A
{2131FCF6-EDC1-86E8-E063-4804A8C0372B},338000,2024-07-09 00:00,CF24 4EW,T,N,F,5,,MAY STREET,,CARDIFF,CARDIFF,CARDIFF,B,A
{2131FCF6-EDC2-86E8-E063-4804A8C0372B},100000,2024-08-06 00:00,CF24 5JX,O,N,L,UNIT 4,,EAST MOORS BUSINESS PARK,,CARDIFF,CARDIFF,CARDIFF,B,A
{2131FCF6-EDD9-86E8-E063-4804A8C0372B},245000,2024-02-16 00:00,CF24 4TA,T,N,F,20,,ARABELLA STREET,,CARDIFF,CARDIFF,CARDIFF,B,A
{2859C1AC-99D4-52B4-E063-4804A8C05948},209950,2024-10-24 00:00,NE6 4TA,T,N,F,15,,MEADOWFIELD GARDENS,,NEWCASTLE UPON TYNE,NEWCASTLE UPON TYNE,TYNE AND WEAR,A,A
{2131FCF6-D5A7-86E8-E063-4804A8C0372B},270000,2024-03-13 00:00,M14 5SZ,T,N,F,70,,OXNEY ROAD,,MANCHESTER,MANCHESTER,GREATER MANCHESTER,B,A
{2131FCF6-D5B1-86E8-E063-4804A8C0372B},320000,2024-04-04 00:00,M14 6LX,T,N,F,32,,FURNESS ROAD,,MANCHESTER,MANCHESTER,GREATER MANCHESTER,B,A
{2859C1AC-9C07-52B4-E063-4804A8C05948},170000,2024-10-18 00:00,NE6 5TD,F,N,L,164,,SACKVILLE ROAD,,NEWCASTLE UPON TYNE,NEWCASTLE UPON TYNE,TYNE AND WEAR,A,A
{2859C1AC-9C0E-52B4-E063-4804A8C05948},425000,2024-07-22 00:00,NE6 5XH,T,N,F,13,,ROTHBURY TERRACE,,NEWCASTLE UPON TYNE,NEWCASTLE UPON TYNE,TYNE AND WEAR,A,A
{2859C1AC-9C11-52B4-E063-4804A8C05948},215000,2024-10-29 00:00,NE6 5DL,T,N,F,22,,EBOR STREET,,NEWCASTLE UPON TYNE,NEWCASTLE UPON TYNE,TYNE AND WEAR,A,A
{2859C1AC-9C14-52B4-E063-4804A8C05948},286125,2024-07-01 00:00,NE6 5LU,T,N,F,115,,TREWHITT ROAD,,NEWCASTLE UPON TYNE,NEWCASTLE UPON TYNE,TYNE AND WEAR,A,A
{2859C1AC-9E33-52B4-E063-4804A8C05948},190000,2024-07-08 00:00,NE6 5YA,F,N,L,25,,BALMORAL TERRACE,HEATON,NEWCASTLE UPON TYNE,NEWCASTLE UPON TYNE,TYNE AND WEAR,A,A
{2859C1AC-9E34-52B4-E063-4804A8C05948},165400,2024-11-06 00:00,NE6 3UA,S,N,F,6,,HYPERION WAY,WALKER,NEWCASTLE UPON TYNE,NEWCASTLE UPON TYNE,TYNE AND WEAR,A,A
{2859C1AC-9E39-52B4-E063-4804A8C05948},115000,2024-10-31 00:00,NE6 2PY,T,N,F,15,,LYTHAM PLACE,,NEWCASTLE UPON TYNE,NEWCASTLE UPON TYNE,TYNE AND WEAR,A,A
{2859C1AC-9E52-52B4-E063-4804A8C05948},401000,2024-10-18 00:00,NE6 1LT,T,N,L,11,,KINGFISHER PLACE,,NEWCASTLE UPON TYNE,NEWCASTLE UPON TYNE,TYNE AND WEAR,A,A
{2859C1AC-9E58-52B4-E063-4804A8C05948},140000,2024-06-14 00:00,NE6 5DN,F,N,L,48,,MARLEEN AVENUE,,NEWCASTLE UPON TYNE,NEWCASTLE UPON TYNE,TYNE AND WEAR,A,A
{2859C1AC-A174-52B4-E063-4804A8C05948},490000,2024-09-20 00:00,CF24 3FQ,S,N,F,12,,WORDSWORTH AVENUE,,CARDIFF,CARDIFF,CARDIFF,A,A
{2859C1AC-A17C-52B4-E063-4804A8C05948},232000,2024-08-09 00:00,CF24 1RB,T,N,F,162,,PEARL STREET,,CARDIFF,CARDIFF,CARDIFF,A,A
{2131FCF6-D5B7-86E8-E063-4804A8C0372B},184000,2024-02-02 00:00,M14 7PB,O,N,L,406,,CLAREMONT ROAD,,MANCHESTER,MANCHESTER,GREATER MANCHESTER,B,A
{2131FCF6-D5B9-86E8-E063-4804A8C0372B},415000,2024-07-19 00:00,M14 5LB,S,N,F,7,,DANES ROAD,,MANCHESTER,MANCHESTER,GREATER MANCHESTER,B,A
{2131FCF6-D5BD-86E8-E063-4804A8C0372B},200000,2024-07-03 00:00,L15 3HN,T,N,F,45,,GARMOYLE ROAD,,LIVERPOOL,LIVERPOOL,MERSEYSIDE,B,A
{2859C1AC-A61D-52B4-E063-4804A8C05948},275000,2024-07-21 00:00,CF24 4LD,T,N,F,33,,GELLIGAER STREET,,CARDIFF,CARDIFF,CARDIFF,A,A
{2131FCF6-EDE9-86E8-E063-4804A8C0372B},292000,2024-08-06 00:00,CF24 4LH,T,N,F,3,,LISVANE STREET,,CARDIFF,CARDIFF,CARDIFF,B,A
{2131FCF6-EDF3-86E8-E063-4804A8C0372B},270000,2024-07-16 00:00,CF24 4DF,T,N,F,23,,RHYMNEY STREET,,CARDIFF,CARDIFF,CARDIFF,B,A
{2131FCF6-EE07-86E8-E063-4804A8C0372B},300000,2024-04-19 00:00,CF24 3QY,T,N,F,81,,PARTRIDGE ROAD,,CARDIFF,CARDIFF,CARDIFF,B,A
{2131FCF6-F46B-86E8-E063-4804A8C0372B},370000,2024-03-27 00:00,LS6 1SD,O,N,F,WOODSLEY GREEN OFFICE,,WOODSLEY GREEN,,LEEDS,LEEDS,WEST YORKSHIRE,B,A
{2859C1AC-9C20-52B4-E063-4804A8C05948},90000,2024-07-26 00:00,NE6 5DF,T,N,L,10,,MONKSIDE,,NEWCASTLE UPON TYNE,NEWCASTLE UPON TYNE,TYNE AND WEAR,A,A
{2859C1AC-9E5A-52B4-E063-4804A8C05948},253000,2024-07-26 00:00,NE6 4DZ,D,N,L,54,,WALKERFIELD COURT,,NEWCASTLE UPON TYNE,NEWCASTLE UPON TYNE,TYNE AND WEAR,A,A
{2859C1AC-9E67-52B4-E063-4804A8C05948},195000,2024-11-26 00:00,NE6 2UL,T,N,F,34,,LAWSON CLOSE,,NEWCASTLE UPON TYNE,NEWCASTLE UPON TYNE,TYNE AND WEAR,A,A
{2859C1AC-A199-52B4-E063-4804A8C05948},320000,2024-10-24 00:00,CF24 4QU,T,N,F,40,,TEWKESBURY PLACE,,CARDIFF,CARDIFF,CARDIFF,A,A
{2859C1AC-A19A-52B4-E063-4804A8C05948},385000,2024-07-25 00:00,CF24 4PX,S,N,F,4,,FAIROAK ROAD,,CARDIFF,CARDIFF,CARDIFF,A,A
{2859C1AC-A19D-52B4-E063-4804A8C05948},336000,2024-10-25 00:00,CF24 4GA,T,N,F,4,,PEN Y WAIN PLACE,,CARDIFF,CARDIFF,CARDIFF,A,A
{2131FCF6-F493-86E8-E063-4804A8C0372B},60000,2024-01-22 00:00,LS6 2FD,F,N,L,TRINITY HALL,FLAT 29,HOLBORN APPROACH,,LEEDS,LEEDS,WEST YORKSHIRE,B,A
{2F7F2B42-C9BC-E08F-E063-4804A8C05A49},147000,2024-02-28 00:00,CF24 1DH,F,N,L,"BRIARTREE MANOR, 130",FLAT 8,NEWPORT ROAD,,CARDIFF,CARDIFF,CARDIFF,A,A
{2859C1AC-9A1E-52B4-E063-4804A8C05948},87000,2024-10-25 00:00,NE6 2EJ,T,N,F,2,,CLYDESDALE ROAD,,NEWCASTLE UPON TYNE,NEWCASTLE UPON TYNE,TYNE AND WEAR,A,A
{2859C1AC-9C57-52B4-E063-4804A8C05948},95000,2024-07-04 00:00,NE6 4JU,T,N,F,686,,WELBECK ROAD,,NEWCASTLE UPON TYNE,NEWCASTLE UPON TYNE,TYNE AND WEAR,A,A
{2859C1AC-9E89-52B4-E063-4804A8C05948},128000,2024-11-01 00:00,NE6 5EA,F,N,L,161,,TOSSON TERRACE,,NEWCASTLE UPON TYNE,NEWCASTLE UPON TYNE,TYNE AND WEAR,A,A
{2131FCF6-D5F6-86E8-E063-4804A8C0372B},205000,2024-07-30 00:00,M14 4LP,T,N,F,296,,GREAT WESTERN STREET,,MANCHESTER,MANCHESTER,GREATER MANCHESTER,B,A
{2859C1AC-9EA1-52B4-E063-4804A8C05948},100000,2024-10-23 00:00,NE6 1RL,F,N,L,45,,WALKER ROAD,,NEWCASTLE UPON TYNE,NEWCASTLE UPON TYNE,TYNE AND WEAR,A,A
{2859C1AC-A40D-52B4-E063-4804A8C05948},234500,2024-06-20 00:00,CF24 3JU,T,N,F,102,,KEPPOCH STREET,,CARDIFF,CARDIFF,CARDIFF,A,A
{2859C1AC-A66A-52B4-E063-4804A8C05948},225000,2024-10-22 00:00,CF24 1QS,T,N,F,9,,BLANCHE STREET,,CARDIFF,CARDIFF,CARDIFF,A,A
{2859C1AC-9A30-52B4-E063-4804A8C05948},260000,2024-04-24 00:00,NE6 4PS,S,N,F,10,,HOLME AVENUE,,NEWCASTLE UPON TYNE,NEWCASTLE UPON TYNE,TYNE AND WEAR,A,A
{2859C1AC-9C6B-52B4-E063-4804A8C05948},175000,2024-10-18 00:00,NE6 5DJ,T,N,F,8,,CLEGHORN STREET,,NEWCASTLE UPON TYNE,NEWCASTLE UPON TYNE,TYNE AND WEAR,A,A
{2859C1AC-9EB8-52B4-E063-4804A8C05948},240000,2024-07-31 00:00,NE6 4SP,T,N,F,1033,,SHIELDS ROAD,,NEWCASTLE UPON TYNE,NEWCASTLE UPON TYNE,TYNE AND WEAR,A,A
{2859C1AC-9EBC-52B4-E063-4804A8C05948},128000,2024-07-31 00:00,NE6 2ND,T,N,F,174,,ST ANTHONYS ROAD,,NEWCASTLE UPON TYNE,NEWCASTLE UPON TYNE,TYNE AND WEAR,A,A
{2859C1AC-A1E7-52B4-E063-4804A8C05948},156000,2024-11-14 00:00,CF24 2AL,T,N,F,12,,INCHMARNOCK STREET,,CARDIFF,CARDIFF,CARDIFF,A,A
{2859C1AC-A672-52B4-E063-4804A8C05948},241000,2024-10-25 00:00,CF24 3HU,T,N,F,103,,ARRAN STREET,ROATH,CARDIFF,CARDIFF,CARDIFF,A,A
{2859C1AC-A8C9-52B4-E063-4804A8C05948},216000,2024-05-22 00:00,CF24 4LN,T,N,F,106,,LISVANE STREET,,CARDIFF,CARDIFF,CARDIFF,A,A
{2859C1AC-0D01-52B4-E063-4804A8C05948},249000,2024-10-21 00:00,M14 5GD,S,N,F,12,,AYTON GROVE,,MANCHESTER,MANCHESTER,GREATER MANCHESTER,A,A
{2859C1AC-9A5A-52B4-E063-4804A8C05948},326000,2024-11-01 00:00,NE6 5NS,T,N,F,58,,FALMOUTH ROAD,,NEWCASTLE UPON TYNE,NEWCASTLE UPON TYNE,TYNE AND WEAR,A,A
{2859C1AC-9A68-52B4-E063-4804A8C05948},176075,2024-10-14 00:00,NE6 5JA,F,N,L,59,,SHAFTESBURY GROVE,,NEWCASTLE UPON TYNE,NEWCASTLE UPON TYNE,TYNE AND WEAR,A,A
{2859C1AC-9EE5-52B4-E063-4804A8C05948},72500,2024-06-28 00:00,NE6 2XN,F,N,L,136,,TUNSTALL AVENUE,,NEWCASTLE UPON TYNE,NEWCASTLE UPON TYNE,TYNE AND WEAR,A,A
{2859C1AC-A45C-52B4-E063-4804A8C05948},220000,2024-01-11 00:00,CF24 3BG,T,N,F,1A,,RUSSELL STREET,,CARDIFF,CARDIFF,CARDIFF,A,A
{2859C1AC-0F6C-52B4-E063-4804A8C05948},190000,2024-08-29 00:00,M14 7JP,T,N,F,2,,YEW TREE AVENUE,FALLOWFIELD,MANCHESTER,MANCHESTER,GREATER MANCHESTER,A,A
{2131FCF6-D993-86E8-E063-4804A8C0372B},147000,2024-08-05 00:00,M14 4LB,F,N,L,347,APARTMENT 80,MOSS LANE EAST,,MANCHESTER,MANCHESTER,GREATER MANCHESTER,B,A
{2131FCF6-E084-86E8-E063-4804A8C0372B},675000,2024-07-30 00:00,NG7 1DJ,O,N,F,1,,PARK RAVINE,THE PARK,NOTTINGHAM,CITY OF NOTTINGHAM,CITY OF NOTTINGHAM,B,A
{2131FCF6-E087-86E8-E063-4804A8C0372B},100000,2024-07-31 00:00,NG7 5DR,O,N,F,45,,RADFORD ROAD,,NOTTINGHAM,CITY OF NOTTINGHAM,CITY OF NOTTINGHAM,B,A
{2F7F2B42-CAB4-E08F-E063-4804A8C05A49},150000,2024-11-07 00:00,CF24 3RF,F,N,L,60,FLAT 4,OAKFIELD STREET,,CARDIFF,CARDIFF,CARDIFF,A,A
{2859C1AC-0D5F-52B4-E063-4804A8C05948},95000,2024-10-09 00:00,L15 0EY,T,N,F,17,,GROSVENOR ROAD,WAVERTREE,LIVERPOOL,LIVERPOOL,MERSEYSIDE,A,A
{2131FCF6-DDCF-86E8-E063-4804A8C0372B},226000,2024-03-22 00:00,NE6 1JT,O,N,F,10,,HANNINGTON STREET,,NEWCASTLE UPON TYNE,NEWCASTLE UPON TYNE,TYNE AND WEAR,B,A
{2131FCF6-E097-86E8-E063-4804A8C0372B},155000,2024-08-02 00:00,NG7 6PQ,O,N,F,103,,LESLIE ROAD,,NOTTINGHAM,CITY OF NOTTINGHAM,CITY OF NOTTINGHAM,B,A
{2131FCF6-E09D-86E8-E063-4804A8C0372B},380000,2024-04-26 00:00,NG7 4FZ,T,N,F,19,,LARKDALE STREET,,NOTTINGHAM,CITY OF NOTTINGHAM,CITY OF NOTTINGHAM,B,A
{2131FCF6-E0A1-86E8-E063-4804A8C0372B},150000,2024-04-26 00:00,NG7 2JX,T,N,F,86,,MONTPELIER ROAD,,NOTTINGHAM,CITY OF NOTTINGHAM,CITY OF NOTTINGHAM,B,A
{2859C1AC-0D6B-52B4-E063-4804A8C05948},250000,2024-05-28 00:00,L15 5BN,T,N,F,65,,FALLOWFIELD ROAD,,LIVERPOOL,LIVERPOOL,MERSEYSIDE,A,A
{2131FCF6-D9FE-86E8-E063-4804A8C0372B},157000,2024-04-11 00:00,M14 7WG,F,N,L,319,,MAINE ROAD,,MANCHESTER,MANCHESTER,GREATER MANCHESTER,B,A
{2131FCF6-E0DA-86E8-E063-4804A8C0372B},150000,2024-08-08 00:00,NG7 5LS,S,N,F,250,,ALFRETON ROAD,,NOTTINGHAM,CITY OF NOTTINGHAM,CITY OF NOTTINGHAM,B,A
{2131FCF6-F236-86E8-E063-4804A8C0372B},270000,2024-08-02 00:00,LS6 1LD,T,N,F,76,,HAROLD TERRACE,,LEEDS,LEEDS,WEST YORKSHIRE,B,A
{2859C1AC-0DA2-52B4-E063-4804A8C05948},208000,2024-07-26 00:00,M14 7HU,T,N,F,21,,EDITH AVENUE,,MANCHESTER,MANCHESTER,GREATER MANCHESTER,A,A
{2131FCF6-E0DF-86E8-E063-4804A8C0372B},200000,2024-07-26 00:00,NG7 7AJ,T,N,F,53,,NOTTINGHAM ROAD,,NOTTINGHAM,CITY OF NOTTINGHAM,CITY OF NOTTINGHAM,B,A
{2131FCF6-E0E8-86E8-E063-4804A8C0372B},340000,2024-08-09 00:00,NG7 6AW,S,N,F,38,,NOEL STREET,,NOTTINGHAM,CITY OF NOTTINGHAM,CITY OF NOTTINGHAM,B,A
{2131FCF6-E0EA-86E8-E063-4804A8C0372B},330000,2024-04-12 00:00,NG7 4GP,T,N,F,108,,PORTLAND ROAD,,NOTTINGHAM,CITY OF NOTTINGHAM,CITY OF NOTTINGHAM,B,A
{2131FCF6-EC4A-86E8-E063-4804A8C0372B},202415,2024-08-15 00:00,NE6 5AP,T,N,F,182,,HEATON PARK ROAD,,NEWCASTLE UPON TYNE,NEWCASTLE UPON TYNE,TYNE AND WEAR,B,A
{2131FCF6-F271-86E8-E063-4804A8C0372B},100000,2024-07-30 00:00,LS6 3LT,T,N,F,40,,WOODBRIDGE VALE,,LEEDS,LEEDS,WEST YORKSHIRE,B,A
{2859C1AC-C972-52B4-E063-4804A8C05948},437000,2024-11-13 00:00,LS6 4DU,T,N,F,12,,SHAW LANE,,LEEDS,LEEDS,WEST YORKSHIRE,A,A
{2859C1AC-CB8C-52B4-E063-4804A8C05948},320000,2024-09-17 00:00,LS6 3BX,S,N,F,49,,NEWPORT VIEW,,LEEDS,LEEDS,WEST YORKSHIRE,A,A
{2859C1AC-0DB3-52B4-E063-4804A8C05948},234000,2024-10-31 00:00,M14 6SU,T,N,F,30,,BOWERS STREET,LADYBARN,MANCHESTER,MANCHESTER,GREATER MANCHESTER,A,A
{2131FCF6-E0FD-86E8-E063-4804A8C0372B},355000,2024-04-04 00:00,NG7 2JY,T,N,F,81,,MONTPELIER ROAD,,NOTTINGHAM,CITY OF NOTTINGHAM,CITY OF NOTTINGHAM,B,A
{2131FCF6-E119-86E8-E063-4804A8C0372B},425000,2024-05-31 00:00,NG7 1FL,T,N,F,32,,CASTLE BOULEVARD,,NOTTINGHAM,CITY OF NOTTINGHAM,CITY OF NOTTINGHAM,B,A
{2859C1AC-C98F-52B4-E063-4804A8C05948},241050,2024-06-28 00:00,LS6 3EN,S,N,F,14,,DERWENTWATER GROVE,,LEEDS,LEEDS,WEST YORKSHIRE,A,A
{2F7F2B42-CBF5-E08F-E063-4804A8C05A49},240000,2024-07-26 00:00,CF24 2JU,T,N,F,14,,UNIVERSITY PLACE,,CARDIFF,CARDIFF,CARDIFF,A,A
{2F7F2B42-CBFB-E08F-E063-4804A8C05A49},225000,2024-07-05 00:00,CF24 2DT,T,N,F,60,,CARLISLE STREET,,CARDIFF,CARDIFF,CARDIFF,A,A
{2859C1AC-CBA6-52B4-E063-4804A8C05948},405000,2024-06-14 00:00,LS6 4JX,S,N,F,75,,CHURCH AVENUE,,LEEDS,LEEDS,WEST YORKSHIRE,A,A
{2859C1AC-0DDA-52B4-E063-4804A8C05948},205000,2024-07-22 00:00,L15 3HT,T,N,F,75,,BLANTYRE ROAD,,LIVERPOOL,LIVERPOOL,MERSEYSIDE,A,A
{2859C1AC-0DED-52B4-E063-4804A8C05948},465000,2024-11-20 00:00,M14 6HL,S,N,F,137,,OLD HALL LANE,,MANCHESTER,MANCHESTER,GREATER MANCHESTER,A,A
{2131FCF6-E12A-86E8-E063-4804A8C0372B},155000,2024-03-14 00:00,NG7 7AL,S,N,F,25,,SANDON STREET,,NOTTINGHAM,CITY OF NOTTINGHAM,CITY OF NOTTINGHAM,B,A
{2131FCF6-EC9C-86E8-E063-4804A8C0372B},250000,2024-08-07 00:00,NE6 5YN,T,N,F,3,,SIXTH AVENUE,,NEWCASTLE UPON TYNE,NEWCASTLE UPON TYNE,TYNE AND WEAR,B,A
{2131FCF6-F2B9-86E8-E063-4804A8C0372B},450000,2024-04-16 00:00,LS6 1NR,T,N,F,11,,EBOR PLACE,,LEEDS,LEEDS,WEST YORKSHIRE,B,A
{2859C1AC-C787-52B4-E063-4804A8C05948},282000,2024-07-26 00:00,LS6 3AT,T,N,F,23,,GRANBY VIEW,,LEEDS,LEEDS,WEST YORKSHIRE,A,A
{2859C1AC-C789-52B4-E063-4804A8C05948},536000,2024-10-23 00:00,LS6 4LP,S,N,F,11,,SUNSET HILL TOP,,LEEDS,LEEDS,WEST YORKSHIRE,A,A
{2859C1AC-C9B8-52B4-E063-4804A8C05948},345000,2024-10-08 00:00,LS6 4JX,S,N,F,7,,CHURCH AVENUE,,LEEDS,LEEDS,WEST YORKSHIRE,A,A
{2859C1AC-C9BE-52B4-E063-4804A8C05948},165000,2024-10-10 00:00,LS6 4PU,F,N,L,245,FLAT H,STONEGATE ROAD,,LEEDS,LEEDS,WEST YORKSHIRE,A,A
{2131FCF6-DB80-86E8-E063-4804A8C0372B},145000,2024-04-16 00:00,L15 4HN,T,N,F,33,,EASTDALE ROAD,,LIVERPOOL,LIVERPOOL,MERSEYSIDE,B,A
{2859C1AC-0E10-52B4-E063-4804A8C05948},335000,2024-11-22 00:00,M14 6BW,S,N,F,49,,VICTORIA ROAD,FALLOWFIELD,MANCHESTER,MANCHESTER,GREATER MANCHESTER,A,A
{2131FCF6-E158-86E8-E063-4804A8C0372B},6000000,2024-05-14 00:00,NG7 6LB,O,N,F,1 - 5,,GREGORY BOULEVARD,,NOTTINGHAM,CITY OF NOTTINGHAM,CITY OF NOTTINGHAM,B,A
{2131FCF6-ECC1-86E8-E063-4804A8C0372B},130000,2024-07-30 00:00,NE6 2SX,O,N,F,73,,ALLENDALE ROAD,,NEWCASTLE UPON TYNE,NEWCASTLE UPON TYNE,TYNE AND WEAR,B,A
{2859C1AC-C588-52B4-E063-4804A8C05948},232500,2024-10-07 00:00,LS6 4EL,T,N,F,16,,HEDDON PLACE,,LEEDS,LEEDS,WEST YORKSHIRE,A,A
{2131FCF6-DB86-86E8-E063-4804A8C0372B},304540,2024-05-13 00:00,L15 5AF,T,N,F,551A,,SMITHDOWN ROAD,,LIVERPOOL,LIVERPOOL,MERSEYSIDE,B,A
{2131FCF6-DB98-86E8-E063-4804A8C0372B},206000,2024-03-21 00:00,L15 4HG,T,N,F,9,,RATHBONE ROAD,WAVERTREE,LIVERPOOL,LIVERPOOL,MERSEYSIDE,B,A
{2859C1AC-D418-52B4-E063-4804A8C05948},170000,2024-09-17 00:00,LS6 2BQ,F,N,L,12,,STONELEA COURT,HEADINGLEY,LEEDS,LEEDS,WEST YORKSHIRE,A,A
{2859C1AC-D41E-52B4-E063-4804A8C05948},330000,2024-04-12 00:00,LS6 1FU,F,Y,L,ROSE COURT,7,VICTORIA ROAD,,LEEDS,LEEDS,WEST YORKSHIRE,A,A
{2859C1AC-D42A-52B4-E063-4804A8C05948},402000,2024-06-28 00:00,LS6 1FU,F,Y,L,ROSE COURT,5,VICTORIA ROAD,,LEEDS,LEEDS,WEST YORKSHIRE,A,A
{2131FCF6-E1D0-86E8-E063-4804A8C0372B},400000,2024-03-25 00:00,NG7 7EF,O,N,F,SHEET METAL FABRICATIONS,,RADFORD ROAD,NEW BASFORD,NOTTINGHAM,CITY OF NOTTINGHAM,CITY OF NOTTINGHAM,B,A
{2131FCF6-ECF3-86E8-E063-4804A8C0372B},191500,2024-08-01 00:00,NE6 4DW,S,N,F,13,,WALKERFIELD PLACE,,NEWCASTLE UPON TYNE,NEWCASTLE UPON TYNE,TYNE AND WEAR,B,A
{2859C1AC-C5B2-52B4-E063-4804A8C05948},270000,2024-07-17 00:00,LS6 3LE,S,N,F,35,,ASH CRESCENT,,LEEDS,LEEDS,WEST YORKSHIRE,A,A
{1EAE3DF6-BEE4-9EB1-E063-4704A8C09D02},244000,2024-03-19 00:00,L15 7LP,S,N,F,59,,ACUBA ROAD,,LIVERPOOL,LIVERPOOL,MERSEYSIDE,A,A
{1EAE3DF6-BEF3-9EB1-E063-4704A8C09D02},135000,2024-07-05 00:00,L15 4HB,T,N,F,58,,STEVENSON STREET,,LIVERPOOL,LIVERPOOL,MERSEYSIDE,A,A
{2859C1AC-CC28-52B4-E063-4804A8C05948},180000,2024-10-11 00:00,LS6 2WB,F,N,L,9,,CHERRY COURT,HEADINGLEY,LEEDS,LEEDS,WEST YORKSHIRE,A,A
{1EAE3DF6-BF04-9EB1-E063-4704A8C09D02},148600,2024-07-03 00:00,L15 4HJ,T,N,F,57,,SUNNINGDALE ROAD,,LIVERPOOL,LIVERPOOL,MERSEYSIDE,A,A
{1EAE3DF6-C136-9EB1-E063-4704A8C09D02},225000,2024-05-31 00:00,L15 3HT,T,N,F,82,,BLANTYRE ROAD,,LIVERPOOL,LIVERPOOL,MERSEYSIDE,A,A
{1EAE3DF6-C190-9EB1-E063-4704A8C09D02},132700,2024-04-26 00:00,L15 4HA,T,N,F,19,,STEVENSON STREET,,LIVERPOOL,LIVERPOOL,MERSEYSIDE,A,A
{1EAE3DF6-B6FD-9EB1-E063-4704A8C09D02},183000,2024-07-01 00:00,M1 3BP,F,N,L,5,APARTMENT 607,PICCADILLY PLACE,,MANCHESTER,MANCHESTER,GREATER MANCHESTER,A,A
{1EAE3DF6-B71B-9EB1-E063-4704A8C09D02},300000,2024-05-14 00:00,M14 6EH,S,N,F,35,,WHITEBROOK ROAD,,MANCHESTER,MANCHESTER,GREATER MANCHESTER,A,A
{1EAE3DF6-B861-9EB1-E063-4704A8C09D02},107000,2024-03-13 00:00,M14 6XH,F,N,L,TATTON COURT,FLAT 23,EGERTON ROAD,,MANCHESTER,MANCHESTER,GREATER MANCHESTER,A,A
{2859C1AC-D0FE-52B4-E063-4804A8C05948},330000,2024-11-08 00:00,LS6 4PG,S,N,F,16,,PARKLAND GARDENS,,LEEDS,LEEDS,WEST YORKSHIRE,A,A
{1EAE3DF6-B75D-9EB1-E063-4704A8C09D02},222000,2024-03-22 00:00,M14 6HZ,F,N,L,APPLEBY LODGE,FLAT 11,WILMSLOW ROAD,,MANCHESTER,MANCHESTER,GREATER MANCHESTER,A,A
{2859C1AC-0C34-52B4-E063-4804A8C05948},195050,2024-08-23 00:00,L15 3HP,T,N,F,18,,BARRINGTON ROAD,,LIVERPOOL,LIVERPOOL,MERSEYSIDE,A,A
{1EAE3DF6-BA89-9EB1-E063-4704A8C09D02},215000,2024-07-16 00:00,M1 2ED,F,N,L,"VANTAGE QUAY, 3",APARTMENT 49,BREWER STREET,,MANCHESTER,MANCHESTER,GREATER MANCHESTER,A,A
{1EAE3DF6-BD57-9EB1-E063-4704A8C09D02},180500,2024-06-28 00:00,L15 7LN,S,N,L,13,,BEECHTREE ROAD,,LIVERPOOL,LIVERPOOL,MERSEYSIDE,A,A
{1EAE3DF6-BABE-9EB1-E063-4704A8C09D02},115000,2024-07-03 00:00,M14 4LB,F,N,L,347,APARTMENT 61,MOSS LANE EAST,,MANCHESTER,MANCHESTER,GREATER MANCHESTER,A,A
{1EAE3DF6-BD5B-9EB1-E063-4704A8C09D02},179000,2024-02-05 00:00,L15 3JF,T,N,F,114,,BROOKDALE ROAD,,LIVERPOOL,LIVERPOOL,MERSEYSIDE,A,A
{2859C1AC-CA3B-52B4-E063-4804A8C05948},130000,2024-10-18 00:00,LS6 4LB,F,N,L,31,,GREENWOOD PARK,,LEEDS,LEEDS,WEST YORKSHIRE,A,A
{1EAE3DF6-BD7B-9EB1-E063-4704A8C09D02},190000,2024-01-09 00:00,L15 7JP,T,N,L,14,,DUNHAM ROAD,,LIVERPOOL,LIVERPOOL,MERSEYSIDE,A,A
{2859C1AC-D12A-52B4-E063-4804A8C05948},399950,2024-05-14 00:00,LS6 4PW,T,N,F,11,,PARKLAND TERRACE,,LEEDS,LEEDS,WEST YORKSHIRE,A,A
{2859C1AC-0E98-52B4-E063-4804A8C05948},182000,2024-11-08 00:00,M14 7NL,T,N,F,87,,CARLTON AVENUE,RUSHOLME,MANCHESTER,MANCHESTER,GREATER MANCHESTER,A,A
{1EAE3DF7-3A3A-9EB1-E063-4704A8C09D02},279950,2024-02-17 00:00,LS6 4LW,S,N,F,2,,SUNSET AVENUE,,LEEDS,LEEDS,WEST YORKSHIRE,A,A
{1EAE3DF7-3A5D-9EB1-E063-4704A8C09D02},321000,2024-03-15 00:00,LS6 4AX,S,N,F,9,,BENTLEY PARADE,,LEEDS,LEEDS,WEST YORKSHIRE,A,A
{2859C1AC-1158-52B4-E063-4804A8C05948},170000,2024-11-14 00:00,L15 2HL,S,N,F,47,,ALDERSON ROAD,,LIVERPOOL,LIVERPOOL,MERSEYSIDE,A,A
{1EAE3DF7-3AA6-9EB1-E063-4704A8C09D02},154250,2024-02-02 00:00,LS6 1PL,T,N,F,9,,HAROLD STREET,,LEEDS,LEEDS,WEST YORKSHIRE,A,A
{1EAE3DF7-3AB0-9EB1-E063-4704A8C09D02},260000,2024-06-14 00:00,LS6 4JL,T,N,F,15,,SANDFIELD GARTH,,LEEDS,LEEDS,WEST YORKSHIRE,A,A
{2859C1AC-C82C-52B4-E063-4804A8C05948},255000,2024-07-18 00:00,LS6 4HN,T,N,F,8,,MONK BRIDGE PLACE,,LEEDS,LEEDS,WEST YORKSHIRE,A,A
{1C3E72FE-1D96-F410-E063-4804A8C0DFA6},171000,2024-03-26 00:00,M1 3NT,F,N,L,55 - 57,APARTMENT 14,WHITWORTH STREET,,MANCHESTER,MANCHESTER,GREATER MANCHESTER,A,A
{2859C1AC-D4A7-52B4-E063-4804A8C05948},182500,2024-06-24 00:00,LS6 2QT,F,N,L,27,,ASHFIELD PARK,,LEEDS,LEEDS,WEST YORKSHIRE,A,A
{1C3E72FE-1DC9-F410-E063-4804A8C0DFA6},193000,2024-06-17 00:00,M14 6PZ,T,N,F,165,,BRAILSFORD ROAD,,MANCHESTER,MANCHESTER,GREATER MANCHESTER,A,A
{1EAE3DF7-3BFA-9EB1-E063-4704A8C09D02},500000,2024-06-06 00:00,LS6 4JQ,S,N,F,14,,ALDER HILL AVENUE,,LEEDS,LEEDS,WEST YORKSHIRE,A,A
{1EAE3DF7-3D1C-9EB1-E063-4704A8C09D02},195000,2024-02-19 00:00,LS6 1QJ,T,N,F,7,,CARBERRY PLACE,,LEEDS,LEEDS,WEST YORKSHIRE,A,A
{1EAE3DF7-3B56-9EB1-E063-4704A8C09D02},195000,2024-06-07 00:00,LS6 4BN,T,N,F,5,,ELLIS TERRACE,,LEEDS,LEEDS,WEST YORKSHIRE,A,A
{1EAE3DF7-3C54-9EB1-E063-4704A8C09D02},672500,2024-06-07 00:00,LS6 4AF,T,N,F,9,,WOODBINE TERRACE,,LEEDS,LEEDS,WEST YORKSHIRE,A,A
{1C3E72FE-41CF-F410-E063-4804A8C0DFA6},233000,2024-02-08 00:00,M14 6TQ,T,N,F,33,,RUFUS STREET,,MANCHESTER,MANCHESTER,GREATER MANCHESTER,A,A
{1EAE3DF7-3C87-9EB1-E063-4704A8C09D02},270000,2024-07-22 00:00,LS6 2BA,S,N,F,40,,WOOD LANE,HEADINGLEY,LEEDS,LEEDS,WEST YORKSHIRE,A,A
{1EAE3DF7-3DB3-9EB1-E063-4704A8C09D02},182500,2024-02-02 00:00,LS6 4RQ,F,N,L,14,,STONE MILL COURT,,LEEDS,LEEDS,WEST YORKSHIRE,A,A
{2859C1AC-D4D4-52B4-E063-4804A8C05948},240000,2024-05-03 00:00,LS6 1FH,F,N,L,"FRANCES LUPTON HOUSE, 6",FLAT 8,VICTORIA GARDENS,HYDE PARK,LEEDS,LEEDS,WEST YORKSHIRE,A,A
{1EAE3DF7-3DC6-9EB1-E063-4704A8C09D02},405270,2024-07-03 00:00,LS6 4BS,S,N,F,17,,CASTLE GROVE AVENUE,,LEEDS,LEEDS,WEST YORKSHIRE,A,A
{1EAE3DF7-3DC7-9EB1-E063-4704A8C09D02},540000,2024-06-24 00:00,LS6 4ST,D,N,F,5,,WOODLEA FOLD,MEANWOOD,LEEDS,LEEDS,WEST YORKSHIRE,A,A
{1EAE3DF7-3DDC-9EB1-E063-4704A8C09D02},415000,2024-03-01 00:00,LS6 4RG,T,N,F,15,,STONE MILL WAY,,LEEDS,LEEDS,WEST YORKSHIRE,A,A
{1EAE3DF7-3CC0-9EB1-E063-4704A8C09D02},290000,2024-06-28 00:00,LS6 4NN,D,N,F,7,,HOLMWOOD MOUNT,,LEEDS,LEEDS,WEST YORKSHIRE,A,A
{1EAE3DF7-3F74-9EB1-E063-4704A8C09D02},237000,2024-06-27 00:00,LS6 2EY,S,N,F,4,,CLIFF ROAD GARDENS,,LEEDS,LEEDS,WEST YORKSHIRE,A,A
{1EAE3DF7-3F7D-9EB1-E063-4704A8C09D02},162750,2024-06-21 00:00,LS6 2DD,F,N,L,"MOORBANK COURT, 31",FLAT 9,SHIRE OAK ROAD,,LEEDS,LEEDS,WEST YORKSHIRE,A,A
{2859C1AC-CA95-52B4-E063-4804A8C05948},240000,2024-07-15 00:00,LS6 4ET,T,N,F,10,,HIGHBURY TERRACE,,LEEDS,LEEDS,WEST YORKSHIRE,A,A
{2859C1AC-CA98-52B4-E063-4804A8C05948},460500,2024-11-27 00:00,LS6 4LZ,D,N,F,5,,PARKSIDE CLOSE,,LEEDS,LEEDS,WEST YORKSHIRE,A,A
{1C3E72FE-4228-F410-E063-4804A8C0DFA6},246500,2024-02-06 00:00,L15 5BN,T,N,F,27,,FALLOWFIELD ROAD,,LIVERPOOL,LIVERPOOL,MERSEYSIDE,A,A
{1EAE3DF7-3E15-9EB1-E063-4704A8C09D02},192000,2024-06-28 00:00,LS6 2WB,F,N,L,2,,CHERRY COURT,HEADINGLEY,LEEDS,LEEDS,WEST YORKSHIRE,A,A
{1EAE3DF7-3E18-9EB1-E063-4704A8C09D02},330000,2024-02-23 00:00,LS6 2WA,D,N,F,8,,CHERRY GROVE,,LEEDS,LEEDS,WEST YORKSHIRE,A,A
{2859C1AC-CCBA-52B4-E063-4804A8C05948},185000,2024-10-18 00:00,LS6 4RU,F,N,L,16,,LAWSON WOOD COURT,MEANWOOD,LEEDS,LEEDS,WEST YORKSHIRE,A,A
{1EAE3DF7-3F31-9EB1-E063-4704A8C09D02},105000,2024-07-25 00:00,LS6 1SE,F,N,L,24,,ST JOHNS CLOSE,,LEEDS,LEEDS,WEST YORKSHIRE,A,A
{1EAE3DF7-39B9-9EB1-E063-4704A8C09D02},499995,2024-03-12 00:00,LS6 3PH,S,N,F,9,,BECKETTS PARK CRESCENT,,LEEDS,LEEDS,WEST YORKSHIRE,A,A
{2859C1AC-11B1-52B4-E063-4804A8C05948},305000,2024-10-25 00:00,M14 6BU,S,N,F,43,,DELACOURT ROAD,,MANCHESTER,MANCHESTER,GREATER MANCHESTER,A,A
{1C3E72FE-42A4-F410-E063-4804A8C0DFA6},126000,2024-01-22 00:00,L15 0EY,T,N,F,41,,GROSVENOR ROAD,WAVERTREE,LIVERPOOL,LIVERPOOL,MERSEYSIDE,A,A
{2859C1AC-C673-52B4-E063-4804A8C05948},147000,2024-06-17 00:00,LS6 2LL,T,N,F,12,,HARTLEY CRESCENT,,LEEDS,LEEDS,WEST YORKSHIRE,A,A
{2859C1AC-C89D-52B4-E063-4804A8C05948},145200,2024-10-11 00:00,LS6 1PL,T,N,F,33,,HAROLD STREET,,LEEDS,LEEDS,WEST YORKSHIRE,B,A
{1C3E72FE-42E2-F410-E063-4804A8C0DFA6},160000,2024-06-10 00:00,L15 5AD,T,N,F,140,,GARMOYLE ROAD,,LIVERPOOL,LIVERPOOL,MERSEYSIDE,A,A
{1EAE3DF7-3945-9EB1-E063-4704A8C09D02},250750,2024-02-27 00:00,LS6 3AY,T,N,F,8,,GRANBY MOUNT,,LEEDS,LEEDS,WEST YORKSHIRE,A,A
{1EAE3DF7-39F3-9EB1-E063-4704A8C09D02},390000,2024-06-28 00:00,LS6 4BS,S,N,F,29,,CASTLE GROVE AVENUE,,LEEDS,LEEDS,WEST YORKSHIRE,A,A
{1C3E72FE-1D2E-F410-E063-4804A8C0DFA6},225000,2024-05-03 00:00,M14 7LL,T,N,F,46,,GARSWOOD ROAD,,MANCHESTER,MANCHESTER,GREATER MANCHESTER,A,A
{1EAE3DF7-3A2C-9EB1-E063-4704A8C09D02},240000,2024-07-26 00:00,LS6 4HP,T,N,F,14,,MONK BRIDGE GROVE,,LEEDS,LEEDS,WEST YORKSHIRE,A,A
{2859C1AC-0CDF-52B4-E063-4804A8C05948},175000,2024-06-28 00:00,L15 3HX,T,N,F,68,,GAINSBOROUGH ROAD,,LIVERPOOL,LIVERPOOL,MERSEYSIDE,A,A
{1C3E72FE-4328-F410-E063-4804A8C0DFA6},155000,2024-03-26 00:00,L15 4LR,T,N,F,43,,TIVERTON STREET,WAVERTREE,LIVERPOOL,LIVERPOOL,MERSEYSIDE,A,A
{2859C1AC-CD06-52B4-E063-4804A8C05948},285000,2024-10-09 00:00,LS6 4PG,S,N,F,26,,PARKLAND GARDENS,,LEEDS,LEEDS,WEST YORKSHIRE,A,A
{2859C1AC-25AC-52B4-E063-4804A8C05948},195000,2024-10-25 00:00,M1 3BR,F,N,L,5,APARTMENT 113,PICCADILLY PLACE,,MANCHESTER,MANCHESTER,GREATER MANCHESTER,A,A
{2859C1AC-25AF-52B4-E063-4804A8C05948},275000,2024-10-22 00:00,M14 7TN,T,N,L,4,,CARNIVAL PLACE,,MANCHESTER,MANCHESTER,GREATER MANCHESTER,A,A
{2859C1AC-302E-52B4-E063-4804A8C05948},148000,2024-10-21 00:00,L15 4HS,T,N,L,26,,WESTDALE ROAD,WAVERTREE,LIVERPOOL,LIVERPOOL,MERSEYSIDE,A,A
{2859C1AC-3039-52B4-E063-4804A8C05948},195000,2024-10-27 00:00,L15 7JH,S,N,F,1,,DEVERELL ROAD,,LIVERPOOL,LIVERPOOL,MERSEYSIDE,A,A
{2859C1AC-3296-52B4-E063-4804A8C05948},349100,2024-06-18 00:00,L15 6TA,S,N,F,38,,WAVERTREE GREEN,,LIVERPOOL,LIVERPOOL,MERSEYSIDE,A,A
{1EAE3DF6-B6AA-9EB1-E063-4704A8C09D02},183000,2024-03-12 00:00,M1 7AF,F,N,L,"MONTANA HOUSE, 136",APARTMENT 55,PRINCESS STREET,,MANCHESTER,MANCHESTER,GREATER MANCHESTER,A,A
{1EAE3DF6-B65A-9EB1-E063-4704A8C09D02},160000,2024-03-05 00:00,M14 6DW,F,N,L,THORNE HOUSE,FLAT 70,WILMSLOW ROAD,,MANCHESTER,MANCHESTER,GREATER MANCHESTER,A,A
{1EAE3DF6-B669-9EB1-E063-4704A8C09D02},167000,2024-03-28 00:00,M1 5QE,F,N,L,"THE QUADRANGLE, 1",APARTMENT 188,LOWER ORMOND STREET,,MANCHESTER,MANCHESTER,GREATER MANCHESTER,A,A
{2859C1AC-2AA2-52B4-E063-4804A8C05948},130000,2024-05-03 00:00,M14 7EX,F,N,L,2A,APARTMENT 3,VENTURA CLOSE,,MANCHESTER,MANCHESTER,GREATER MANCHESTER,B,A
{2859C1AC-2E31-52B4-E063-4804A8C05948},255500,2024-10-16 00:00,L15 5BL,T,N,F,28,,PAGEFIELD ROAD,,LIVERPOOL,LIVERPOOL,MERSEYSIDE,A,A
{2859C1AC-3069-52B4-E063-4804A8C05948},145000,2024-10-30 00:00,L15 0EH,T,N,F,23,,WELLINGTON AVENUE,,LIVERPOOL,LIVERPOOL,MERSEYSIDE,A,A
{2859C1AC-3076-52B4-E063-4804A8C05948},211000,2024-07-25 00:00,L15 2HW,T,N,F,40,,EGERTON ROAD,,LIVERPOOL,LIVERPOOL,MERSEYSIDE,A,A
{1A0C5C63-277A-7CBE-E063-4804A8C06C96},200000,2024-05-01 00:00,CF24 3PW,F,N,L,56,GROUND FLOOR,CONNAUGHT ROAD,,CARDIFF,CARDIFF,CARDIFF,A,A
{1A0C5C63-24F6-7CBE-E063-4804A8C06C96},260000,2024-05-01 00:00,CF24 4TS,T,N,F,26,,DIANA STREET,,CARDIFF,CARDIFF,CARDIFF,A,A
{2859C1AC-2630-52B4-E063-4804A8C05948},451000,2024-07-05 00:00,M14 6EB,S,N,F,11,,WALLER AVENUE,,MANCHESTER,MANCHESTER,GREATER MANCHESTER,A,A
{2859C1AC-3094-52B4-E063-4804A8C05948},135000,2024-11-08 00:00,L15 4HW,T,N,F,36,,EASTDALE ROAD,,LIVERPOOL,LIVERPOOL,MERSEYSIDE,A,A
{1A0C5C63-284D-7CBE-E063-4804A8C06C96},159950,2024-02-16 00:00,CF24 3PU,F,N,L,42,GROUND FLOOR FRONT FLAT,CONNAUGHT ROAD,,CARDIFF,CARDIFF,CARDIFF,A,A
{1A0C5C63-6510-7CBE-E063-4804A8C06C96},180000,2024-03-01 00:00,M14 7WF,T,N,F,16,,SEEDLEY STREET,,MANCHESTER,MANCHESTER,GREATER MANCHESTER,A,A
{1A0C5C63-2A31-7CBE-E063-4804A8C06C96},125000,2024-01-22 00:00,CF24 1DL,F,N,L,STACEY COURT 188-190,FLAT 8,NEWPORT ROAD,,CARDIFF,CARDIFF,CARDIFF,A,A
{1A0C5C63-2AAB-7CBE-E063-4804A8C06C96},200000,2024-01-05 00:00,CF24 3QS,T,N,F,63,,ELM STREET,,CARDIFF,CARDIFF,CARDIFF,A,A
{2859C1AC-263C-52B4-E063-4804A8C05948},318500,2024-11-08 00:00,M14 6XW,S,N,L,2D,,EGERTON ROAD,,MANCHESTER,MANCHESTER,GREATER MANCHESTER,A,A
{2859C1AC-2AF4-52B4-E063-4804A8C05948},135000,2024-10-21 00:00,M14 5HZ,F,N,L,135,FLAT 14,DICKENSON ROAD,,MANCHESTER,MANCHESTER,GREATER MANCHESTER,A,A
{2859C1AC-30EB-52B4-E063-4804A8C05948},270000,2024-06-21 00:00,L15 4JA,S,N,F,79,,SANDOWN ROAD,WAVERTREE,LIVERPOOL,LIVERPOOL,MERSEYSIDE,A,A
{2859C1AC-26A5-52B4-E063-4804A8C05948},300000,2024-07-19 00:00,M1 5GB,F,N,L,1,FLAT 117,CAMBRIDGE STREET,,MANCHESTER,MANCHESTER,GREATER MANCHESTER,A,A
{2859C1AC-2EC7-52B4-E063-4804A8C05948},110000,2024-10-30 00:00,L15 0HT,T,N,F,52,,BAGOT STREET,,LIVERPOOL,LIVERPOOL,MERSEYSIDE,A,A
{2859C1AC-3102-52B4-E063-4804A8C05948},235000,2024-10-11 00:00,L15 8AN,S,N,F,40,,HOLLINS CLOSE,,LIVERPOOL,LIVERPOOL,MERSEYSIDE,A,A
{2859C1AC-311F-52B4-E063-4804A8C05948},312500,2024-10-10 00:00,L15 6TT,S,N,F,47,,LANCE LANE,,LIVERPOOL,LIVERPOOL,MERSEYSIDE,A,A
{2859C1AC-3378-52B4-E063-4804A8C05948},222000,2024-11-08 00:00,L15 5AU,T,N,F,24,,WEARDALE ROAD,,LIVERPOOL,LIVERPOOL,MERSEYSIDE,A,A
{1A0C5C63-7264-7CBE-E063-4804A8C06C96},350000,2024-02-09 00:00,M14 6FF,S,N,F,12,,CAXTON ROAD,,MANCHESTER,MANCHESTER,GREATER MANCHESTER,A,A
{2859C1AC-26B1-52B4-E063-4804A8C05948},320000,2024-06-18 00:00,M14 7TL,D,N,L,1,,AMANI STREET,,MANCHESTER,MANCHESTER,GREATER MANCHESTER,A,A
{2859C1AC-3134-52B4-E063-4804A8C05948},216500,2024-11-08 00:00,L15 7LF,D,N,F,61,,WAVERTREE NOOK ROAD,,LIVERPOOL,LIVERPOOL,MERSEYSIDE,A,A
{1775CCF7-AF58-38BA-E063-4704A8C05A7C},303000,2024-04-18 00:00,CF24 0ET,T,N,F,26,,MOIRA PLACE,,CARDIFF,CARDIFF,CARDIFF,A,A
{1775CCF7-AF66-38BA-E063-4704A8C05A7C},210000,2024-03-01 00:00,CF24 1PG,T,N,F,13,,TOPAZ STREET,,CARDIFF,CARDIFF,CARDIFF,A,A
{1775CCF7-AAFC-38BA-E063-4704A8C05A7C},142000,2024-02-28 00:00,NE6 3BA,S,N,F,38,,CRAWFORD TERRACE,,NEWCASTLE UPON TYNE,NEWCASTLE UPON TYNE,TYNE AND WEAR,A,A
{1775CCF7-AF91-38BA-E063-4704A8C05A7C},240000,2024-02-27 00:00,CF24 2BB,T,N,F,62,,ORDELL STREET,,CARDIFF,CARDIFF,CARDIFF,A,A
{1775CCF7-AFDA-38BA-E063-4704A8C05A7C},250000,2024-02-29 00:00,CF24 4RZ,T,N,F,54,,INVERNESS PLACE,,CARDIFF,CARDIFF,CARDIFF,A,A
{2859C1AC-26EA-52B4-E063-4804A8C05948},245000,2024-10-24 00:00,M1 1AQ,F,N,L,"OXID HOUSE, 78",FLAT 907,NEWTON STREET,,MANCHESTER,MANCHESTER,GREATER MANCHESTER,A,A
{1775CCF7-AFF1-38BA-E063-4704A8C05A7C},280000,2024-04-05 00:00,CF24 4SA,T,N,F,78,,INVERNESS PLACE,,CARDIFF,CARDIFF,CARDIFF,A,A
{2859C1AC-3153-52B4-E063-4804A8C05948},255000,2024-05-09 00:00,L15 6TJ,T,N,F,9,,BRERETON AVENUE,,LIVERPOOL,LIVERPOOL,MERSEYSIDE,A,A
{2859C1AC-3154-52B4-E063-4804A8C05948},230000,2024-07-31 00:00,L15 4JA,D,N,F,47,,SANDOWN ROAD,WAVERTREE,LIVERPOOL,LIVERPOOL,MERSEYSIDE,A,A
{1775CCF7-B018-38BA-E063-4704A8C05A7C},155000,2024-04-09 00:00,CF24 2TE,T,N,F,77,,MERCIA ROAD,,CARDIFF,CARDIFF,CARDIFF,A,A
{1775CCF7-B030-38BA-E063-4704A8C05A7C},270000,2024-01-05 00:00,CF24 3EY,T,N,F,38,,COTTRELL ROAD,ROATH,CARDIFF,CARDIFF,CARDIFF,A,A
{1775CCF7-B094-38BA-E063-4704A8C05A7C},245000,2024-02-16 00:00,CF24 3JQ,T,N,F,138,,STRATHNAIRN STREET,,CARDIFF,CARDIFF,CARDIFF,A,A
{1775CCF7-B0BB-38BA-E063-4704A8C05A7C},255000,2024-04-02 00:00,CF24 2DJ,T,N,F,48,,MARION STREET,,CARDIFF,CARDIFF,CARDIFF,A,A
{1775CCF7-A9F5-38BA-E063-4704A8C05A7C},72500,2024-03-20 00:00,NE6 3QD,T,N,F,2,,YORKDALE PLACE,,NEWCASTLE UPON TYNE,NEWCASTLE UPON TYNE,TYNE AND WEAR,A,A
{1775CCF7-AA07-38BA-E063-4704A8C05A7C},160000,2024-04-26 00:00,NE6 4XS,S,N,F,968,,SHIELDS ROAD,,NEWCASTLE UPON TYNE,NEWCASTLE UPON TYNE,TYNE AND WEAR,A,A
{1775CCF7-AA1B-38BA-E063-4704A8C05A7C},75500,2024-03-06 00:00,NE6 4DT,F,N,L,54,,EASTBOURNE AVENUE,,NEWCASTLE UPON TYNE,NEWCASTLE UPON TYNE,TYNE AND WEAR,A,A
{1775CCF7-AC85-38BA-E063-4704A8C05A7C},245000,2024-04-09 00:00,NE6 5TS,S,N,F,128,,DEBDON GARDENS,,NEWCASTLE UPON TYNE,NEWCASTLE UPON TYNE,TYNE AND WEAR,A,A
{1775CCF7-AA2B-38BA-E063-4704A8C05A7C},70000,2024-03-28 00:00,NE6 4HL,F,N,L,18,,BORROWDALE AVENUE,,NEWCASTLE UPON TYNE,NEWCASTLE UPON TYNE,TYNE AND WEAR,A,A
{1775CCF7-AA37-38BA-E063-4704A8C05A7C},118000,2024-03-21 00:00,NE6 3UR,T,N,F,14,,ROYSTON TERRACE,,NEWCASTLE UPON TYNE,NEWCASTLE UPON TYNE,TYNE AND WEAR,A,A
{1775CCF7-AA4C-38BA-E063-4704A8C05A7C},292500,2024-04-09 00:00,NE6 5NX,T,N,F,71,,CARDIGAN TERRACE,,NEWCASTLE UPON TYNE,NEWCASTLE UPON TYNE,TYNE AND WEAR,A,A
{2859C1AC-316E-52B4-E063-4804A8C05948},235000,2024-10-08 00:00,L15 5BD,T,N,F,19,,KENYON ROAD,,LIVERPOOL,LIVERPOOL,MERSEYSIDE,A,A
{1775CCF7-ACB9-38BA-E063-4704A8C05A7C},68000,2024-03-25 00:00,NE6 2RP,F,N,L,286,,GRACE STREET,,NEWCASTLE UPON TYNE,NEWCASTLE UPON TYNE,TYNE AND WEAR,A,A
{1775CCF7-ACC9-38BA-E063-4704A8C05A7C},390000,2024-04-05 00:00,NE6 1LP,F,N,L,27,,MALING STREET,,NEWCASTLE UPON TYNE,NEWCASTLE UPON TYNE,TYNE AND WEAR,A,A
{1775CCF7-ACE6-38BA-E063-4704A8C05A7C},230000,2024-03-28 00:00,NE6 4EF,D,N,L,38,,LANGLEY PLACE,,NEWCASTLE UPON TYNE,NEWCASTLE UPON TYNE,TYNE AND WEAR,A,A
{2859C1AC-33DB-52B4-E063-4804A8C05948},280000,2024-03-28 00:00,L15 9HD,T,N,F,1,,LOREBURN ROAD,,LIVERPOOL,LIVERPOOL,MERSEYSIDE,A,A
{1775CCF7-AD5B-38BA-E063-4704A8C05A7C},125000,2024-04-02 00:00,NE6 4DN,T,N,F,4,,SUNNINGDALE AVENUE,,NEWCASTLE UPON TYNE,NEWCASTLE UPON TYNE,TYNE AND WEAR,A,A
{1775CCF7-AEDD-38BA-E063-4704A8C05A7C},310000,2024-03-01 00:00,NE6 4PB,S,N,F,44,,APPLETREE GARDENS,,NEWCASTLE UPON TYNE,NEWCASTLE UPON TYNE,TYNE AND WEAR,A,A
{1775CCF7-AEF6-38BA-E063-4704A8C05A7C},271000,2024-04-23 00:00,NE6 5NS,T,N,F,15,,FALMOUTH ROAD,,NEWCASTLE UPON TYNE,NEWCASTLE UPON TYNE,TYNE AND WEAR,A,A
{1775CCF7-AEFA-38BA-E063-4704A8C05A7C},142000,2024-04-03 00:00,NE6 5XR,T,N,F,9,,KING JOHN STREET,,NEWCASTLE UPON TYNE,NEWCASTLE UPON TYNE,TYNE AND WEAR,A,A
{1775CCF7-B23B-38BA-E063-4704A8C05A7C},248000,2024-02-27 00:00,CF24 3QR,T,N,F,16,,ELM STREET,,CARDIFF,CARDIFF,CARDIFF,A,A
{1775CCF7-B240-38BA-E063-4704A8C05A7C},264000,2024-03-28 00:00,CF24 4EL,T,N,F,28,,LETTY STREET,,CARDIFF,CARDIFF,CARDIFF,A,A
{2859C1AC-2F67-52B4-E063-4804A8C05948},365000,2024-10-29 00:00,L15 7JZ,S,N,L,50,,THINGWALL ROAD,,LIVERPOOL,LIVERPOOL,MERSEYSIDE,A,A
{2859C1AC-31AC-52B4-E063-4804A8C05948},375000,2024-08-30 00:00,L15 6UG,S,N,F,49,,DAFFODIL ROAD,,LIVERPOOL,LIVERPOOL,MERSEYSIDE,A,A
{1EAE3DF7-18F9-9EB1-E063-4704A8C09D02},185000,2024-01-29 00:00,NE6 2US,T,N,F,70,,LAWSON CLOSE,,NEWCASTLE UPON TYNE,NEWCASTLE UPON TYNE,TYNE AND WEAR,A,A
{1EAE3DF7-1911-9EB1-E063-4704A8C09D02},180000,2024-03-22 00:00,NE6 5NA,F,N,L,13,,ADDYCOMBE TERRACE,,NEWCASTLE UPON TYNE,NEWCASTLE UPON TYNE,TYNE AND WEAR,A,A
{1EAE3DF7-1C4B-9EB1-E063-4704A8C09D02},220000,2024-03-26 00:00,CF24 4TY,T,N,F,9,,ALFRED STREET,,CARDIFF,CARDIFF,CARDIFF,A,A
{1EAE3DF7-1C80-9EB1-E063-4704A8C09D02},231000,2024-03-18 00:00,CF24 1PH,T,N,F,36,,TOPAZ STREET,,CARDIFF,CARDIFF,CARDIFF,A,A
{2859C1AC-2535-52B4-E063-4804A8C05948},280000,2024-10-11 00:00,M1 2BL,F,N,L,40,APARTMENT 121,HILTON STREET,,MANCHESTER,MANCHESTER,GREATER MANCHESTER,A,A
{1EAE3DF7-1CB0-9EB1-E063-4704A8C09D02},210000,2024-04-25 00:00,CF24 2ES,T,N,F,24,,SINGLETON ROAD,,CARDIFF,CARDIFF,CARDIFF,A,A
{2859C1AC-31F0-52B4-E063-4804A8C05948},345000,2024-06-07 00:00,L15 7LE,S,N,F,25,,WAVERTREE NOOK ROAD,,LIVERPOOL,LIVERPOOL,MERSEYSIDE,A,A
{2859C1AC-31F8-52B4-E063-4804A8C05948},285000,2024-11-14 00:00,L15 4JD,S,N,F,14,,SANDOWN ROAD,WAVERTREE,LIVERPOOL,LIVERPOOL,MERSEYSIDE,A,A
{1EAE3DF7-1CD0-9EB1-E063-4704A8C09D02},213500,2024-06-13 00:00,CF24 2NJ,T,N,F,240,,RAILWAY STREET,,CARDIFF,CARDIFF,CARDIFF,A,A
{1EAE3DF7-1CDD-9EB1-E063-4704A8C09D02},265000,2024-03-06 00:00,CF24 2QY,T,N,F,21,,TWEEDSMUIR ROAD,,CARDIFF,CARDIFF,CARDIFF,A,A
{1EAE3DF7-2091-9EB1-E063-4704A8C09D02},200000,2024-03-28 00:00,CF24 2SE,S,N,F,17,,BECKGROVE CLOSE,,CARDIFF,CARDIFF,CARDIFF,A,A
{1EAE3DF7-1CFC-9EB1-E063-4704A8C09D02},234950,2024-03-21 00:00,CF24 3JU,T,N,F,133,,KEPPOCH STREET,,CARDIFF,CARDIFF,CARDIFF,A,A
{1EAE3DF7-1DFD-9EB1-E063-4704A8C09D02},220000,2024-06-13 00:00,CF24 0HJ,T,N,F,51,,CONSTELLATION STREET,,CARDIFF,CARDIFF,CARDIFF,A,A
{1EAE3DF7-1DFE-9EB1-E063-4704A8C09D02},263500,2024-03-28 00:00,CF24 2LG,T,N,F,105,,MOORLAND ROAD,,CARDIFF,CARDIFF,CARDIFF,A,A
{1EAE3DF7-1E14-9EB1-E063-4704A8C09D02},256000,2024-02-29 00:00,CF24 4PG,T,N,F,27,,SPENCER STREET,,CARDIFF,CARDIFF,CARDIFF,A,A
{1EAE3DF7-1F34-9EB1-E063-4704A8C09D02},280280,2024-07-10 00:00,CF24 2NN,T,N,F,48,,COVENY STREET,,CARDIFF,CARDIFF,CARDIFF,A,A
{1EAE3DF7-2195-9EB1-E063-4704A8C09D02},250000,2024-05-30 00:00,CF24 2NX,T,N,F,1,,CAMERON STREET,,CARDIFF,CARDIFF,CARDIFF,A,A
{1EAE3DF7-1D0F-9EB1-E063-4704A8C09D02},228000,2024-06-06 00:00,CF24 3HW,T,N,F,15,,KINCRAIG STREET,,CARDIFF,CARDIFF,CARDIFF,A,A
{1EAE3DF7-1D11-9EB1-E063-4704A8C09D02},180000,2024-06-28 00:00,CF24 2TE,S,N,F,69,,MERCIA ROAD,,CARDIFF,CARDIFF,CARDIFF,A,A
{1EAE3DF7-1F66-9EB1-E063-4704A8C09D02},220000,2024-03-19 00:00,CF24 2PG,T,N,F,122,,CARLISLE STREET,,CARDIFF,CARDIFF,CARDIFF,A,A
{2859C1AC-253D-52B4-E063-4804A8C05948},152000,2024-11-05 00:00,M14 4RT,T,N,L,144,FLAT 1,CLAREMONT ROAD,,MANCHESTER,MANCHESTER,GREATER MANCHESTER,B,A
{1EAE3DF7-1F67-9EB1-E063-4704A8C09D02},226000,2024-02-29 00:00,CF24 1QN,T,N,F,3,,BOOKER STREET,,CARDIFF,CARDIFF,CARDIFF,A,A
{1EAE3DF7-1D3C-9EB1-E063-4704A8C09D02},271000,2024-06-14 00:00,CF24 2JS,T,N,F,42,,EYRE STREET,,CARDIFF,CARDIFF,CARDIFF,A,A
{1EAE3DF7-1E46-9EB1-E063-4704A8C09D02},245000,2024-03-04 00:00,CF24 2PG,T,N,F,158,,CARLISLE STREET,,CARDIFF,CARDIFF,CARDIFF,A,A
{2859C1AC-2FB7-52B4-E063-4804A8C05948},307000,2024-10-16 00:00,L15 6UN,S,N,F,21,,MOSS PITS LANE,WAVERTREE,LIVERPOOL,LIVERPOOL,MERSEYSIDE,A,A
{1EAE3DF7-1F7A-9EB1-E063-4704A8C09D02},220000,2024-06-20 00:00,CF24 1QB,T,N,F,56,,EMERALD STREET,,CARDIFF,CARDIFF,CARDIFF,A,A
{1EAE3DF7-1D94-9EB1-E063-4704A8C09D02},500000,2024-05-17 00:00,CF24 3AE,T,N,F,9,,EAST GROVE,,CARDIFF,CARDIFF,CARDIFF,A,A
{1EAE3DF7-1EA2-9EB1-E063-4704A8C09D02},265000,2024-02-28 00:00,CF24 4LF,T,N,F,78,,BRITHDIR STREET,,CARDIFF,CARDIFF,CARDIFF,A,A
{1EAE3DF7-210E-9EB1-E063-4704A8C09D02},236000,2024-03-22 00:00,CF24 0LG,T,N,F,20,,SILVER STREET,,CARDIFF,CARDIFF,CARDIFF,A,A
{1EAE3DF7-210F-9EB1-E063-4704A8C09D02},271000,2024-02-28 00:00,CF24 3LA,T,N,F,146,,GLENROY STREET,,CARDIFF,CARDIFF,CARDIFF,A,A
{2859C1AC-2FF4-52B4-E063-4804A8C05948},115000,2024-10-02 00:00,L15 0HU,T,N,F,44,,WHITMAN STREET,,LIVERPOOL,LIVERPOOL,MERSEYSIDE,A,A
{1775CCF7-B3AB-38BA-E063-4704A8C05A7C},208000,2024-01-04 00:00,CF24 1NZ,T,N,F,3,,HAROLD STREET,,CARDIFF,CARDIFF,CARDIFF,A,A
{1EAE3DF7-1825-9EB1-E063-4704A8C09D02},88000,2024-05-10 00:00,NE6 4RE,F,N,L,64,,SUTTON STREET,,NEWCASTLE UPON TYNE,NEWCASTLE UPON TYNE,TYNE AND WEAR,A,A
{1EAE3DF7-182A-9EB1-E063-4704A8C09D02},280000,2024-06-28 00:00,NE6 5XX,T,N,F,10,,NINTH AVENUE,,NEWCASTLE UPON TYNE,NEWCASTLE UPON TYNE,TYNE AND WEAR,A,A
{1EAE3DF7-2020-9EB1-E063-4704A8C09D02},349000,2024-06-07 00:00,CF24 4RY,T,N,F,225,,INVERNESS PLACE,,CARDIFF,CARDIFF,CARDIFF,A,A
{2859C1AC-37F4-52B4-E063-4804A8C05948},152000,2024-07-05 00:00,NE6 4HN,S,N,L,58,,CALDERDALE AVENUE,,NEWCASTLE UPON TYNE,NEWCASTLE UPON TYNE,TYNE AND WEAR,A,A
{1775CCF7-B3F6-38BA-E063-4704A8C05A7C},242000,2024-04-05 00:00,CF24 0LG,T,N,F,6,,SILVER STREET,,CARDIFF,CARDIFF,CARDIFF,A,A
{1775CCF7-B41E-38BA-E063-4704A8C05A7C},247500,2024-01-04 00:00,CF24 3HA,T,N,F,32,,UPPER KINCRAIG STREET,ROATH,CARDIFF,CARDIFF,CARDIFF,A,A
{1EAE3DF7-1835-9EB1-E063-4704A8C09D02},90000,2024-04-17 00:00,NE6 3LX,T,N,F,22,,BRAMPTON AVENUE,,NEWCASTLE UPON TYNE,NEWCASTLE UPON TYNE,TYNE AND WEAR,A,A
{1EAE3DF7-1838-9EB1-E063-4704A8C09D02},304000,2024-06-28 00:00,NE6 4PT,D,N,F,4,,ELMWOOD CRESCENT,,NEWCASTLE UPON TYNE,NEWCASTLE UPON TYNE,TYNE AND WEAR,A,A
{1EAE3DF7-1922-9EB1-E063-4704A8C09D02},169000,2024-06-21 00:00,NE6 3SU,S,N,F,14,,POTTERY BANK,WALKER,NEWCASTLE UPON TYNE,NEWCASTLE UPON TYNE,TYNE AND WEAR,A,A
{1EAE3DF6-C532-9EB1-E063-4704A8C09D02},125000,2024-06-03 00:00,NE6 3BH,S,N,F,15,,MELTON AVENUE,,NEWCASTLE UPON TYNE,NEWCASTLE UPON TYNE,TYNE AND WEAR,A,A
{1EAE3DF7-186E-9EB1-E063-4704A8C09D02},100000,2024-07-04 00:00,NE6 5BJ,F,N,L,46,FLAT 3,CHILLINGHAM ROAD,,NEWCASTLE UPON TYNE,NEWCASTLE UPON TYNE,TYNE AND WEAR,A,A
{1EAE3DF7-1875-9EB1-E063-4704A8C09D02},88000,2024-02-20 00:00,NE6 5XT,F,N,L,91,,SECOND AVENUE,,NEWCASTLE UPON TYNE,NEWCASTLE UPON TYNE,TYNE AND WEAR,A,A
{1EAE3DF7-187C-9EB1-E063-4704A8C09D02},49000,2024-06-27 00:00,NE6 4DS,F,N,L,10,,EASTBOURNE AVENUE,,NEWCASTLE UPON TYNE,NEWCASTLE UPON TYNE,TYNE AND WEAR,A,A
{1EAE3DF7-1958-9EB1-E063-4704A8C09D02},152000,2024-02-22 00:00,NE6 5DS,F,N,L,316,,SIMONSIDE TERRACE,,NEWCASTLE UPON TYNE,NEWCASTLE UPON TYNE,TYNE AND WEAR,A,A
{1EAE3DF7-1B92-9EB1-E063-4704A8C09D02},282000,2024-06-03 00:00,CF24 4QL,S,N,F,43,,DOGFIELD STREET,,CARDIFF,CARDIFF,CARDIFF,A,A
{1EAE3DF7-1BA8-9EB1-E063-4704A8C09D02},270000,2024-02-09 00:00,CF24 2JN,T,N,F,4,,FARMVILLE ROAD,,CARDIFF,CARDIFF,CARDIFF,A,A
{1EAE3DF7-1752-9EB1-E063-4704A8C09D02},422500,2024-03-08 00:00,NE6 5RN,T,N,F,15,,IVYMOUNT ROAD,,NEWCASTLE UPON TYNE,NEWCASTLE UPON TYNE,TYNE AND WEAR,A,A
{1EAE3DF7-1755-9EB1-E063-4704A8C09D02},408000,2024-02-21 00:00,NE6 5RL,S,N,F,28,,BROXHOLM ROAD,,NEWCASTLE UPON TYNE,NEWCASTLE UPON TYNE,TYNE AND WEAR,A,A
{1EAE3DF6-C6CD-9EB1-E063-4704A8C09D02},100000,2024-05-30 00:00,NE6 2RQ,S,N,F,398,,GRACE STREET,,NEWCASTLE UPON TYNE,NEWCASTLE UPON TYNE,TYNE AND WEAR,A,A
{1EAE3DF6-C6D9-9EB1-E063-4704A8C09D02},245000,2024-06-18 00:00,NE6 4SQ,T,N,F,1020,,SHIELDS ROAD,,NEWCASTLE UPON TYNE,NEWCASTLE UPON TYNE,TYNE AND WEAR,A,A
{1EAE3DF7-175F-9EB1-E063-4704A8C09D02},145000,2024-03-08 00:00,NE6 4YA,S,N,F,35,,SELBY GARDENS,,NEWCASTLE UPON TYNE,NEWCASTLE UPON TYNE,TYNE AND WEAR,A,A
{2859C1AC-2811-52B4-E063-4804A8C05948},276500,2024-09-26 00:00,M1 3AX,F,N,L,"CALICO BUILDING, 46",FLAT 301,WHITWORTH STREET,,MANCHESTER,MANCHESTER,GREATER MANCHESTER,A,A
{2859C1AC-2FFD-52B4-E063-4804A8C05948},240000,2024-10-23 00:00,L15 5BW,T,N,F,14,,FALLOWFIELD ROAD,,LIVERPOOL,LIVERPOOL,MERSEYSIDE,A,A
{1A0C5C63-79D4-7CBE-E063-4804A8C06C96},260000,2024-01-26 00:00,L15 8NA,S,N,F,4,,THORLEY CLOSE,,LIVERPOOL,LIVERPOOL,MERSEYSIDE,A,A
{1EAE3DF7-1BC1-9EB1-E063-4704A8C09D02},325000,2024-03-20 00:00,CF24 4RB,T,N,F,13,,CLUN TERRACE,,CARDIFF,CARDIFF,CARDIFF,A,A
{1EAE3DF7-1BC3-9EB1-E063-4704A8C09D02},335000,2024-05-02 00:00,CF24 4JX,T,N,F,26,,PENTYRCH STREET,,CARDIFF,CARDIFF,CARDIFF,A,A
{1EAE3DF7-1BCC-9EB1-E063-4704A8C09D02},235000,2024-06-24 00:00,CF24 2RR,S,N,F,13,,PENGAM ROAD,,CARDIFF,CARDIFF,CARDIFF,A,A
{1EAE3DF7-1778-9EB1-E063-4704A8C09D02},229000,2024-06-14 00:00,NE6 5PH,F,N,L,45,,BOLINGBROKE STREET,,NEWCASTLE UPON TYNE,NEWCASTLE UPON TYNE,TYNE AND WEAR,A,A
{2859C1AC-325A-52B4-E063-4804A8C05948},350000,2024-11-08 00:00,L15 8GB,D,N,F,41,,EDGEWELL DRIVE,,LIVERPOOL,LIVERPOOL,MERSEYSIDE,A,A
{2859C1AC-3264-52B4-E063-4804A8C05948},252500,2024-07-19 00:00,L15 8GB,S,N,F,37,,EDGEWELL DRIVE,,LIVERPOOL,LIVERPOOL,MERSEYSIDE,A,A
{2859C1AC-326A-52B4-E063-4804A8C05948},245000,2024-11-22 00:00,L15 6WA,S,N,L,65,,CHARNLEY DRIVE,WAVERTREE,LIVERPOOL,LIVERPOOL,MERSEYSIDE,A,A
{2859C1AC-380F-52B4-E063-4804A8C05948},147000,2024-03-04 00:00,NE6 4HB,T,N,F,5,,MEAD WALK,,NEWCASTLE UPON TYNE,NEWCASTLE UPON TYNE,TYNE AND WEAR,A,A
{1EAE3DF7-17B1-9EB1-E063-4704A8C09D02},115000,2024-07-01 00:00,NE6 5DS,F,N,L,283,,SIMONSIDE TERRACE,,NEWCASTLE UPON TYNE,NEWCASTLE UPON TYNE,TYNE AND WEAR,A,A
{1A0C5C63-79F4-7CBE-E063-4804A8C06C96},332000,2024-01-19 00:00,L15 8AL,S,N,F,20,,SWAN CRESCENT,,LIVERPOOL,LIVERPOOL,MERSEYSIDE,A,A
{1A0C5C63-7596-7CBE-E063-4804A8C06C96},230000,2024-05-03 00:00,M1 2EH,F,N,L,36,407,HILTON STREET,,MANCHESTER,MANCHESTER,GREATER MANCHESTER,A,A
{1A0C5C63-75A9-7CBE-E063-4804A8C06C96},178000,2024-02-09 00:00,M1 2HS,F,N,L,57,0.19,DALE STREET,,MANCHESTER,MANCHESTER,GREATER MANCHESTER,A,A
{1EAE3DF7-1B45-9EB1-E063-4704A8C09D02},220000,2024-06-20 00:00,CF24 4HD,T,N,F,8,,WHITCHURCH PLACE,,CARDIFF,CARDIFF,CARDIFF,A,A
{1EAE3DF7-1B50-9EB1-E063-4704A8C09D02},325000,2024-07-23 00:00,CF24 2JN,T,N,F,14,,FARMVILLE ROAD,,CARDIFF,CARDIFF,CARDIFF,A,A
{1EAE3DF7-1B58-9EB1-E063-4704A8C09D02},245000,2024-07-31 00:00,CF24 3EX,T,N,F,130,,COTTRELL ROAD,ROATH,CARDIFF,CARDIFF,CARDIFF,A,A
{1EAE3DF7-1B5B-9EB1-E063-4704A8C09D02},190000,2024-05-17 00:00,CF24 2JN,T,N,F,1,,FARMVILLE ROAD,,CARDIFF,CARDIFF,CARDIFF,A,A
{1EAE3DF7-1C05-9EB1-E063-4704A8C09D02},275000,2024-06-21 00:00,CF24 3HA,T,N,F,24,,UPPER KINCRAIG STREET,ROATH,CARDIFF,CARDIFF,CARDIFF,A,A
{1EAE3DF7-1C15-9EB1-E063-4704A8C09D02},195000,2024-02-16 00:00,CF24 4JN,T,N,F,23,,TREHERBERT STREET,,CARDIFF,CARDIFF,CARDIFF,A,A
{1A0C5C63-7A2F-7CBE-E063-4804A8C06C96},212500,2024-04-12 00:00,L15 4PP,S,N,F,14,,BONCHURCH DRIVE,,LIVERPOOL,LIVERPOOL,MERSEYSIDE,A,A
{1A0C5C63-7A39-7CBE-E063-4804A8C06C96},265000,2024-05-03 00:00,L15 9ET,S,N,F,18,,GRANTLEY ROAD,,LIVERPOOL,LIVERPOOL,MERSEYSIDE,A,A
{1EAE3DF7-17C4-9EB1-E063-4704A8C09D02},165000,2024-06-28 00:00,NE6 5TY,F,N,L,233,,ADDYCOMBE TERRACE,,NEWCASTLE UPON TYNE,NEWCASTLE UPON TYNE,TYNE AND WEAR,A,A
{1EAE3DF7-17CA-9EB1-E063-4704A8C09D02},180000,2024-06-21 00:00,NE6 5BY,F,N,L,31,,SPENCER STREET,,NEWCASTLE UPON TYNE,NEWCASTLE UPON TYNE,TYNE AND WEAR,A,A
{1A0C5C63-7A5D-7CBE-E063-4804A8C06C96},160000,2024-04-19 00:00,L15 2HZ,T,N,F,136,,CRANBORNE ROAD,,LIVERPOOL,LIVERPOOL,MERSEYSIDE,A,A
{1A0C5C63-7AA7-7CBE-E063-4804A8C06C96},210000,2024-04-19 00:00,L15 8LZ,S,N,F,15,,VICTORIA COURT,WAVERTREE,LIVERPOOL,LIVERPOOL,MERSEYSIDE,A,A
{1A0C5C63-7AC1-7CBE-E063-4804A8C06C96},190000,2024-01-19 00:00,L15 7JW,S,N,F,116,,WALDGRAVE ROAD,,LIVERPOOL,LIVERPOOL,MERSEYSIDE,A,A
{1A0C5C63-7AE6-7CBE-E063-4804A8C06C96},200000,2024-01-18 00:00,L15 8GE,T,N,L,53,,THINGWALL ROAD,,LIVERPOOL,LIVERPOOL,MERSEYSIDE,A,A
{1A0C5C63-7B04-7CBE-E063-4804A8C06C96},172000,2024-04-10 00:00,L15 9EJ,F,N,L,40,,SPRINGHILL COURT,,LIVERPOOL,LIVERPOOL,MERSEYSIDE,A,A
{1A0C5C63-7FF9-7CBE-E063-4804A8C06C96},128000,2024-04-26 00:00,NE6 2DB,T,N,F,191,,AYTON STREET,,NEWCASTLE UPON TYNE,NEWCASTLE UPON TYNE,TYNE AND WEAR,A,A
{1A0C5C63-7950-7CBE-E063-4804A8C06C96},775000,2024-03-05 00:00,L15 9HH,D,N,F,2,,BRISTOL ROAD,WAVERTREE,LIVERPOOL,LIVERPOOL,MERSEYSIDE,A,A
{1A0C5C63-61D8-7CBE-E063-4804A8C06C96},65000,2024-05-17 00:00,L15 2JE,T,N,F,12,,BRITANNIA AVENUE,,LIVERPOOL,LIVERPOOL,MERSEYSIDE,A,A
{1775CCF8-0C66-38BA-E063-4704A8C05A7C},290000,2024-01-10 00:00,LS6 1BA,T,N,F,56,,CHESTNUT AVENUE,HEADINGLEY,LEEDS,LEEDS,WEST YORKSHIRE,B,A
{1775CCF8-0C7B-38BA-E063-4704A8C05A7C},112000,2024-03-27 00:00,LS6 3LT,T,N,F,56,,WOODBRIDGE VALE,,LEEDS,LEEDS,WEST YORKSHIRE,B,A
{1775CCF8-0CC1-38BA-E063-4704A8C05A7C},375000,2024-02-14 00:00,LS6 1DP,O,N,F,45,,HEADINGLEY LANE,,LEEDS,LEEDS,WEST YORKSHIRE,B,A
{1775CCF8-0CC4-38BA-E063-4704A8C05A7C},720000,2024-01-04 00:00,LS6 1AP,O,N,F,41B,,MOORLAND AVENUE,,LEEDS,LEEDS,WEST YORKSHIRE,B,A
{1775CCF8-0BB3-38BA-E063-4704A8C05A7C},275000,2024-02-19 00:00,LS6 1NE,T,N,F,25,,MAYVILLE PLACE,,LEEDS,LEEDS,WEST YORKSHIRE,B,A
{1A0C5C63-6266-7CBE-E063-4804A8C06C96},170000,2024-04-25 00:00,M14 7JW,T,N,F,3,,LAUREL AVENUE,,MANCHESTER,MANCHESTER,GREATER MANCHESTER,A,A
{1A0C5C63-6275-7CBE-E063-4804A8C06C96},200000,2024-04-30 00:00,M14 7QF,T,N,F,212,,HORTON ROAD,,MANCHESTER,MANCHESTER,GREATER MANCHESTER,A,A
{1775CCF8-0C08-38BA-E063-4704A8C05A7C},127000,2024-04-09 00:00,LS6 2BR,F,N,L,7A,FLAT 2,NORTH GRANGE ROAD,,LEEDS,LEEDS,WEST YORKSHIRE,B,A
{1775CCF8-0D55-38BA-E063-4704A8C05A7C},260500,2024-04-02 00:00,LS6 1AY,T,N,F,40,,ASH GROVE,,LEEDS,LEEDS,WEST YORKSHIRE,B,A
{1A0C5C63-62A3-7CBE-E063-4804A8C06C96},80000,2024-04-26 00:00,L15 4HP,T,N,F,1,,MINDALE ROAD,WAVERTREE,LIVERPOOL,LIVERPOOL,MERSEYSIDE,A,A
{1A0C5C63-488D-7CBE-E063-4804A8C06C96},260000,2024-01-10 00:00,M1 1HE,F,N,L,"KINGSLEY HOUSE, 15",FLAT 7,NEWTON STREET,,MANCHESTER,MANCHESTER,GREATER MANCHESTER,A,A
{1A0C5C63-4615-7CBE-E063-4804A8C06C96},120000,2024-01-15 00:00,M14 7HZ,T,N,F,29,,DRIFFIELD STREET,,MANCHESTER,MANCHESTER,GREATER MANCHESTER,A,A
{1A0C5C63-48A6-7CBE-E063-4804A8C06C96},260000,2024-01-12 00:00,M1 3WS,F,N,L,"WHITWORTH HOUSE, 53",FLAT 23,WHITWORTH STREET,,MANCHESTER,MANCHESTER,GREATER MANCHESTER,A,A
{1A0C5C63-48BD-7CBE-E063-4804A8C06C96},192000,2024-01-26 00:00,M14 7WS,T,N,F,166,,THORNTON ROAD,,MANCHESTER,MANCHESTER,GREATER MANCHESTER,A,A
{1A0C5C63-48D3-7CBE-E063-4804A8C06C96},192500,2024-04-30 00:00,M1 3LR,F,N,L,63,FLAT 202,BLOOM STREET,,MANCHESTER,MANCHESTER,GREATER MANCHESTER,A,A
{1A0C5C63-48F0-7CBE-E063-4804A8C06C96},160000,2024-05-07 00:00,M1 3HW,F,N,L,"LEXINGTON, 42",FLAT 8,CHORLTON STREET,,MANCHESTER,MANCHESTER,GREATER MANCHESTER,A,A
{1A0C5C63-46F7-7CBE-E063-4804A8C06C96},196000,2024-04-29 00:00,M14 7BP,T,N,F,15,,BROCKLEY AVENUE,,MANCHESTER,MANCHESTER,GREATER MANCHESTER,A,A
{1A0C5C63-49A2-7CBE-E063-4804A8C06C96},265000,2024-02-15 00:00,M14 7BD,S,N,F,95,,YEW TREE ROAD,,MANCHESTER,MANCHESTER,GREATER MANCHESTER,A,A
{1A0C5C63-47A6-7CBE-E063-4804A8C06C96},120000,2024-05-10 00:00,M14 5GR,F,N,L,65A,,LONGFORD PLACE,,MANCHESTER,MANCHESTER,GREATER MANCHESTER,A,A
{1EAE3DF6-A1A7-9EB1-E063-4704A8C09D02},257875,2024-07-01 00:00,M14 6PY,T,N,F,130,,BRAILSFORD ROAD,,MANCHESTER,MANCHESTER,GREATER MANCHESTER,A,A
{1EAE3DF6-A1AB-9EB1-E063-4704A8C09D02},190000,2024-05-31 00:00,M14 4UE,T,N,F,59,,CAYTHORPE STREET,,MANCHESTER,MANCHESTER,GREATER MANCHESTER,A,A
{1EAE3DF6-A28C-9EB1-E063-4704A8C09D02},180000,2024-03-14 00:00,L15 3JE,T,N,F,12,,BROOKDALE ROAD,,LIVERPOOL,LIVERPOOL,MERSEYSIDE,A,A
{1A0C5C63-4832-7CBE-E063-4804A8C06C96},250100,2024-04-08 00:00,M14 7DR,S,N,F,76,,WILBRAHAM ROAD,,MANCHESTER,MANCHESTER,GREATER MANCHESTER,A,A
{1775CCF7-CC00-38BA-E063-4704A8C05A7C},457700,2024-01-09 00:00,LS6 4PP,S,N,F,72,,PARKLAND DRIVE,MEANWOOD,LEEDS,LEEDS,WEST YORKSHIRE,A,A
{1775CCF7-CD35-38BA-E063-4704A8C05A7C},140000,2024-02-09 00:00,LS6 1WD,F,N,L,"GARDENHURST, 45",FLAT 16,CARDIGAN ROAD,,LEEDS,LEEDS,WEST YORKSHIRE,A,A
{1775CCF7-D38B-38BA-E063-4704A8C05A7C},130000,2024-03-22 00:00,LS6 4AE,F,N,L,25,,GROVE COURT,,LEEDS,LEEDS,WEST YORKSHIRE,A,A
{1EAE3DF6-A573-9EB1-E063-4704A8C09D02},230000,2024-03-01 00:00,M14 7JX,T,N,F,53,,PARKSIDE ROAD,,MANCHESTER,MANCHESTER,GREATER MANCHESTER,A,A
{1775CCF7-D042-38BA-E063-4704A8C05A7C},288000,2024-04-15 00:00,LS6 4HW,S,N,F,4,,MONK BRIDGE TERRACE,,LEEDS,LEEDS,WEST YORKSHIRE,A,A
{1775CCF7-D047-38BA-E063-4704A8C05A7C},200000,2024-03-22 00:00,LS6 2HS,T,N,F,1,,DELPH MOUNT,,LEEDS,LEEDS,WEST YORKSHIRE,A,A
{1775CCF7-D04A-38BA-E063-4704A8C05A7C},384995,2024-04-05 00:00,LS6 4JT,S,N,F,101,,CHURCH AVENUE,,LEEDS,LEEDS,WEST YORKSHIRE,A,A
{1775CCF7-D085-38BA-E063-4704A8C05A7C},248000,2024-03-25 00:00,LS6 1FH,F,N,L,"THE OLD SCHOOL HOUSE, 5",FLAT 33,VICTORIA GARDENS,HYDE PARK,LEEDS,LEEDS,WEST YORKSHIRE,A,A
{1775CCF7-D0A3-38BA-E063-4704A8C05A7C},425000,2024-03-21 00:00,LS6 1FH,T,N,F,21,,VICTORIA GARDENS,HYDE PARK,LEEDS,LEEDS,WEST YORKSHIRE,A,A
{1EAE3DF6-A79F-9EB1-E063-4704A8C09D02},135000,2024-06-06 00:00,M14 4BE,T,N,L,31,,BRUNT STREET,,MANCHESTER,MANCHESTER,GREATER MANCHESTER,A,A
{1775CCF7-DDCC-38BA-E063-4704A8C05A7C},95000,2024-04-05 00:00,CF24 3QE,F,N,L,"FLAT 1, 132",,CLAUDE ROAD,,CARDIFF,CARDIFF,CARDIFF,B,A
{1775CCF7-DDD3-38BA-E063-4704A8C05A7C},100000,2024-04-05 00:00,CF24 3QE,F,N,L,132,FLAT 4,CLAUDE ROAD,,CARDIFF,CARDIFF,CARDIFF,B,A
{1775CCF7-DDDB-38BA-E063-4704A8C05A7C},85000,2024-04-05 00:00,CF24 3QE,F,N,L,132,FLAT 3,CLAUDE ROAD,,CARDIFF,CARDIFF,CARDIFF,B,A
{1775CCF7-DDE8-38BA-E063-4704A8C05A7C},105000,2024-04-05 00:00,CF24 3QE,F,N,L,132,FLAT 5,CLAUDE ROAD,,CARDIFF,CARDIFF,CARDIFF,B,A
{1775CCF7-C8BA-38BA-E063-4704A8C05A7C},180000,2024-01-19 00:00,LS6 1PL,T,N,F,49,,HAROLD STREET,,LEEDS,LEEDS,WEST YORKSHIRE,A,A
{1EAE3DF6-A2B9-9EB1-E063-4704A8C09D02},140000,2024-05-30 00:00,L15 8LE,T,N,L,17,,MILLSTEAD ROAD,,LIVERPOOL,LIVERPOOL,MERSEYSIDE,A,A
{1EAE3DF6-A2DE-9EB1-E063-4704A8C09D02},159000,2024-06-19 00:00,M14 6HY,F,N,L,APPLEBY LODGE,FLAT 65,WILMSLOW ROAD,,MANCHESTER,MANCHESTER,GREATER MANCHESTER,A,A
{1775CCF7-C907-38BA-E063-4704A8C05A7C},415000,2024-03-25 00:00,LS6 4JX,S,N,F,19,,CHURCH AVENUE,,LEEDS,LEEDS,WEST YORKSHIRE,A,A
{1EAE3DF6-A2EC-9EB1-E063-4704A8C09D02},192500,2024-06-21 00:00,M14 7QA,T,N,F,31,,BROMPTON ROAD,,MANCHESTER,MANCHESTER,GREATER MANCHESTER,A,A
{1EAE3DF6-A2F3-9EB1-E063-4704A8C09D02},210000,2024-06-28 00:00,M14 6TQ,T,N,F,45,,RUFUS STREET,,MANCHESTER,MANCHESTER,GREATER MANCHESTER,A,A
{1EAE3DF6-A24C-9EB1-E063-4704A8C09D02},245000,2024-05-24 00:00,L15 6UX,T,N,F,54,,CHILDWALL ROAD,,LIVERPOOL,LIVERPOOL,MERSEYSIDE,A,A
{1775CCF7-CC70-38BA-E063-4704A8C05A7C},530000,2024-01-11 00:00,LS6 2AZ,T,N,F,12,,WOODLAND PARK ROAD,,LEEDS,LEEDS,WEST YORKSHIRE,A,A
{1775CCF7-CC73-38BA-E063-4704A8C05A7C},490000,2024-03-28 00:00,LS6 4SQ,D,N,F,24,,WOODLEA DRIVE,MEANWOOD,LEEDS,LEEDS,WEST YORKSHIRE,A,A
{1775CCF7-CC9E-38BA-E063-4704A8C05A7C},330000,2024-04-05 00:00,LS6 4LY,S,N,F,49,,PARKSIDE ROAD,MEANWOOD,LEEDS,LEEDS,WEST YORKSHIRE,A,A
{1775CCF7-CD8F-38BA-E063-4704A8C05A7C},240000,2024-01-05 00:00,LS6 2AB,F,N,L,LINFIELD,FLAT 8,GROVE ROAD,HEADINGLEY,LEEDS,LEEDS,WEST YORKSHIRE,A,A
{1775CCF7-CD96-38BA-E063-4704A8C05A7C},318825,2024-01-11 00:00,LS6 3JD,T,N,F,20,,ASH TERRACE,,LEEDS,LEEDS,WEST YORKSHIRE,A,A
{1775CCF7-CB97-38BA-E063-4704A8C05A7C},283000,2024-04-05 00:00,LS6 4LR,D,N,F,2,,SUNSET VIEW,,LEEDS,LEEDS,WEST YORKSHIRE,A,A
{1775CCF7-F381-38BA-E063-4704A8C05A7C},125000,2024-04-26 00:00,L15 3HX,T,N,F,84,,GAINSBOROUGH ROAD,,LIVERPOOL,LIVERPOOL,MERSEYSIDE,B,A
{1775CCF7-F89B-38BA-E063-4704A8C05A7C},135000,2024-03-20 00:00,NG7 3DH,T,N,F,149,,FORSTER STREET,,NOTTINGHAM,CITY OF NOTTINGHAM,CITY OF NOTTINGHAM,B,A
{1775CCF7-F8C7-38BA-E063-4704A8C05A7C},405000,2024-04-05 00:00,NG7 1FZ,T,N,F,2,,KENILWORTH COURT,,NOTTINGHAM,CITY OF NOTTINGHAM,CITY OF NOTTINGHAM,B,A
{1775CCF7-F8CD-38BA-E063-4704A8C05A7C},576250,2024-03-19 00:00,NG7 4DP,T,N,F,23,,ALL SAINTS STREET,,NOTTINGHAM,CITY OF NOTTINGHAM,CITY OF NOTTINGHAM,B,A
{1775CCF7-F8E1-38BA-E063-4704A8C05A7C},425000,2024-02-23 00:00,NG7 4DA,T,N,F,37,,RALEIGH STREET,,NOTTINGHAM,CITY OF NOTTINGHAM,CITY OF NOTTINGHAM,B,A
{1775CCF7-F8EC-38BA-E063-4704A8C05A7C},280000,2024-04-08 00:00,NG7 2LF,T,N,F,98,,DUNKIRK ROAD,,NOTTINGHAM,CITY OF NOTTINGHAM,CITY OF NOTTINGHAM,B,A
{1775CCF8-07D0-38BA-E063-4704A8C05A7C},100000,2024-04-09 00:00,CF24 2PR,T,N,F,9,,SKELMUIR ROAD,,CARDIFF,CARDIFF,CARDIFF,B,A
{1775CCF7-F8FC-38BA-E063-4704A8C05A7C},150000,2024-03-22 00:00,NG7 4DN,F,N,L,RALEIGH SQUARE,FLAT 4,RALEIGH STREET,,NOTTINGHAM,CITY OF NOTTINGHAM,CITY OF NOTTINGHAM,B,A
{1775CCF7-F936-38BA-E063-4704A8C05A7C},119000,2024-04-02 00:00,NG7 5GT,O,N,F,201,,RADFORD ROAD,,NOTTINGHAM,CITY OF NOTTINGHAM,CITY OF NOTTINGHAM,B,A
{1775CCF7-F93E-38BA-E063-4704A8C05A7C},82500,2024-04-04 00:00,NG7 6FY,T,N,F,13,,BELTON STREET,,NOTTINGHAM,CITY OF NOTTINGHAM,CITY OF NOTTINGHAM,B,A
{1775CCF8-0560-38BA-E063-4704A8C05A7C},122500,2024-01-15 00:00,NE6 3LH,O,N,L,4,,THE OVAL,WALKER,NEWCASTLE UPON TYNE,NEWCASTLE UPON TYNE,TYNE AND WEAR,B,A
{1775CCF8-05B2-38BA-E063-4704A8C05A7C},75000,2024-03-28 00:00,NE6 3AA,O,N,L,527,,WELBECK ROAD,,NEWCASTLE UPON TYNE,NEWCASTLE UPON TYNE,TYNE AND WEAR,B,A
{1775CCF8-060B-38BA-E063-4704A8C05A7C},122000,2024-03-28 00:00,NE6 5LU,F,N,L,49,,TREWHITT ROAD,,NEWCASTLE UPON TYNE,NEWCASTLE UPON TYNE,TYNE AND WEAR,B,A
{1775CCF8-06C3-38BA-E063-4704A8C05A7C},400000,2024-03-27 00:00,CF24 3QB,S,N,F,68,,CLAUDE ROAD,,CARDIFF,CARDIFF,CARDIFF,B,A
{1775CCF8-06E1-38BA-E063-4704A8C05A7C},260000,2024-04-23 00:00,CF24 4QB,T,N,F,8,,MALEFANT STREET,,CARDIFF,CARDIFF,CARDIFF,B,A
{1775CCF8-071E-38BA-E063-4704A8C05A7C},327500,2024-03-28 00:00,CF24 4HW,S,N,F,169,,CATHAYS TERRACE,,CARDIFF,CARDIFF,CARDIFF,B,A
{1775CCF7-F42C-38BA-E063-4704A8C05A7C},98000,2024-03-27 00:00,L15 4NF,T,N,F,34,,SOMERTON STREET,,LIVERPOOL,LIVERPOOL,MERSEYSIDE,B,A
{1775CCF7-F151-38BA-E063-4704A8C05A7C},170000,2024-03-14 00:00,M1 7AF,F,N,L,"MONTANA HOUSE, 136",APARTMENT 42,PRINCESS STREET,,MANCHESTER,MANCHESTER,GREATER MANCHESTER,B,A
{1A0C5C63-263F-7CBE-E063-4804A8C06C96},205000,2024-04-05 00:00,CF24 2RW,T,N,F,31,,DESSMUIR ROAD,,CARDIFF,CARDIFF,CARDIFF,A,A
